building_id,building_type,standard,env_flag,hvac_flag,dhw_flag,eem4_flag,scenario_tag,EUI_total_kWh_m2,EUI_heating_kWh_m2,EUI_cooling_kWh_m2,EUI_DHW_kWh_m2,EUI_lights_kWh_m2,EUI_equip_kWh_m2,EUI_fans_pumps_kWh_m2,PV_gen_kWh_m2,pv_track,n_severes,n_warnings,idf_path,output_path
RC-MR1,RC-MR1,CAN_MTL,0,0,0,0,EEM_J_DEFAULT,113.6344,21.6226,8.4987,37.7626,5.0929,30.9992,7.7857,0,native,0,1253,c:\Users\o_iseri\Desktop\idf_reader\0_BEM_Setup\SimResults_neighbourhoods\option_9_j2_20260531_v1\CAN_MTL\RC-MR1\RC-MR1_EEM_J_DEFAULT_20260531_113053\RC-MR1_EEM_J_DEFAULT_20260531_113053.idf,c:\Users\o_iseri\Desktop\idf_reader\0_BEM_Setup\SimResults_neighbourhoods\option_9_j2_20260531_v1\CAN_MTL\RC-MR1\RC-MR1_EEM_J_DEFAULT_20260531_113053\results
RC-MR1,RC-MR1,CAN_MTL,1,0,0,0,EEM_J_ENVELOPE,100.522,7.3181,10.0583,37.3344,5.0929,30.9992,7.8464,74.6133,tier3,0,1347,c:\Users\o_iseri\Desktop\idf_reader\0_BEM_Setup\SimResults_neighbourhoods\option_9_j2_20260531_v1\CAN_MTL\RC-MR1\RC-MR1_EEM_J_ENVELOPE_20260531_113102\RC-MR1_EEM_J_ENVELOPE_20260531_113102.idf,c:\Users\o_iseri\Desktop\idf_reader\0_BEM_Setup\SimResults_neighbourhoods\option_9_j2_20260531_v1\CAN_MTL\RC-MR1\RC-MR1_EEM_J_ENVELOPE_20260531_113102\results
RC-MR1,RC-MR1,CAN_MTL,0,1,0,0,EEM_J_HVAC_ONLY,99.9977,6.5408,9.5196,37.7752,5.0929,30.9992,8.1974,74.6263,tier3,0,1442,c:\Users\o_iseri\Desktop\idf_reader\0_BEM_Setup\SimResults_neighbourhoods\option_9_j2_20260531_v1\CAN_MTL\RC-MR1\RC-MR1_EEM_J_HVAC_ONLY_20260531_113110\RC-MR1_EEM_J_HVAC_ONLY_20260531_113110.idf,c:\Users\o_iseri\Desktop\idf_reader\0_BEM_Setup\SimResults_neighbourhoods\option_9_j2_20260531_v1\CAN_MTL\RC-MR1\RC-MR1_EEM_J_HVAC_ONLY_20260531_113110\results
RC-MR1,RC-MR1,CAN_MTL,0,0,1,0,EEM_J_DHW_ONLY,91.41,21.9175,8.3398,15.386,5.0929,30.9992,7.8018,74.6263,tier3,32,2156,c:\Users\o_iseri\Desktop\idf_reader\0_BEM_Setup\SimResults_neighbourhoods\option_9_j2_20260531_v1\CAN_MTL\RC-MR1\RC-MR1_EEM_J_DHW_ONLY_20260531_113116\RC-MR1_EEM_J_DHW_ONLY_20260531_113116.idf,c:\Users\o_iseri\Desktop\idf_reader\0_BEM_Setup\SimResults_neighbourhoods\option_9_j2_20260531_v1\CAN_MTL\RC-MR1\RC-MR1_EEM_J_DHW_ONLY_20260531_113116\results
RC-MR1,RC-MR1,CAN_MTL,1,1,0,0,EEM_J_ENV_HVAC,96.6525,2.4097,11.1556,37.3453,5.0929,30.9992,7.7772,74.6133,tier3,0,1493,c:\Users\o_iseri\Desktop\idf_reader\0_BEM_Setup\SimResults_neighbourhoods\option_9_j2_20260531_v1\CAN_MTL\RC-MR1\RC-MR1_EEM_J_ENV_HVAC_20260531_113117\RC-MR1_EEM_J_ENV_HVAC_20260531_113117.idf,c:\Users\o_iseri\Desktop\idf_reader\0_BEM_Setup\SimResults_neighbourhoods\option_9_j2_20260531_v1\CAN_MTL\RC-MR1\RC-MR1_EEM_J_ENV_HVAC_20260531_113117\results
RC-MR1,RC-MR1,CAN_MTL,1,0,1,0,EEM_J_ENV_DHW,78.3511,7.4833,9.8573,15.2015,5.0929,30.9992,7.8442,74.6133,tier3,212,2260,c:\Users\o_iseri\Desktop\idf_reader\0_BEM_Setup\SimResults_neighbourhoods\option_9_j2_20260531_v1\CAN_MTL\RC-MR1\RC-MR1_EEM_J_ENV_DHW_20260531_113129\RC-MR1_EEM_J_ENV_DHW_20260531_113129.idf,c:\Users\o_iseri\Desktop\idf_reader\0_BEM_Setup\SimResults_neighbourhoods\option_9_j2_20260531_v1\CAN_MTL\RC-MR1\RC-MR1_EEM_J_ENV_DHW_20260531_113129\results
RC-MR1,RC-MR1,CAN_MTL,0,1,1,0,EEM_J_HVAC_DHW,77.5154,6.6007,9.3223,15.3855,5.0929,30.9992,8.2421,74.6263,tier3,16,2342,c:\Users\o_iseri\Desktop\idf_reader\0_BEM_Setup\SimResults_neighbourhoods\option_9_j2_20260531_v1\CAN_MTL\RC-MR1\RC-MR1_EEM_J_HVAC_DHW_20260531_113135\RC-MR1_EEM_J_HVAC_DHW_20260531_113135.idf,c:\Users\o_iseri\Desktop\idf_reader\0_BEM_Setup\SimResults_neighbourhoods\option_9_j2_20260531_v1\CAN_MTL\RC-MR1\RC-MR1_EEM_J_HVAC_DHW_20260531_113135\results
RC-MR1,RC-MR1,CAN_MTL,1,1,1,0,EEM_J_ENV_HVAC_DHW,74.3183,2.4375,10.9133,15.1978,5.0929,30.9992,7.8049,74.6133,tier3,155,2387,c:\Users\o_iseri\Desktop\idf_reader\0_BEM_Setup\SimResults_neighbourhoods\option_9_j2_20260531_v1\CAN_MTL\RC-MR1\RC-MR1_EEM_J_ENV_HVAC_DHW_20260531_113140\RC-MR1_EEM_J_ENV_HVAC_DHW_20260531_113140.idf,c:\Users\o_iseri\Desktop\idf_reader\0_BEM_Setup\SimResults_neighbourhoods\option_9_j2_20260531_v1\CAN_MTL\RC-MR1\RC-MR1_EEM_J_ENV_HVAC_DHW_20260531_113140\results
RC-MR1,RC-MR1,CAN_MTL,1,0,0,1,EEM_J_ENVELOPE_EEM4,84.9227,10.2137,7.7104,37.363,2.3442,18.4658,6.953,74.6133,tier3,0,1797,c:\Users\o_iseri\Desktop\idf_reader\0_BEM_Setup\SimResults_neighbourhoods\option_9_j2_20260531_v1\CAN_MTL\RC-MR1\RC-MR1_EEM_J_ENVELOPE_EEM4_20260531_113140\RC-MR1_EEM_J_ENVELOPE_EEM4_20260531_113140.idf,c:\Users\o_iseri\Desktop\idf_reader\0_BEM_Setup\SimResults_neighbourhoods\option_9_j2_20260531_v1\CAN_MTL\RC-MR1\RC-MR1_EEM_J_ENVELOPE_EEM4_20260531_113140\results
RC-MR1,RC-MR1,CAN_MTL,1,1,0,1,EEM_J_ENV_HVAC_EEM4,78.7087,3.0669,8.4546,37.371,2.3442,18.4658,7.1336,74.6133,tier3,0,1916,c:\Users\o_iseri\Desktop\idf_reader\0_BEM_Setup\SimResults_neighbourhoods\option_9_j2_20260531_v1\CAN_MTL\RC-MR1\RC-MR1_EEM_J_ENV_HVAC_EEM4_20260531_113145\RC-MR1_EEM_J_ENV_HVAC_EEM4_20260531_113145.idf,c:\Users\o_iseri\Desktop\idf_reader\0_BEM_Setup\SimResults_neighbourhoods\option_9_j2_20260531_v1\CAN_MTL\RC-MR1\RC-MR1_EEM_J_ENV_HVAC_EEM4_20260531_113145\results
RC-MR1,RC-MR1,CAN_MTL,1,0,1,1,EEM_J_ENV_DHW_EEM4,62.7998,10.4239,7.5272,15.2141,2.3442,18.4658,6.952,74.6133,tier3,22,2690,c:\Users\o_iseri\Desktop\idf_reader\0_BEM_Setup\SimResults_neighbourhoods\option_9_j2_20260531_v1\CAN_MTL\RC-MR1\RC-MR1_EEM_J_ENV_DHW_EEM4_20260531_113146\RC-MR1_EEM_J_ENV_DHW_EEM4_20260531_113146.idf,c:\Users\o_iseri\Desktop\idf_reader\0_BEM_Setup\SimResults_neighbourhoods\option_9_j2_20260531_v1\CAN_MTL\RC-MR1\RC-MR1_EEM_J_ENV_DHW_EEM4_20260531_113146\results
RC-MR1,RC-MR1,CAN_MTL,1,1,1,1,EEM_J_ENV_HVAC_DHW_EEM4,56.3728,3.1007,8.2137,15.2136,2.3442,18.4658,7.1621,74.6133,tier3,32,2809,c:\Users\o_iseri\Desktop\idf_reader\0_BEM_Setup\SimResults_neighbourhoods\option_9_j2_20260531_v1\CAN_MTL\RC-MR1\RC-MR1_EEM_J_ENV_HVAC_DHW_EEM4_20260531_113150\RC-MR1_EEM_J_ENV_HVAC_DHW_EEM4_20260531_113150.idf,c:\Users\o_iseri\Desktop\idf_reader\0_BEM_Setup\SimResults_neighbourhoods\option_9_j2_20260531_v1\CAN_MTL\RC-MR1\RC-MR1_EEM_J_ENV_HVAC_DHW_EEM4_20260531_113150\results
RC-MR2,RC-MR2,CAN_MTL,0,0,0,0,EEM_J_DEFAULT,107.0193,20.6535,8.29,43.6002,4.7934,19.3399,8.1037,0,native,0,7626,c:\Users\o_iseri\Desktop\idf_reader\0_BEM_Setup\SimResults_neighbourhoods\option_9_j2_20260531_v1\CAN_MTL\RC-MR2\RC-MR2_EEM_J_DEFAULT_20260531_113203\RC-MR2_EEM_J_DEFAULT_20260531_113203.idf,c:\Users\o_iseri\Desktop\idf_reader\0_BEM_Setup\SimResults_neighbourhoods\option_9_j2_20260531_v1\CAN_MTL\RC-MR2\RC-MR2_EEM_J_DEFAULT_20260531_113203\results
RC-MR2,RC-MR2,CAN_MTL,1,0,0,0,EEM_J_ENVELOPE,99.1496,11.8151,9.4614,43.5565,4.7934,19.3399,7.9446,66.7586,tier3,0,7658,c:\Users\o_iseri\Desktop\idf_reader\0_BEM_Setup\SimResults_neighbourhoods\option_9_j2_20260531_v1\CAN_MTL\RC-MR2\RC-MR2_EEM_J_ENVELOPE_20260531_113212\RC-MR2_EEM_J_ENVELOPE_20260531_113212.idf,c:\Users\o_iseri\Desktop\idf_reader\0_BEM_Setup\SimResults_neighbourhoods\option_9_j2_20260531_v1\CAN_MTL\RC-MR2\RC-MR2_EEM_J_ENVELOPE_20260531_113212\results
RC-MR2,RC-MR2,CAN_MTL,0,1,0,0,EEM_J_HVAC_ONLY,94.3429,6.138,9.9564,43.6192,4.7934,19.3399,8.2573,66.7586,tier3,0,8220,c:\Users\o_iseri\Desktop\idf_reader\0_BEM_Setup\SimResults_neighbourhoods\option_9_j2_20260531_v1\CAN_MTL\RC-MR2\RC-MR2_EEM_J_HVAC_ONLY_20260531_113214\RC-MR2_EEM_J_HVAC_ONLY_20260531_113214.idf,c:\Users\o_iseri\Desktop\idf_reader\0_BEM_Setup\SimResults_neighbourhoods\option_9_j2_20260531_v1\CAN_MTL\RC-MR2\RC-MR2_EEM_J_HVAC_ONLY_20260531_113214\results
RC-MR2,RC-MR2,CAN_MTL,0,0,1,0,EEM_J_DHW_ONLY,80.9826,21.1155,8.0526,17.3309,4.7934,19.3399,8.1117,66.7586,tier3,18,10276,c:\Users\o_iseri\Desktop\idf_reader\0_BEM_Setup\SimResults_neighbourhoods\option_9_j2_20260531_v1\CAN_MTL\RC-MR2\RC-MR2_EEM_J_DHW_ONLY_20260531_113216\RC-MR2_EEM_J_DHW_ONLY_20260531_113216.idf,c:\Users\o_iseri\Desktop\idf_reader\0_BEM_Setup\SimResults_neighbourhoods\option_9_j2_20260531_v1\CAN_MTL\RC-MR2\RC-MR2_EEM_J_DHW_ONLY_20260531_113216\results
RC-MR2,RC-MR2,CAN_MTL,1,1,0,0,EEM_J_ENV_HVAC,92.4036,3.5246,11.182,43.574,4.7934,19.3399,7.7511,66.7586,tier3,0,8249,c:\Users\o_iseri\Desktop\idf_reader\0_BEM_Setup\SimResults_neighbourhoods\option_9_j2_20260531_v1\CAN_MTL\RC-MR2\RC-MR2_EEM_J_ENV_HVAC_20260531_113230\RC-MR2_EEM_J_ENV_HVAC_20260531_113230.idf,c:\Users\o_iseri\Desktop\idf_reader\0_BEM_Setup\SimResults_neighbourhoods\option_9_j2_20260531_v1\CAN_MTL\RC-MR2\RC-MR2_EEM_J_ENV_HVAC_20260531_113230\results
RC-MR2,RC-MR2,CAN_MTL,1,0,1,0,EEM_J_ENV_DHW,72.7473,12.069,9.175,17.2089,4.7934,19.3399,7.9224,66.7586,tier3,34,10275,c:\Users\o_iseri\Desktop\idf_reader\0_BEM_Setup\SimResults_neighbourhoods\option_9_j2_20260531_v1\CAN_MTL\RC-MR2\RC-MR2_EEM_J_ENV_DHW_20260531_113249\RC-MR2_EEM_J_ENV_DHW_20260531_113249.idf,c:\Users\o_iseri\Desktop\idf_reader\0_BEM_Setup\SimResults_neighbourhoods\option_9_j2_20260531_v1\CAN_MTL\RC-MR2\RC-MR2_EEM_J_ENV_DHW_20260531_113249\results
RC-MR2,RC-MR2,CAN_MTL,0,1,1,0,EEM_J_HVAC_DHW,67.9104,6.2337,9.6678,17.3321,4.7934,19.3399,8.3048,66.7586,tier3,19,10852,c:\Users\o_iseri\Desktop\idf_reader\0_BEM_Setup\SimResults_neighbourhoods\option_9_j2_20260531_v1\CAN_MTL\RC-MR2\RC-MR2_EEM_J_HVAC_DHW_20260531_113251\RC-MR2_EEM_J_HVAC_DHW_20260531_113251.idf,c:\Users\o_iseri\Desktop\idf_reader\0_BEM_Setup\SimResults_neighbourhoods\option_9_j2_20260531_v1\CAN_MTL\RC-MR2\RC-MR2_EEM_J_HVAC_DHW_20260531_113251\results
RC-MR2,RC-MR2,CAN_MTL,1,1,1,0,EEM_J_ENV_HVAC_DHW,65.7366,3.5513,10.8369,17.2055,4.7934,19.3399,7.771,66.7586,tier3,40,10867,c:\Users\o_iseri\Desktop\idf_reader\0_BEM_Setup\SimResults_neighbourhoods\option_9_j2_20260531_v1\CAN_MTL\RC-MR2\RC-MR2_EEM_J_ENV_HVAC_DHW_20260531_113255\RC-MR2_EEM_J_ENV_HVAC_DHW_20260531_113255.idf,c:\Users\o_iseri\Desktop\idf_reader\0_BEM_Setup\SimResults_neighbourhoods\option_9_j2_20260531_v1\CAN_MTL\RC-MR2\RC-MR2_EEM_J_ENV_HVAC_DHW_20260531_113255\results
RC-MR2,RC-MR2,CAN_MTL,1,0,0,1,EEM_J_ENVELOPE_EEM4,87.6065,14.6639,7.1074,43.5702,1.9769,11.1883,6.8613,66.7586,tier3,0,9338,c:\Users\o_iseri\Desktop\idf_reader\0_BEM_Setup\SimResults_neighbourhoods\option_9_j2_20260531_v1\CAN_MTL\RC-MR2\RC-MR2_EEM_J_ENVELOPE_EEM4_20260531_113257\RC-MR2_EEM_J_ENVELOPE_EEM4_20260531_113257.idf,c:\Users\o_iseri\Desktop\idf_reader\0_BEM_Setup\SimResults_neighbourhoods\option_9_j2_20260531_v1\CAN_MTL\RC-MR2\RC-MR2_EEM_J_ENVELOPE_EEM4_20260531_113257\results
RC-MR2,RC-MR2,CAN_MTL,1,1,0,1,EEM_J_ENV_HVAC_EEM4,78.0833,3.7838,8.3317,43.6047,1.9769,11.1883,6.9593,66.7586,tier3,0,9918,c:\Users\o_iseri\Desktop\idf_reader\0_BEM_Setup\SimResults_neighbourhoods\option_9_j2_20260531_v1\CAN_MTL\RC-MR2\RC-MR2_EEM_J_ENV_HVAC_EEM4_20260531_113303\RC-MR2_EEM_J_ENV_HVAC_EEM4_20260531_113303.idf,c:\Users\o_iseri\Desktop\idf_reader\0_BEM_Setup\SimResults_neighbourhoods\option_9_j2_20260531_v1\CAN_MTL\RC-MR2\RC-MR2_EEM_J_ENV_HVAC_EEM4_20260531_113303\results
RC-MR2,RC-MR2,CAN_MTL,1,0,1,1,EEM_J_ENV_DHW_EEM4,61.3476,15.0098,6.8555,17.2115,1.9769,11.1883,6.867,66.7586,tier3,29,11986,c:\Users\o_iseri\Desktop\idf_reader\0_BEM_Setup\SimResults_neighbourhoods\option_9_j2_20260531_v1\CAN_MTL\RC-MR2\RC-MR2_EEM_J_ENV_DHW_EEM4_20260531_113304\RC-MR2_EEM_J_ENV_DHW_EEM4_20260531_113304.idf,c:\Users\o_iseri\Desktop\idf_reader\0_BEM_Setup\SimResults_neighbourhoods\option_9_j2_20260531_v1\CAN_MTL\RC-MR2\RC-MR2_EEM_J_ENV_DHW_EEM4_20260531_113304\results
RC-MR2,RC-MR2,CAN_MTL,1,1,1,1,EEM_J_ENV_HVAC_DHW_EEM4,51.4835,3.8522,8.019,17.2084,1.9769,11.1883,7.0001,66.7586,tier3,22,12563,c:\Users\o_iseri\Desktop\idf_reader\0_BEM_Setup\SimResults_neighbourhoods\option_9_j2_20260531_v1\CAN_MTL\RC-MR2\RC-MR2_EEM_J_ENV_HVAC_DHW_EEM4_20260531_113314\RC-MR2_EEM_J_ENV_HVAC_DHW_EEM4_20260531_113314.idf,c:\Users\o_iseri\Desktop\idf_reader\0_BEM_Setup\SimResults_neighbourhoods\option_9_j2_20260531_v1\CAN_MTL\RC-MR2\RC-MR2_EEM_J_ENV_HVAC_DHW_EEM4_20260531_113314\results
RC-MR3,RC-MR3,CAN_MTL,0,0,0,0,EEM_J_DEFAULT,107.0162,21.1027,7.9534,43.6029,4.7933,19.3398,7.9855,0,native,0,11196,c:\Users\o_iseri\Desktop\idf_reader\0_BEM_Setup\SimResults_neighbourhoods\option_9_j2_20260531_v1\CAN_MTL\RC-MR3\RC-MR3_EEM_J_DEFAULT_20260531_113316\RC-MR3_EEM_J_DEFAULT_20260531_113316.idf,c:\Users\o_iseri\Desktop\idf_reader\0_BEM_Setup\SimResults_neighbourhoods\option_9_j2_20260531_v1\CAN_MTL\RC-MR3\RC-MR3_EEM_J_DEFAULT_20260531_113316\results
RC-MR3,RC-MR3,CAN_MTL,1,0,0,0,EEM_J_ENVELOPE,99.0023,12.1673,9.0974,43.5579,4.7933,19.3398,7.808,66.7586,tier3,0,11248,c:\Users\o_iseri\Desktop\idf_reader\0_BEM_Setup\SimResults_neighbourhoods\option_9_j2_20260531_v1\CAN_MTL\RC-MR3\RC-MR3_EEM_J_ENVELOPE_20260531_113331\RC-MR3_EEM_J_ENVELOPE_20260531_113331.idf,c:\Users\o_iseri\Desktop\idf_reader\0_BEM_Setup\SimResults_neighbourhoods\option_9_j2_20260531_v1\CAN_MTL\RC-MR3\RC-MR3_EEM_J_ENVELOPE_20260531_113331\results
RC-MR3,RC-MR3,CAN_MTL,0,1,0,0,EEM_J_HVAC_ONLY,93.9834,6.246,9.5662,43.6219,4.7933,19.3398,8.1775,66.7586,tier3,0,12077,c:\Users\o_iseri\Desktop\idf_reader\0_BEM_Setup\SimResults_neighbourhoods\option_9_j2_20260531_v1\CAN_MTL\RC-MR3\RC-MR3_EEM_J_HVAC_ONLY_20260531_113335\RC-MR3_EEM_J_HVAC_ONLY_20260531_113335.idf,c:\Users\o_iseri\Desktop\idf_reader\0_BEM_Setup\SimResults_neighbourhoods\option_9_j2_20260531_v1\CAN_MTL\RC-MR3\RC-MR3_EEM_J_HVAC_ONLY_20260531_113335\results
RC-MR3,RC-MR3,CAN_MTL,0,0,1,0,EEM_J_DHW_ONLY,80.9984,21.5836,7.7198,17.3338,4.7933,19.3398,7.9894,66.7586,tier3,23,15170,c:\Users\o_iseri\Desktop\idf_reader\0_BEM_Setup\SimResults_neighbourhoods\option_9_j2_20260531_v1\CAN_MTL\RC-MR3\RC-MR3_EEM_J_DHW_ONLY_20260531_113340\RC-MR3_EEM_J_DHW_ONLY_20260531_113340.idf,c:\Users\o_iseri\Desktop\idf_reader\0_BEM_Setup\SimResults_neighbourhoods\option_9_j2_20260531_v1\CAN_MTL\RC-MR3\RC-MR3_EEM_J_DHW_ONLY_20260531_113340\results
RC-MR3,RC-MR3,CAN_MTL,1,1,0,0,EEM_J_ENV_HVAC,91.9561,3.5937,10.7589,43.5756,4.7933,19.3398,7.6561,66.7586,tier3,0,12140,c:\Users\o_iseri\Desktop\idf_reader\0_BEM_Setup\SimResults_neighbourhoods\option_9_j2_20260531_v1\CAN_MTL\RC-MR3\RC-MR3_EEM_J_ENV_HVAC_20260531_113347\RC-MR3_EEM_J_ENV_HVAC_20260531_113347.idf,c:\Users\o_iseri\Desktop\idf_reader\0_BEM_Setup\SimResults_neighbourhoods\option_9_j2_20260531_v1\CAN_MTL\RC-MR3\RC-MR3_EEM_J_ENV_HVAC_20260531_113347\results
RC-MR3,RC-MR3,CAN_MTL,1,0,1,0,EEM_J_ENV_DHW,72.6071,12.4235,8.8105,17.2164,4.7933,19.3398,7.7849,66.7586,tier3,39,15171,c:\Users\o_iseri\Desktop\idf_reader\0_BEM_Setup\SimResults_neighbourhoods\option_9_j2_20260531_v1\CAN_MTL\RC-MR3\RC-MR3_EEM_J_ENV_DHW_20260531_113429\RC-MR3_EEM_J_ENV_DHW_20260531_113429.idf,c:\Users\o_iseri\Desktop\idf_reader\0_BEM_Setup\SimResults_neighbourhoods\option_9_j2_20260531_v1\CAN_MTL\RC-MR3\RC-MR3_EEM_J_ENV_DHW_20260531_113429\results
RC-MR3,RC-MR3,CAN_MTL,0,1,1,0,EEM_J_HVAC_DHW,67.5488,6.3417,9.2787,17.3318,4.7933,19.3398,8.2249,66.7586,tier3,25,16040,c:\Users\o_iseri\Desktop\idf_reader\0_BEM_Setup\SimResults_neighbourhoods\option_9_j2_20260531_v1\CAN_MTL\RC-MR3\RC-MR3_EEM_J_HVAC_DHW_20260531_113439\RC-MR3_EEM_J_HVAC_DHW_20260531_113439.idf,c:\Users\o_iseri\Desktop\idf_reader\0_BEM_Setup\SimResults_neighbourhoods\option_9_j2_20260531_v1\CAN_MTL\RC-MR3\RC-MR3_EEM_J_HVAC_DHW_20260531_113439\results
RC-MR3,RC-MR3,CAN_MTL,1,1,1,0,EEM_J_ENV_HVAC_DHW,65.2989,3.6185,10.4151,17.2178,4.7933,19.3398,7.6758,66.7586,tier3,56,16043,c:\Users\o_iseri\Desktop\idf_reader\0_BEM_Setup\SimResults_neighbourhoods\option_9_j2_20260531_v1\CAN_MTL\RC-MR3\RC-MR3_EEM_J_ENV_HVAC_DHW_20260531_113441\RC-MR3_EEM_J_ENV_HVAC_DHW_20260531_113441.idf,c:\Users\o_iseri\Desktop\idf_reader\0_BEM_Setup\SimResults_neighbourhoods\option_9_j2_20260531_v1\CAN_MTL\RC-MR3\RC-MR3_EEM_J_ENV_HVAC_DHW_20260531_113441\results
RC-MR3,RC-MR3,CAN_MTL,1,0,0,1,EEM_J_ENVELOPE_EEM4,87.5668,15.0639,6.7647,43.5718,2.0009,11.1883,6.7384,66.7586,tier3,0,13780,c:\Users\o_iseri\Desktop\idf_reader\0_BEM_Setup\SimResults_neighbourhoods\option_9_j2_20260531_v1\CAN_MTL\RC-MR3\RC-MR3_EEM_J_ENVELOPE_EEM4_20260531_113447\RC-MR3_EEM_J_ENVELOPE_EEM4_20260531_113447.idf,c:\Users\o_iseri\Desktop\idf_reader\0_BEM_Setup\SimResults_neighbourhoods\option_9_j2_20260531_v1\CAN_MTL\RC-MR3\RC-MR3_EEM_J_ENVELOPE_EEM4_20260531_113447\results
RC-MR3,RC-MR3,CAN_MTL,1,1,0,1,EEM_J_ENV_HVAC_EEM4,77.6538,3.8216,7.9297,43.6101,2.0009,11.1883,6.8645,66.7586,tier3,5,14644,c:\Users\o_iseri\Desktop\idf_reader\0_BEM_Setup\SimResults_neighbourhoods\option_9_j2_20260531_v1\CAN_MTL\RC-MR3\RC-MR3_EEM_J_ENV_HVAC_EEM4_20260531_113455\RC-MR3_EEM_J_ENV_HVAC_EEM4_20260531_113455.idf,c:\Users\o_iseri\Desktop\idf_reader\0_BEM_Setup\SimResults_neighbourhoods\option_9_j2_20260531_v1\CAN_MTL\RC-MR3\RC-MR3_EEM_J_ENV_HVAC_EEM4_20260531_113455\results
RC-MR3,RC-MR3,CAN_MTL,1,0,1,1,EEM_J_ENV_DHW_EEM4,61.3409,15.4293,6.5241,17.2145,2.0009,11.1883,6.745,66.7586,tier3,25,17747,c:\Users\o_iseri\Desktop\idf_reader\0_BEM_Setup\SimResults_neighbourhoods\option_9_j2_20260531_v1\CAN_MTL\RC-MR3\RC-MR3_EEM_J_ENV_DHW_EEM4_20260531_113458\RC-MR3_EEM_J_ENV_DHW_EEM4_20260531_113458.idf,c:\Users\o_iseri\Desktop\idf_reader\0_BEM_Setup\SimResults_neighbourhoods\option_9_j2_20260531_v1\CAN_MTL\RC-MR3\RC-MR3_EEM_J_ENV_DHW_EEM4_20260531_113458\results
RC-MR3,RC-MR3,CAN_MTL,1,1,1,1,EEM_J_ENV_HVAC_DHW_EEM4,51.0855,3.9072,7.6227,17.2161,2.0009,11.1883,6.9116,66.7586,tier3,11,18615,c:\Users\o_iseri\Desktop\idf_reader\0_BEM_Setup\SimResults_neighbourhoods\option_9_j2_20260531_v1\CAN_MTL\RC-MR3\RC-MR3_EEM_J_ENV_HVAC_DHW_EEM4_20260531_113501\RC-MR3_EEM_J_ENV_HVAC_DHW_EEM4_20260531_113501.idf,c:\Users\o_iseri\Desktop\idf_reader\0_BEM_Setup\SimResults_neighbourhoods\option_9_j2_20260531_v1\CAN_MTL\RC-MR3\RC-MR3_EEM_J_ENV_HVAC_DHW_EEM4_20260531_113501\results
RC-D,RC-D,CAN_MTL,0,0,0,0,EEM_J_DEFAULT,138.5547,51.7136,6.3347,22.1397,4.7017,46.5502,6.2565,0,native,0,547,c:\Users\o_iseri\Desktop\idf_reader\0_BEM_Setup\SimResults_neighbourhoods\option_9_j2_20260531_v1\CAN_MTL\RC-D\RC-D_EEM_J_DEFAULT_20260531_113512\RC-D_EEM_J_DEFAULT_20260531_113512.idf,c:\Users\o_iseri\Desktop\idf_reader\0_BEM_Setup\SimResults_neighbourhoods\option_9_j2_20260531_v1\CAN_MTL\RC-D\RC-D_EEM_J_DEFAULT_20260531_113512\results
RC-D,RC-D,CAN_MTL,1,0,0,0,EEM_J_ENVELOPE,108.2342,21.7143,6.848,21.7113,4.7017,46.5502,5.8505,100.7432,tier3,0,365,c:\Users\o_iseri\Desktop\idf_reader\0_BEM_Setup\SimResults_neighbourhoods\option_9_j2_20260531_v1\CAN_MTL\RC-D\RC-D_EEM_J_ENVELOPE_20260531_113530\RC-D_EEM_J_ENVELOPE_20260531_113530.idf,c:\Users\o_iseri\Desktop\idf_reader\0_BEM_Setup\SimResults_neighbourhoods\option_9_j2_20260531_v1\CAN_MTL\RC-D\RC-D_EEM_J_ENVELOPE_20260531_113530\results
RC-D,RC-D,CAN_MTL,0,1,0,0,EEM_J_HVAC_ONLY,103.5256,15.678,5.8623,22.1442,4.7017,46.5502,7.731,100.8311,tier3,0,696,c:\Users\o_iseri\Desktop\idf_reader\0_BEM_Setup\SimResults_neighbourhoods\option_9_j2_20260531_v1\CAN_MTL\RC-D\RC-D_EEM_J_HVAC_ONLY_20260531_113545\RC-D_EEM_J_HVAC_ONLY_20260531_113545.idf,c:\Users\o_iseri\Desktop\idf_reader\0_BEM_Setup\SimResults_neighbourhoods\option_9_j2_20260531_v1\CAN_MTL\RC-D\RC-D_EEM_J_HVAC_ONLY_20260531_113545\results
RC-D,RC-D,CAN_MTL,0,0,1,0,EEM_J_DHW_ONLY,126.022,54.3241,6.3569,6.8056,4.7017,46.5502,6.4252,100.8311,tier3,0,1123,c:\Users\o_iseri\Desktop\idf_reader\0_BEM_Setup\SimResults_neighbourhoods\option_9_j2_20260531_v1\CAN_MTL\RC-D\RC-D_EEM_J_DHW_ONLY_20260531_113549\RC-D_EEM_J_DHW_ONLY_20260531_113549.idf,c:\Users\o_iseri\Desktop\idf_reader\0_BEM_Setup\SimResults_neighbourhoods\option_9_j2_20260531_v1\CAN_MTL\RC-D\RC-D_EEM_J_DHW_ONLY_20260531_113549\results
RC-D,RC-D,CAN_MTL,1,1,0,0,EEM_J_ENV_HVAC,93.1491,6.4589,6.2471,21.7114,4.7017,46.5502,6.6215,100.7432,tier3,0,792,c:\Users\o_iseri\Desktop\idf_reader\0_BEM_Setup\SimResults_neighbourhoods\option_9_j2_20260531_v1\CAN_MTL\RC-D\RC-D_EEM_J_ENV_HVAC_20260531_113603\RC-D_EEM_J_ENV_HVAC_20260531_113603.idf,c:\Users\o_iseri\Desktop\idf_reader\0_BEM_Setup\SimResults_neighbourhoods\option_9_j2_20260531_v1\CAN_MTL\RC-D\RC-D_EEM_J_ENV_HVAC_20260531_113603\results
RC-D,RC-D,CAN_MTL,1,0,1,0,EEM_J_ENV_DHW,96.0446,24.4231,6.864,6.6327,4.7017,46.5502,6.0147,100.7432,tier3,0,1223,c:\Users\o_iseri\Desktop\idf_reader\0_BEM_Setup\SimResults_neighbourhoods\option_9_j2_20260531_v1\CAN_MTL\RC-D\RC-D_EEM_J_ENV_DHW_20260531_113736\RC-D_EEM_J_ENV_DHW_20260531_113736.idf,c:\Users\o_iseri\Desktop\idf_reader\0_BEM_Setup\SimResults_neighbourhoods\option_9_j2_20260531_v1\CAN_MTL\RC-D\RC-D_EEM_J_ENV_DHW_20260531_113736\results
RC-D,RC-D,CAN_MTL,0,1,1,0,EEM_J_HVAC_DHW,91.0637,18.3678,5.882,6.8082,4.7017,46.5502,7.8956,100.8311,tier3,0,1272,c:\Users\o_iseri\Desktop\idf_reader\0_BEM_Setup\SimResults_neighbourhoods\option_9_j2_20260531_v1\CAN_MTL\RC-D\RC-D_EEM_J_HVAC_DHW_20260531_113736\RC-D_EEM_J_HVAC_DHW_20260531_113736.idf,c:\Users\o_iseri\Desktop\idf_reader\0_BEM_Setup\SimResults_neighbourhoods\option_9_j2_20260531_v1\CAN_MTL\RC-D\RC-D_EEM_J_HVAC_DHW_20260531_113736\results
RC-D,RC-D,CAN_MTL,1,1,1,0,EEM_J_ENV_HVAC_DHW,80.9649,9.1724,6.262,6.6339,4.7017,46.5502,6.7864,100.7432,tier3,0,1370,c:\Users\o_iseri\Desktop\idf_reader\0_BEM_Setup\SimResults_neighbourhoods\option_9_j2_20260531_v1\CAN_MTL\RC-D\RC-D_EEM_J_ENV_HVAC_DHW_20260531_113740\RC-D_EEM_J_ENV_HVAC_DHW_20260531_113740.idf,c:\Users\o_iseri\Desktop\idf_reader\0_BEM_Setup\SimResults_neighbourhoods\option_9_j2_20260531_v1\CAN_MTL\RC-D\RC-D_EEM_J_ENV_HVAC_DHW_20260531_113740\results
RC-D,RC-D,CAN_MTL,0,0,0,1,EEM_J_EEM4_ONLY,123.6896,58.5499,5.1778,22.1448,2.5859,28.3405,6.0323,100.8311,tier3,0,547,c:\Users\o_iseri\Desktop\idf_reader\0_BEM_Setup\SimResults_neighbourhoods\option_9_j2_20260531_v1\CAN_MTL\RC-D\RC-D_EEM_J_EEM4_ONLY_20260531_113745\RC-D_EEM_J_EEM4_ONLY_20260531_113745.idf,c:\Users\o_iseri\Desktop\idf_reader\0_BEM_Setup\SimResults_neighbourhoods\option_9_j2_20260531_v1\CAN_MTL\RC-D\RC-D_EEM_J_EEM4_ONLY_20260531_113745\results
RC-D,RC-D,CAN_MTL,1,0,0,1,EEM_J_ENVELOPE_EEM4,92.1691,27.5473,5.4731,21.7313,2.5859,28.3405,5.6328,100.7432,tier3,0,629,c:\Users\o_iseri\Desktop\idf_reader\0_BEM_Setup\SimResults_neighbourhoods\option_9_j2_20260531_v1\CAN_MTL\RC-D\RC-D_EEM_J_ENVELOPE_EEM4_20260531_113757\RC-D_EEM_J_ENVELOPE_EEM4_20260531_113757.idf,c:\Users\o_iseri\Desktop\idf_reader\0_BEM_Setup\SimResults_neighbourhoods\option_9_j2_20260531_v1\CAN_MTL\RC-D\RC-D_EEM_J_ENVELOPE_EEM4_20260531_113757\results
RC-D,RC-D,CAN_MTL,0,1,0,1,EEM_J_HVAC_ONLY_EEM4,83.9844,17.5729,4.8147,22.1551,2.5859,28.3405,7.6571,100.8311,tier3,0,696,c:\Users\o_iseri\Desktop\idf_reader\0_BEM_Setup\SimResults_neighbourhoods\option_9_j2_20260531_v1\CAN_MTL\RC-D\RC-D_EEM_J_HVAC_ONLY_EEM4_20260531_113803\RC-D_EEM_J_HVAC_ONLY_EEM4_20260531_113803.idf,c:\Users\o_iseri\Desktop\idf_reader\0_BEM_Setup\SimResults_neighbourhoods\option_9_j2_20260531_v1\CAN_MTL\RC-D\RC-D_EEM_J_HVAC_ONLY_EEM4_20260531_113803\results
RC-D,RC-D,CAN_MTL,0,0,1,1,EEM_J_DHW_ONLY_EEM4,111.1436,61.1535,5.199,6.8051,2.5859,28.3405,6.2013,100.8311,tier3,0,1123,c:\Users\o_iseri\Desktop\idf_reader\0_BEM_Setup\SimResults_neighbourhoods\option_9_j2_20260531_v1\CAN_MTL\RC-D\RC-D_EEM_J_DHW_ONLY_EEM4_20260531_113803\RC-D_EEM_J_DHW_ONLY_EEM4_20260531_113803.idf,c:\Users\o_iseri\Desktop\idf_reader\0_BEM_Setup\SimResults_neighbourhoods\option_9_j2_20260531_v1\CAN_MTL\RC-D\RC-D_EEM_J_DHW_ONLY_EEM4_20260531_113803\results
RC-D,RC-D,CAN_MTL,1,1,0,1,EEM_J_ENV_HVAC_EEM4,73.319,8.2133,4.9863,21.7316,2.5859,28.3405,6.6032,100.7432,tier3,0,792,c:\Users\o_iseri\Desktop\idf_reader\0_BEM_Setup\SimResults_neighbourhoods\option_9_j2_20260531_v1\CAN_MTL\RC-D\RC-D_EEM_J_ENV_HVAC_EEM4_20260531_113845\RC-D_EEM_J_ENV_HVAC_EEM4_20260531_113845.idf,c:\Users\o_iseri\Desktop\idf_reader\0_BEM_Setup\SimResults_neighbourhoods\option_9_j2_20260531_v1\CAN_MTL\RC-D\RC-D_EEM_J_ENV_HVAC_EEM4_20260531_113845\results
RC-D,RC-D,CAN_MTL,1,0,1,1,EEM_J_ENV_DHW_EEM4,79.9656,30.2542,5.4889,6.6408,2.5859,28.3405,5.7971,100.7432,tier3,0,1235,c:\Users\o_iseri\Desktop\idf_reader\0_BEM_Setup\SimResults_neighbourhoods\option_9_j2_20260531_v1\CAN_MTL\RC-D\RC-D_EEM_J_ENV_DHW_EEM4_20260531_113932\RC-D_EEM_J_ENV_DHW_EEM4_20260531_113932.idf,c:\Users\o_iseri\Desktop\idf_reader\0_BEM_Setup\SimResults_neighbourhoods\option_9_j2_20260531_v1\CAN_MTL\RC-D\RC-D_EEM_J_ENV_DHW_EEM4_20260531_113932\results
RC-D,RC-D,CAN_MTL,0,1,1,1,EEM_J_HVAC_DHW_EEM4,71.5233,20.2657,4.8339,6.816,2.5859,28.3405,7.823,100.8311,tier3,0,1272,c:\Users\o_iseri\Desktop\idf_reader\0_BEM_Setup\SimResults_neighbourhoods\option_9_j2_20260531_v1\CAN_MTL\RC-D\RC-D_EEM_J_HVAC_DHW_EEM4_20260531_113938\RC-D_EEM_J_HVAC_DHW_EEM4_20260531_113938.idf,c:\Users\o_iseri\Desktop\idf_reader\0_BEM_Setup\SimResults_neighbourhoods\option_9_j2_20260531_v1\CAN_MTL\RC-D\RC-D_EEM_J_HVAC_DHW_EEM4_20260531_113938\results
RC-D,RC-D,CAN_MTL,1,1,1,1,EEM_J_ENV_HVAC_DHW_EEM4,61.1231,10.9261,5.0008,6.6435,2.5859,28.3405,6.7681,100.7432,tier3,0,1368,c:\Users\o_iseri\Desktop\idf_reader\0_BEM_Setup\SimResults_neighbourhoods\option_9_j2_20260531_v1\CAN_MTL\RC-D\RC-D_EEM_J_ENV_HVAC_DHW_EEM4_20260531_113955\RC-D_EEM_J_ENV_HVAC_DHW_EEM4_20260531_113955.idf,c:\Users\o_iseri\Desktop\idf_reader\0_BEM_Setup\SimResults_neighbourhoods\option_9_j2_20260531_v1\CAN_MTL\RC-D\RC-D_EEM_J_ENV_HVAC_DHW_EEM4_20260531_113955\results
RC-ML,RC-ML,CAN_MTL,0,0,0,0,EEM_J_DEFAULT,139.2319,44.1844,6.2969,24.4496,5.2214,51.6957,6.4308,0,native,0,653,c:\Users\o_iseri\Desktop\idf_reader\0_BEM_Setup\SimResults_neighbourhoods\option_9_j2_20260531_v1\CAN_MTL\RC-ML\RC-ML_EEM_J_DEFAULT_20260531_114003\RC-ML_EEM_J_DEFAULT_20260531_114003.idf,c:\Users\o_iseri\Desktop\idf_reader\0_BEM_Setup\SimResults_neighbourhoods\option_9_j2_20260531_v1\CAN_MTL\RC-ML\RC-ML_EEM_J_DEFAULT_20260531_114003\results
RC-ML,RC-ML,CAN_MTL,1,0,0,0,EEM_J_ENVELOPE,111.0248,16.2044,7.02,23.8319,5.2214,51.6957,6.0982,93.0196,tier3,0,753,c:\Users\o_iseri\Desktop\idf_reader\0_BEM_Setup\SimResults_neighbourhoods\option_9_j2_20260531_v1\CAN_MTL\RC-ML\RC-ML_EEM_J_ENVELOPE_20260531_114016\RC-ML_EEM_J_ENVELOPE_20260531_114016.idf,c:\Users\o_iseri\Desktop\idf_reader\0_BEM_Setup\SimResults_neighbourhoods\option_9_j2_20260531_v1\CAN_MTL\RC-ML\RC-ML_EEM_J_ENVELOPE_20260531_114016\results
RC-ML,RC-ML,CAN_MTL,0,1,0,0,EEM_J_HVAC_ONLY,109.3428,13.4772,5.8179,24.4557,5.2214,51.6957,7.7218,93.0871,tier3,0,758,c:\Users\o_iseri\Desktop\idf_reader\0_BEM_Setup\SimResults_neighbourhoods\option_9_j2_20260531_v1\CAN_MTL\RC-ML\RC-ML_EEM_J_HVAC_ONLY_20260531_114019\RC-ML_EEM_J_HVAC_ONLY_20260531_114019.idf,c:\Users\o_iseri\Desktop\idf_reader\0_BEM_Setup\SimResults_neighbourhoods\option_9_j2_20260531_v1\CAN_MTL\RC-ML\RC-ML_EEM_J_HVAC_ONLY_20260531_114019\results
RC-ML,RC-ML,CAN_MTL,0,0,1,0,EEM_J_DHW_ONLY,125.339,45.4786,6.3197,9.1301,5.2214,51.6957,6.5405,93.0871,tier3,0,967,c:\Users\o_iseri\Desktop\idf_reader\0_BEM_Setup\SimResults_neighbourhoods\option_9_j2_20260531_v1\CAN_MTL\RC-ML\RC-ML_EEM_J_DHW_ONLY_20260531_114023\RC-ML_EEM_J_DHW_ONLY_20260531_114023.idf,c:\Users\o_iseri\Desktop\idf_reader\0_BEM_Setup\SimResults_neighbourhoods\option_9_j2_20260531_v1\CAN_MTL\RC-ML\RC-ML_EEM_J_DHW_ONLY_20260531_114023\results
RC-ML,RC-ML,CAN_MTL,1,1,0,0,EEM_J_ENV_HVAC,99.6756,4.8626,6.3769,23.8315,5.2214,51.6957,6.7345,93.0196,tier3,0,856,c:\Users\o_iseri\Desktop\idf_reader\0_BEM_Setup\SimResults_neighbourhoods\option_9_j2_20260531_v1\CAN_MTL\RC-ML\RC-ML_EEM_J_ENV_HVAC_20260531_114036\RC-ML_EEM_J_ENV_HVAC_20260531_114036.idf,c:\Users\o_iseri\Desktop\idf_reader\0_BEM_Setup\SimResults_neighbourhoods\option_9_j2_20260531_v1\CAN_MTL\RC-ML\RC-ML_EEM_J_ENV_HVAC_20260531_114036\results
RC-ML,RC-ML,CAN_MTL,1,0,1,0,EEM_J_ENV_DHW,97.5949,17.61,7.0321,8.8797,5.2214,51.6957,6.203,93.0196,tier3,0,1076,c:\Users\o_iseri\Desktop\idf_reader\0_BEM_Setup\SimResults_neighbourhoods\option_9_j2_20260531_v1\CAN_MTL\RC-ML\RC-ML_EEM_J_ENV_DHW_20260531_114129\RC-ML_EEM_J_ENV_DHW_20260531_114129.idf,c:\Users\o_iseri\Desktop\idf_reader\0_BEM_Setup\SimResults_neighbourhoods\option_9_j2_20260531_v1\CAN_MTL\RC-ML\RC-ML_EEM_J_ENV_DHW_20260531_114129\results
RC-ML,RC-ML,CAN_MTL,0,1,1,0,EEM_J_HVAC_DHW,95.513,14.8406,5.8396,9.1338,5.2214,51.6957,7.8289,93.0871,tier3,0,1076,c:\Users\o_iseri\Desktop\idf_reader\0_BEM_Setup\SimResults_neighbourhoods\option_9_j2_20260531_v1\CAN_MTL\RC-ML\RC-ML_EEM_J_HVAC_DHW_20260531_114135\RC-ML_EEM_J_HVAC_DHW_20260531_114135.idf,c:\Users\o_iseri\Desktop\idf_reader\0_BEM_Setup\SimResults_neighbourhoods\option_9_j2_20260531_v1\CAN_MTL\RC-ML\RC-ML_EEM_J_HVAC_DHW_20260531_114135\results
RC-ML,RC-ML,CAN_MTL,1,1,1,0,EEM_J_ENV_HVAC_DHW,86.2363,6.2545,6.3899,8.879,5.2214,51.6957,6.8428,93.0196,tier3,0,1178,c:\Users\o_iseri\Desktop\idf_reader\0_BEM_Setup\SimResults_neighbourhoods\option_9_j2_20260531_v1\CAN_MTL\RC-ML\RC-ML_EEM_J_ENV_HVAC_DHW_20260531_114136\RC-ML_EEM_J_ENV_HVAC_DHW_20260531_114136.idf,c:\Users\o_iseri\Desktop\idf_reader\0_BEM_Setup\SimResults_neighbourhoods\option_9_j2_20260531_v1\CAN_MTL\RC-ML\RC-ML_EEM_J_ENV_HVAC_DHW_20260531_114136\results
RC-ML,RC-ML,CAN_MTL,0,0,0,1,EEM_J_EEM4_ONLY,122.4436,51.561,4.9159,24.4571,2.8718,31.4732,6.2116,93.0871,tier3,0,639,c:\Users\o_iseri\Desktop\idf_reader\0_BEM_Setup\SimResults_neighbourhoods\option_9_j2_20260531_v1\CAN_MTL\RC-ML\RC-ML_EEM_J_EEM4_ONLY_20260531_114137\RC-ML_EEM_J_EEM4_ONLY_20260531_114137.idf,c:\Users\o_iseri\Desktop\idf_reader\0_BEM_Setup\SimResults_neighbourhoods\option_9_j2_20260531_v1\CAN_MTL\RC-ML\RC-ML_EEM_J_EEM4_ONLY_20260531_114137\results
RC-ML,RC-ML,CAN_MTL,1,0,0,1,EEM_J_ENVELOPE_EEM4,92.4709,22.1021,5.3463,23.8622,2.8718,31.4732,5.8622,93.0196,tier3,0,755,c:\Users\o_iseri\Desktop\idf_reader\0_BEM_Setup\SimResults_neighbourhoods\option_9_j2_20260531_v1\CAN_MTL\RC-ML\RC-ML_EEM_J_ENVELOPE_EEM4_20260531_114153\RC-ML_EEM_J_ENVELOPE_EEM4_20260531_114153.idf,c:\Users\o_iseri\Desktop\idf_reader\0_BEM_Setup\SimResults_neighbourhoods\option_9_j2_20260531_v1\CAN_MTL\RC-ML\RC-ML_EEM_J_ENVELOPE_EEM4_20260531_114153\results
RC-ML,RC-ML,CAN_MTL,0,1,0,1,EEM_J_HVAC_ONLY_EEM4,87.5278,15.5481,4.5871,24.4689,2.8718,31.4732,7.6257,93.0871,tier3,0,752,c:\Users\o_iseri\Desktop\idf_reader\0_BEM_Setup\SimResults_neighbourhoods\option_9_j2_20260531_v1\CAN_MTL\RC-ML\RC-ML_EEM_J_HVAC_ONLY_EEM4_20260531_114216\RC-ML_EEM_J_HVAC_ONLY_EEM4_20260531_114216.idf,c:\Users\o_iseri\Desktop\idf_reader\0_BEM_Setup\SimResults_neighbourhoods\option_9_j2_20260531_v1\CAN_MTL\RC-ML\RC-ML_EEM_J_HVAC_ONLY_EEM4_20260531_114216\results
RC-ML,RC-ML,CAN_MTL,0,0,1,1,EEM_J_DHW_ONLY_EEM4,108.5351,52.8471,4.9384,9.1294,2.8718,31.4732,6.3222,93.0871,tier3,0,957,c:\Users\o_iseri\Desktop\idf_reader\0_BEM_Setup\SimResults_neighbourhoods\option_9_j2_20260531_v1\CAN_MTL\RC-ML\RC-ML_EEM_J_DHW_ONLY_EEM4_20260531_114221\RC-ML_EEM_J_DHW_ONLY_EEM4_20260531_114221.idf,c:\Users\o_iseri\Desktop\idf_reader\0_BEM_Setup\SimResults_neighbourhoods\option_9_j2_20260531_v1\CAN_MTL\RC-ML\RC-ML_EEM_J_DHW_ONLY_EEM4_20260531_114221\results
RC-ML,RC-ML,CAN_MTL,1,1,0,1,EEM_J_ENV_HVAC_EEM4,77.2965,6.6105,4.8486,23.8626,2.8718,31.4732,6.6768,93.0196,tier3,0,856,c:\Users\o_iseri\Desktop\idf_reader\0_BEM_Setup\SimResults_neighbourhoods\option_9_j2_20260531_v1\CAN_MTL\RC-ML\RC-ML_EEM_J_ENV_HVAC_EEM4_20260531_114240\RC-ML_EEM_J_ENV_HVAC_EEM4_20260531_114240.idf,c:\Users\o_iseri\Desktop\idf_reader\0_BEM_Setup\SimResults_neighbourhoods\option_9_j2_20260531_v1\CAN_MTL\RC-ML\RC-ML_EEM_J_ENV_HVAC_EEM4_20260531_114240\results
RC-ML,RC-ML,CAN_MTL,1,0,1,1,EEM_J_ENV_DHW_EEM4,79.0278,23.5116,5.3591,8.8927,2.8718,31.4732,5.9664,93.0196,tier3,0,1073,c:\Users\o_iseri\Desktop\idf_reader\0_BEM_Setup\SimResults_neighbourhoods\option_9_j2_20260531_v1\CAN_MTL\RC-ML\RC-ML_EEM_J_ENV_DHW_EEM4_20260531_114247\RC-ML_EEM_J_ENV_DHW_EEM4_20260531_114247.idf,c:\Users\o_iseri\Desktop\idf_reader\0_BEM_Setup\SimResults_neighbourhoods\option_9_j2_20260531_v1\CAN_MTL\RC-ML\RC-ML_EEM_J_ENV_DHW_EEM4_20260531_114247\results
RC-ML,RC-ML,CAN_MTL,0,1,1,1,EEM_J_HVAC_DHW_EEM4,73.6916,16.9125,4.6077,9.1396,2.8718,31.4732,7.7338,93.0871,tier3,0,1066,c:\Users\o_iseri\Desktop\idf_reader\0_BEM_Setup\SimResults_neighbourhoods\option_9_j2_20260531_v1\CAN_MTL\RC-ML\RC-ML_EEM_J_HVAC_DHW_EEM4_20260531_114255\RC-ML_EEM_J_HVAC_DHW_EEM4_20260531_114255.idf,c:\Users\o_iseri\Desktop\idf_reader\0_BEM_Setup\SimResults_neighbourhoods\option_9_j2_20260531_v1\CAN_MTL\RC-ML\RC-ML_EEM_J_HVAC_DHW_EEM4_20260531_114255\results
RC-ML,RC-ML,CAN_MTL,1,1,1,1,EEM_J_ENV_HVAC_DHW_EEM4,63.8442,8.0059,4.8623,8.8931,2.8718,31.4732,6.785,93.0196,tier3,0,1174,c:\Users\o_iseri\Desktop\idf_reader\0_BEM_Setup\SimResults_neighbourhoods\option_9_j2_20260531_v1\CAN_MTL\RC-ML\RC-ML_EEM_J_ENV_HVAC_DHW_EEM4_20260531_114311\RC-ML_EEM_J_ENV_HVAC_DHW_EEM4_20260531_114311.idf,c:\Users\o_iseri\Desktop\idf_reader\0_BEM_Setup\SimResults_neighbourhoods\option_9_j2_20260531_v1\CAN_MTL\RC-ML\RC-ML_EEM_J_ENV_HVAC_DHW_EEM4_20260531_114311\results
RC-T,RC-T,CAN_MTL,0,0,0,0,EEM_J_DEFAULT,139.9553,36.2628,6.2707,26.879,5.7679,57.1062,6.6159,0,native,0,759,c:\Users\o_iseri\Desktop\idf_reader\0_BEM_Setup\SimResults_neighbourhoods\option_9_j2_20260531_v1\CAN_MTL\RC-T\RC-T_EEM_J_DEFAULT_20260531_114325\RC-T_EEM_J_DEFAULT_20260531_114325.idf,c:\Users\o_iseri\Desktop\idf_reader\0_BEM_Setup\SimResults_neighbourhoods\option_9_j2_20260531_v1\CAN_MTL\RC-T\RC-T_EEM_J_DEFAULT_20260531_114325\results
RC-T,RC-T,CAN_MTL,1,0,0,0,EEM_J_ENVELOPE,113.9616,10.4028,7.2068,26.0656,5.7679,57.1062,6.3595,85.2309,tier3,0,859,c:\Users\o_iseri\Desktop\idf_reader\0_BEM_Setup\SimResults_neighbourhoods\option_9_j2_20260531_v1\CAN_MTL\RC-T\RC-T_EEM_J_ENVELOPE_20260531_114330\RC-T_EEM_J_ENVELOPE_20260531_114330.idf,c:\Users\o_iseri\Desktop\idf_reader\0_BEM_Setup\SimResults_neighbourhoods\option_9_j2_20260531_v1\CAN_MTL\RC-T\RC-T_EEM_J_ENVELOPE_20260531_114330\results
RC-T,RC-T,CAN_MTL,0,1,0,0,EEM_J_HVAC_ONLY,115.474,11.1622,5.7843,26.8857,5.7679,57.1062,7.7149,85.2876,tier3,0,820,c:\Users\o_iseri\Desktop\idf_reader\0_BEM_Setup\SimResults_neighbourhoods\option_9_j2_20260531_v1\CAN_MTL\RC-T\RC-T_EEM_J_HVAC_ONLY_20260531_114333\RC-T_EEM_J_HVAC_ONLY_20260531_114333.idf,c:\Users\o_iseri\Desktop\idf_reader\0_BEM_Setup\SimResults_neighbourhoods\option_9_j2_20260531_v1\CAN_MTL\RC-T\RC-T_EEM_J_HVAC_ONLY_20260531_114333\results
RC-T,RC-T,CAN_MTL,0,0,1,0,EEM_J_DHW_ONLY,124.6165,36.1823,6.2946,11.5488,5.7679,57.1062,6.6639,85.2876,tier3,0,825,c:\Users\o_iseri\Desktop\idf_reader\0_BEM_Setup\SimResults_neighbourhoods\option_9_j2_20260531_v1\CAN_MTL\RC-T\RC-T_EEM_J_DHW_ONLY_20260531_114334\RC-T_EEM_J_DHW_ONLY_20260531_114334.idf,c:\Users\o_iseri\Desktop\idf_reader\0_BEM_Setup\SimResults_neighbourhoods\option_9_j2_20260531_v1\CAN_MTL\RC-T\RC-T_EEM_J_DHW_ONLY_20260531_114334\results
RC-T,RC-T,CAN_MTL,1,1,0,0,EEM_J_ENV_HVAC,106.5469,3.1824,6.5176,26.0648,5.7679,57.1062,6.8551,85.2309,tier3,0,920,c:\Users\o_iseri\Desktop\idf_reader\0_BEM_Setup\SimResults_neighbourhoods\option_9_j2_20260531_v1\CAN_MTL\RC-T\RC-T_EEM_J_ENV_HVAC_20260531_114335\RC-T_EEM_J_ENV_HVAC_20260531_114335.idf,c:\Users\o_iseri\Desktop\idf_reader\0_BEM_Setup\SimResults_neighbourhoods\option_9_j2_20260531_v1\CAN_MTL\RC-T\RC-T_EEM_J_ENV_HVAC_20260531_114335\results
RC-T,RC-T,CAN_MTL,1,0,1,0,EEM_J_ENV_DHW,99.2057,10.447,7.2149,11.2133,5.7679,57.1062,6.4035,85.2309,tier3,0,933,c:\Users\o_iseri\Desktop\idf_reader\0_BEM_Setup\SimResults_neighbourhoods\option_9_j2_20260531_v1\CAN_MTL\RC-T\RC-T_EEM_J_ENV_DHW_20260531_114404\RC-T_EEM_J_ENV_DHW_20260531_114404.idf,c:\Users\o_iseri\Desktop\idf_reader\0_BEM_Setup\SimResults_neighbourhoods\option_9_j2_20260531_v1\CAN_MTL\RC-T\RC-T_EEM_J_ENV_DHW_20260531_114404\results
RC-T,RC-T,CAN_MTL,0,1,1,0,EEM_J_HVAC_DHW,100.192,11.1405,5.8074,11.5556,5.7679,57.1062,7.7617,85.2876,tier3,0,884,c:\Users\o_iseri\Desktop\idf_reader\0_BEM_Setup\SimResults_neighbourhoods\option_9_j2_20260531_v1\CAN_MTL\RC-T\RC-T_EEM_J_HVAC_DHW_20260531_114405\RC-T_EEM_J_HVAC_DHW_20260531_114405.idf,c:\Users\o_iseri\Desktop\idf_reader\0_BEM_Setup\SimResults_neighbourhoods\option_9_j2_20260531_v1\CAN_MTL\RC-T\RC-T_EEM_J_HVAC_DHW_20260531_114405\results
RC-T,RC-T,CAN_MTL,1,1,1,0,EEM_J_ENV_HVAC_DHW,91.7695,3.1959,6.5291,11.2134,5.7679,57.1062,6.9042,85.2309,tier3,0,1000,c:\Users\o_iseri\Desktop\idf_reader\0_BEM_Setup\SimResults_neighbourhoods\option_9_j2_20260531_v1\CAN_MTL\RC-T\RC-T_EEM_J_ENV_HVAC_DHW_20260531_114411\RC-T_EEM_J_ENV_HVAC_DHW_20260531_114411.idf,c:\Users\o_iseri\Desktop\idf_reader\0_BEM_Setup\SimResults_neighbourhoods\option_9_j2_20260531_v1\CAN_MTL\RC-T\RC-T_EEM_J_ENV_HVAC_DHW_20260531_114411\results
RC-T,RC-T,CAN_MTL,0,0,0,1,EEM_J_EEM4_ONLY,121.1455,44.2081,4.6554,26.8888,3.1723,34.7672,6.4008,85.2876,tier3,0,731,c:\Users\o_iseri\Desktop\idf_reader\0_BEM_Setup\SimResults_neighbourhoods\option_9_j2_20260531_v1\CAN_MTL\RC-T\RC-T_EEM_J_EEM4_ONLY_20260531_114415\RC-T_EEM_J_EEM4_ONLY_20260531_114415.idf,c:\Users\o_iseri\Desktop\idf_reader\0_BEM_Setup\SimResults_neighbourhoods\option_9_j2_20260531_v1\CAN_MTL\RC-T\RC-T_EEM_J_EEM4_ONLY_20260531_114415\results
RC-T,RC-T,CAN_MTL,1,0,0,1,EEM_J_ENVELOPE_EEM4,92.796,16.3728,5.2225,26.1053,3.1723,34.7672,6.1032,85.2309,tier3,0,859,c:\Users\o_iseri\Desktop\idf_reader\0_BEM_Setup\SimResults_neighbourhoods\option_9_j2_20260531_v1\CAN_MTL\RC-T\RC-T_EEM_J_ENVELOPE_EEM4_20260531_114424\RC-T_EEM_J_ENVELOPE_EEM4_20260531_114424.idf,c:\Users\o_iseri\Desktop\idf_reader\0_BEM_Setup\SimResults_neighbourhoods\option_9_j2_20260531_v1\CAN_MTL\RC-T\RC-T_EEM_J_ENVELOPE_EEM4_20260531_114424\results
RC-T,RC-T,CAN_MTL,0,1,0,1,EEM_J_HVAC_ONLY_EEM4,91.2661,13.4205,4.3607,26.9013,3.1723,34.7672,7.5912,85.2876,tier3,0,808,c:\Users\o_iseri\Desktop\idf_reader\0_BEM_Setup\SimResults_neighbourhoods\option_9_j2_20260531_v1\CAN_MTL\RC-T\RC-T_EEM_J_HVAC_ONLY_EEM4_20260531_114424\RC-T_EEM_J_HVAC_ONLY_EEM4_20260531_114424.idf,c:\Users\o_iseri\Desktop\idf_reader\0_BEM_Setup\SimResults_neighbourhoods\option_9_j2_20260531_v1\CAN_MTL\RC-T\RC-T_EEM_J_HVAC_ONLY_EEM4_20260531_114424\results
RC-T,RC-T,CAN_MTL,0,0,1,1,EEM_J_DHW_ONLY_EEM4,105.7911,44.1161,4.6795,11.5529,3.1723,34.7672,6.4503,85.2876,tier3,0,787,c:\Users\o_iseri\Desktop\idf_reader\0_BEM_Setup\SimResults_neighbourhoods\option_9_j2_20260531_v1\CAN_MTL\RC-T\RC-T_EEM_J_DHW_ONLY_EEM4_20260531_114427\RC-T_EEM_J_DHW_ONLY_EEM4_20260531_114427.idf,c:\Users\o_iseri\Desktop\idf_reader\0_BEM_Setup\SimResults_neighbourhoods\option_9_j2_20260531_v1\CAN_MTL\RC-T\RC-T_EEM_J_DHW_ONLY_EEM4_20260531_114427\results
RC-T,RC-T,CAN_MTL,1,1,0,1,EEM_J_ENV_HVAC_EEM4,81.4859,4.9237,4.7112,26.1052,3.1723,34.7672,6.7534,85.2309,tier3,0,920,c:\Users\o_iseri\Desktop\idf_reader\0_BEM_Setup\SimResults_neighbourhoods\option_9_j2_20260531_v1\CAN_MTL\RC-T\RC-T_EEM_J_ENV_HVAC_EEM4_20260531_114441\RC-T_EEM_J_ENV_HVAC_EEM4_20260531_114441.idf,c:\Users\o_iseri\Desktop\idf_reader\0_BEM_Setup\SimResults_neighbourhoods\option_9_j2_20260531_v1\CAN_MTL\RC-T\RC-T_EEM_J_ENV_HVAC_EEM4_20260531_114441\results
RC-T,RC-T,CAN_MTL,1,0,1,1,EEM_J_ENV_DHW_EEM4,78.0306,16.4249,5.2324,11.2349,3.1723,34.7672,6.1461,85.2309,tier3,0,923,c:\Users\o_iseri\Desktop\idf_reader\0_BEM_Setup\SimResults_neighbourhoods\option_9_j2_20260531_v1\CAN_MTL\RC-T\RC-T_EEM_J_ENV_DHW_EEM4_20260531_114443\RC-T_EEM_J_ENV_DHW_EEM4_20260531_114443.idf,c:\Users\o_iseri\Desktop\idf_reader\0_BEM_Setup\SimResults_neighbourhoods\option_9_j2_20260531_v1\CAN_MTL\RC-T\RC-T_EEM_J_ENV_DHW_EEM4_20260531_114443\results
RC-T,RC-T,CAN_MTL,0,1,1,1,EEM_J_HVAC_DHW_EEM4,75.9729,13.3957,4.383,11.5631,3.1723,34.7672,7.6388,85.2876,tier3,0,866,c:\Users\o_iseri\Desktop\idf_reader\0_BEM_Setup\SimResults_neighbourhoods\option_9_j2_20260531_v1\CAN_MTL\RC-T\RC-T_EEM_J_HVAC_DHW_EEM4_20260531_114448\RC-T_EEM_J_HVAC_DHW_EEM4_20260531_114448.idf,c:\Users\o_iseri\Desktop\idf_reader\0_BEM_Setup\SimResults_neighbourhoods\option_9_j2_20260531_v1\CAN_MTL\RC-T\RC-T_EEM_J_HVAC_DHW_EEM4_20260531_114448\results
RC-T,RC-T,CAN_MTL,1,1,1,1,EEM_J_ENV_HVAC_DHW_EEM4,66.697,4.943,4.7241,11.2356,3.1723,34.7672,6.8019,85.2309,tier3,0,982,c:\Users\o_iseri\Desktop\idf_reader\0_BEM_Setup\SimResults_neighbourhoods\option_9_j2_20260531_v1\CAN_MTL\RC-T\RC-T_EEM_J_ENV_HVAC_DHW_EEM4_20260531_114458\RC-T_EEM_J_ENV_HVAC_DHW_EEM4_20260531_114458.idf,c:\Users\o_iseri\Desktop\idf_reader\0_BEM_Setup\SimResults_neighbourhoods\option_9_j2_20260531_v1\CAN_MTL\RC-T\RC-T_EEM_J_ENV_HVAC_DHW_EEM4_20260531_114458\results
RC-R,RC-R,CAN_MTL,0,0,0,0,EEM_J_DEFAULT,137.8119,50.6985,6.562,22.139,4.7017,46.5502,6.3022,0,native,0,283,c:\Users\o_iseri\Desktop\idf_reader\0_BEM_Setup\SimResults_neighbourhoods\option_9_j2_20260531_v1\CAN_MTL\RC-R\RC-R_EEM_J_DEFAULT_20260531_114459\RC-R_EEM_J_DEFAULT_20260531_114459.idf,c:\Users\o_iseri\Desktop\idf_reader\0_BEM_Setup\SimResults_neighbourhoods\option_9_j2_20260531_v1\CAN_MTL\RC-R\RC-R_EEM_J_DEFAULT_20260531_114459\results
RC-R,RC-R,CAN_MTL,1,0,0,0,EEM_J_ENVELOPE,107.6104,20.7351,7.1574,21.7076,4.7017,46.5502,5.9001,90.5457,tier3,0,219,c:\Users\o_iseri\Desktop\idf_reader\0_BEM_Setup\SimResults_neighbourhoods\option_9_j2_20260531_v1\CAN_MTL\RC-R\RC-R_EEM_J_ENVELOPE_20260531_114501\RC-R_EEM_J_ENVELOPE_20260531_114501.idf,c:\Users\o_iseri\Desktop\idf_reader\0_BEM_Setup\SimResults_neighbourhoods\option_9_j2_20260531_v1\CAN_MTL\RC-R\RC-R_EEM_J_ENVELOPE_20260531_114501\results
RC-R,RC-R,CAN_MTL,0,1,0,0,EEM_J_HVAC_ONLY,103.4119,15.3197,6.082,22.1436,4.7017,46.5502,7.7564,90.6004,tier3,0,360,c:\Users\o_iseri\Desktop\idf_reader\0_BEM_Setup\SimResults_neighbourhoods\option_9_j2_20260531_v1\CAN_MTL\RC-R\RC-R_EEM_J_HVAC_ONLY_20260531_114504\RC-R_EEM_J_HVAC_ONLY_20260531_114504.idf,c:\Users\o_iseri\Desktop\idf_reader\0_BEM_Setup\SimResults_neighbourhoods\option_9_j2_20260531_v1\CAN_MTL\RC-R\RC-R_EEM_J_HVAC_ONLY_20260531_114504\results
RC-R,RC-R,CAN_MTL,0,0,1,0,EEM_J_DHW_ONLY,125.2812,53.3106,6.5848,6.8046,4.7017,46.5502,6.471,90.6004,tier3,0,571,c:\Users\o_iseri\Desktop\idf_reader\0_BEM_Setup\SimResults_neighbourhoods\option_9_j2_20260531_v1\CAN_MTL\RC-R\RC-R_EEM_J_DHW_ONLY_20260531_114504\RC-R_EEM_J_DHW_ONLY_20260531_114504.idf,c:\Users\o_iseri\Desktop\idf_reader\0_BEM_Setup\SimResults_neighbourhoods\option_9_j2_20260531_v1\CAN_MTL\RC-R\RC-R_EEM_J_DHW_ONLY_20260531_114504\results
RC-R,RC-R,CAN_MTL,1,1,0,0,EEM_J_ENV_HVAC,93.1634,6.1586,6.5473,21.7075,4.7017,46.5502,6.6398,90.5457,tier3,0,408,c:\Users\o_iseri\Desktop\idf_reader\0_BEM_Setup\SimResults_neighbourhoods\option_9_j2_20260531_v1\CAN_MTL\RC-R\RC-R_EEM_J_ENV_HVAC_20260531_114507\RC-R_EEM_J_ENV_HVAC_20260531_114507.idf,c:\Users\o_iseri\Desktop\idf_reader\0_BEM_Setup\SimResults_neighbourhoods\option_9_j2_20260531_v1\CAN_MTL\RC-R\RC-R_EEM_J_ENV_HVAC_20260531_114507\results
RC-R,RC-R,CAN_MTL,1,0,1,0,EEM_J_ENV_DHW,95.4269,23.4431,7.1735,6.6358,4.7017,46.5502,6.0644,90.5457,tier3,0,661,c:\Users\o_iseri\Desktop\idf_reader\0_BEM_Setup\SimResults_neighbourhoods\option_9_j2_20260531_v1\CAN_MTL\RC-R\RC-R_EEM_J_ENV_DHW_20260531_114523\RC-R_EEM_J_ENV_DHW_20260531_114523.idf,c:\Users\o_iseri\Desktop\idf_reader\0_BEM_Setup\SimResults_neighbourhoods\option_9_j2_20260531_v1\CAN_MTL\RC-R\RC-R_EEM_J_ENV_DHW_20260531_114523\results
RC-R,RC-R,CAN_MTL,0,1,1,0,EEM_J_HVAC_DHW,90.9492,18.01,6.1024,6.8058,4.7017,46.5502,7.9209,90.6004,tier3,0,648,c:\Users\o_iseri\Desktop\idf_reader\0_BEM_Setup\SimResults_neighbourhoods\option_9_j2_20260531_v1\CAN_MTL\RC-R\RC-R_EEM_J_HVAC_DHW_20260531_114530\RC-R_EEM_J_HVAC_DHW_20260531_114530.idf,c:\Users\o_iseri\Desktop\idf_reader\0_BEM_Setup\SimResults_neighbourhoods\option_9_j2_20260531_v1\CAN_MTL\RC-R\RC-R_EEM_J_HVAC_DHW_20260531_114530\results
RC-R,RC-R,CAN_MTL,1,1,1,0,EEM_J_ENV_HVAC_DHW,80.9846,8.8713,6.5624,6.6361,4.7017,46.5502,6.8048,90.5457,tier3,0,696,c:\Users\o_iseri\Desktop\idf_reader\0_BEM_Setup\SimResults_neighbourhoods\option_9_j2_20260531_v1\CAN_MTL\RC-R\RC-R_EEM_J_ENV_HVAC_DHW_20260531_114533\RC-R_EEM_J_ENV_HVAC_DHW_20260531_114533.idf,c:\Users\o_iseri\Desktop\idf_reader\0_BEM_Setup\SimResults_neighbourhoods\option_9_j2_20260531_v1\CAN_MTL\RC-R\RC-R_EEM_J_ENV_HVAC_DHW_20260531_114533\results
RC-R,RC-R,CAN_MTL,0,0,0,1,EEM_J_EEM4_ONLY,122.8865,57.4712,5.4013,22.1444,2.5859,28.3405,6.0848,90.6004,tier3,0,283,c:\Users\o_iseri\Desktop\idf_reader\0_BEM_Setup\SimResults_neighbourhoods\option_9_j2_20260531_v1\CAN_MTL\RC-R\RC-R_EEM_J_EEM4_ONLY_20260531_114551\RC-R_EEM_J_EEM4_ONLY_20260531_114551.idf,c:\Users\o_iseri\Desktop\idf_reader\0_BEM_Setup\SimResults_neighbourhoods\option_9_j2_20260531_v1\CAN_MTL\RC-R\RC-R_EEM_J_EEM4_ONLY_20260531_114551\results
RC-R,RC-R,CAN_MTL,1,0,0,1,EEM_J_ENVELOPE_EEM4,91.4445,26.4601,5.7905,21.7273,2.5859,28.3405,5.6818,90.5457,tier3,0,331,c:\Users\o_iseri\Desktop\idf_reader\0_BEM_Setup\SimResults_neighbourhoods\option_9_j2_20260531_v1\CAN_MTL\RC-R\RC-R_EEM_J_ENVELOPE_EEM4_20260531_114558\RC-R_EEM_J_ENVELOPE_EEM4_20260531_114558.idf,c:\Users\o_iseri\Desktop\idf_reader\0_BEM_Setup\SimResults_neighbourhoods\option_9_j2_20260531_v1\CAN_MTL\RC-R\RC-R_EEM_J_ENVELOPE_EEM4_20260531_114558\results
RC-R,RC-R,CAN_MTL,0,1,0,1,EEM_J_HVAC_ONLY_EEM4,83.8927,17.2289,5.0287,22.1535,2.5859,28.3405,7.697,90.6004,tier3,0,360,c:\Users\o_iseri\Desktop\idf_reader\0_BEM_Setup\SimResults_neighbourhoods\option_9_j2_20260531_v1\CAN_MTL\RC-R\RC-R_EEM_J_HVAC_ONLY_EEM4_20260531_114600\RC-R_EEM_J_HVAC_ONLY_EEM4_20260531_114600.idf,c:\Users\o_iseri\Desktop\idf_reader\0_BEM_Setup\SimResults_neighbourhoods\option_9_j2_20260531_v1\CAN_MTL\RC-R\RC-R_EEM_J_HVAC_ONLY_EEM4_20260531_114600\results
RC-R,RC-R,CAN_MTL,0,0,1,1,EEM_J_DHW_ONLY_EEM4,110.3438,60.0753,5.4226,6.8075,2.5859,28.3405,6.2537,90.6004,tier3,0,571,c:\Users\o_iseri\Desktop\idf_reader\0_BEM_Setup\SimResults_neighbourhoods\option_9_j2_20260531_v1\CAN_MTL\RC-R\RC-R_EEM_J_DHW_ONLY_EEM4_20260531_114619\RC-R_EEM_J_DHW_ONLY_EEM4_20260531_114619.idf,c:\Users\o_iseri\Desktop\idf_reader\0_BEM_Setup\SimResults_neighbourhoods\option_9_j2_20260531_v1\CAN_MTL\RC-R\RC-R_EEM_J_DHW_ONLY_EEM4_20260531_114619\results
RC-R,RC-R,CAN_MTL,1,1,0,1,EEM_J_ENV_HVAC_EEM4,73.2393,7.8401,5.2861,21.7276,2.5859,28.3405,6.6008,90.5457,tier3,0,408,c:\Users\o_iseri\Desktop\idf_reader\0_BEM_Setup\SimResults_neighbourhoods\option_9_j2_20260531_v1\CAN_MTL\RC-R\RC-R_EEM_J_ENV_HVAC_EEM4_20260531_114625\RC-R_EEM_J_ENV_HVAC_EEM4_20260531_114625.idf,c:\Users\o_iseri\Desktop\idf_reader\0_BEM_Setup\SimResults_neighbourhoods\option_9_j2_20260531_v1\CAN_MTL\RC-R\RC-R_EEM_J_ENV_HVAC_EEM4_20260531_114625\results
RC-R,RC-R,CAN_MTL,1,0,1,1,EEM_J_ENV_DHW_EEM4,79.2453,29.1662,5.8059,6.6426,2.5859,28.3405,5.846,90.5457,tier3,0,643,c:\Users\o_iseri\Desktop\idf_reader\0_BEM_Setup\SimResults_neighbourhoods\option_9_j2_20260531_v1\CAN_MTL\RC-R\RC-R_EEM_J_ENV_DHW_EEM4_20260531_114626\RC-R_EEM_J_ENV_DHW_EEM4_20260531_114626.idf,c:\Users\o_iseri\Desktop\idf_reader\0_BEM_Setup\SimResults_neighbourhoods\option_9_j2_20260531_v1\CAN_MTL\RC-R\RC-R_EEM_J_ENV_DHW_EEM4_20260531_114626\results
RC-R,RC-R,CAN_MTL,0,1,1,1,EEM_J_HVAC_DHW_EEM4,71.4302,19.9199,5.0472,6.8162,2.5859,28.3405,7.8623,90.6004,tier3,0,648,c:\Users\o_iseri\Desktop\idf_reader\0_BEM_Setup\SimResults_neighbourhoods\option_9_j2_20260531_v1\CAN_MTL\RC-R\RC-R_EEM_J_HVAC_DHW_EEM4_20260531_114643\RC-R_EEM_J_HVAC_DHW_EEM4_20260531_114643.idf,c:\Users\o_iseri\Desktop\idf_reader\0_BEM_Setup\SimResults_neighbourhoods\option_9_j2_20260531_v1\CAN_MTL\RC-R\RC-R_EEM_J_HVAC_DHW_EEM4_20260531_114643\results
RC-R,RC-R,CAN_MTL,1,1,1,1,EEM_J_ENV_HVAC_DHW_EEM4,61.0471,10.553,5.3006,6.6432,2.5859,28.3405,6.7657,90.5457,tier3,0,704,c:\Users\o_iseri\Desktop\idf_reader\0_BEM_Setup\SimResults_neighbourhoods\option_9_j2_20260531_v1\CAN_MTL\RC-R\RC-R_EEM_J_ENV_HVAC_DHW_EEM4_20260531_114645\RC-R_EEM_J_ENV_HVAC_DHW_EEM4_20260531_114645.idf,c:\Users\o_iseri\Desktop\idf_reader\0_BEM_Setup\SimResults_neighbourhoods\option_9_j2_20260531_v1\CAN_MTL\RC-R\RC-R_EEM_J_ENV_HVAC_DHW_EEM4_20260531_114645\results
RC-MR1,RC-MR1,US_ASHRAE,0,0,0,0,EEM_J_DEFAULT,123.2618,16.1585,7.7355,37.7463,5.6721,46.3403,7.7364,0,native,0,904,c:\Users\o_iseri\Desktop\idf_reader\0_BEM_Setup\SimResults_neighbourhoods\option_9_j2_20260531_v1\US_ASHRAE\RC-MR1\RC-MR1_EEM_J_DEFAULT_20260601_015153\RC-MR1_EEM_J_DEFAULT_20260601_015153.idf,c:\Users\o_iseri\Desktop\idf_reader\0_BEM_Setup\SimResults_neighbourhoods\option_9_j2_20260531_v1\US_ASHRAE\RC-MR1\RC-MR1_EEM_J_DEFAULT_20260601_015153\results
RC-MR1,RC-MR1,US_ASHRAE,1,0,0,0,EEM_J_ENVELOPE,112.4111,1.5122,11.2397,37.2595,5.6721,46.3403,8.5146,73.0901,tier3,0,1150,c:\Users\o_iseri\Desktop\idf_reader\0_BEM_Setup\SimResults_neighbourhoods\option_9_j2_20260531_v1\US_ASHRAE\RC-MR1\RC-MR1_EEM_J_ENVELOPE_20260601_015202\RC-MR1_EEM_J_ENVELOPE_20260601_015202.idf,c:\Users\o_iseri\Desktop\idf_reader\0_BEM_Setup\SimResults_neighbourhoods\option_9_j2_20260531_v1\US_ASHRAE\RC-MR1\RC-MR1_EEM_J_ENVELOPE_20260601_015202\results
RC-MR1,RC-MR1,US_ASHRAE,0,1,0,0,EEM_J_HVAC_ONLY,112.2836,4.4913,8.3813,37.7466,5.6721,46.3403,7.7792,73.1043,tier3,0,1097,c:\Users\o_iseri\Desktop\idf_reader\0_BEM_Setup\SimResults_neighbourhoods\option_9_j2_20260531_v1\US_ASHRAE\RC-MR1\RC-MR1_EEM_J_HVAC_ONLY_20260601_015210\RC-MR1_EEM_J_HVAC_ONLY_20260601_015210.idf,c:\Users\o_iseri\Desktop\idf_reader\0_BEM_Setup\SimResults_neighbourhoods\option_9_j2_20260531_v1\US_ASHRAE\RC-MR1\RC-MR1_EEM_J_HVAC_ONLY_20260601_015210\results
RC-MR1,RC-MR1,US_ASHRAE,0,0,1,0,EEM_J_DHW_ONLY,101.6082,16.5821,7.5974,15.778,5.6721,46.3403,7.7656,73.1043,tier3,28,1814,c:\Users\o_iseri\Desktop\idf_reader\0_BEM_Setup\SimResults_neighbourhoods\option_9_j2_20260531_v1\US_ASHRAE\RC-MR1\RC-MR1_EEM_J_DHW_ONLY_20260601_015214\RC-MR1_EEM_J_DHW_ONLY_20260601_015214.idf,c:\Users\o_iseri\Desktop\idf_reader\0_BEM_Setup\SimResults_neighbourhoods\option_9_j2_20260531_v1\US_ASHRAE\RC-MR1\RC-MR1_EEM_J_DHW_ONLY_20260601_015214\results
RC-MR1,RC-MR1,US_ASHRAE,1,1,0,0,EEM_J_ENV_HVAC,111.5575,0.4346,12.1542,37.2595,5.6721,46.3403,7.8241,73.0901,tier3,0,1309,c:\Users\o_iseri\Desktop\idf_reader\0_BEM_Setup\SimResults_neighbourhoods\option_9_j2_20260531_v1\US_ASHRAE\RC-MR1\RC-MR1_EEM_J_ENV_HVAC_20260601_015216\RC-MR1_EEM_J_ENV_HVAC_20260601_015216.idf,c:\Users\o_iseri\Desktop\idf_reader\0_BEM_Setup\SimResults_neighbourhoods\option_9_j2_20260531_v1\US_ASHRAE\RC-MR1\RC-MR1_EEM_J_ENV_HVAC_20260601_015216\results
RC-MR1,RC-MR1,US_ASHRAE,1,0,1,0,EEM_J_ENV_DHW,90.5149,1.5407,10.9995,15.5948,5.6721,46.3403,8.4948,73.0901,tier3,0,2040,c:\Users\o_iseri\Desktop\idf_reader\0_BEM_Setup\SimResults_neighbourhoods\option_9_j2_20260531_v1\US_ASHRAE\RC-MR1\RC-MR1_EEM_J_ENV_DHW_20260601_015223\RC-MR1_EEM_J_ENV_DHW_20260601_015223.idf,c:\Users\o_iseri\Desktop\idf_reader\0_BEM_Setup\SimResults_neighbourhoods\option_9_j2_20260531_v1\US_ASHRAE\RC-MR1\RC-MR1_EEM_J_ENV_DHW_20260601_015223\results
RC-MR1,RC-MR1,US_ASHRAE,0,1,1,0,EEM_J_HVAC_DHW,90.3362,4.6074,8.2268,15.7746,5.6721,46.3403,7.8423,73.1043,tier3,60,1990,c:\Users\o_iseri\Desktop\idf_reader\0_BEM_Setup\SimResults_neighbourhoods\option_9_j2_20260531_v1\US_ASHRAE\RC-MR1\RC-MR1_EEM_J_HVAC_DHW_20260601_015230\RC-MR1_EEM_J_HVAC_DHW_20260601_015230.idf,c:\Users\o_iseri\Desktop\idf_reader\0_BEM_Setup\SimResults_neighbourhoods\option_9_j2_20260531_v1\US_ASHRAE\RC-MR1\RC-MR1_EEM_J_HVAC_DHW_20260601_015230\results
RC-MR1,RC-MR1,US_ASHRAE,1,1,1,0,EEM_J_ENV_HVAC_DHW,89.6557,0.4426,11.8941,15.5928,5.6721,46.3403,7.8411,73.0901,tier3,0,2199,c:\Users\o_iseri\Desktop\idf_reader\0_BEM_Setup\SimResults_neighbourhoods\option_9_j2_20260531_v1\US_ASHRAE\RC-MR1\RC-MR1_EEM_J_ENV_HVAC_DHW_20260601_015233\RC-MR1_EEM_J_ENV_HVAC_DHW_20260601_015233.idf,c:\Users\o_iseri\Desktop\idf_reader\0_BEM_Setup\SimResults_neighbourhoods\option_9_j2_20260531_v1\US_ASHRAE\RC-MR1\RC-MR1_EEM_J_ENV_HVAC_DHW_20260601_015233\results
RC-MR1,RC-MR1,US_ASHRAE,1,0,0,1,EEM_J_ENVELOPE_EEM4,84.9056,4.3032,6.9151,37.335,2.5663,25.0182,6.8952,73.0901,tier3,0,1511,c:\Users\o_iseri\Desktop\idf_reader\0_BEM_Setup\SimResults_neighbourhoods\option_9_j2_20260531_v1\US_ASHRAE\RC-MR1\RC-MR1_EEM_J_ENVELOPE_EEM4_20260601_015238\RC-MR1_EEM_J_ENVELOPE_EEM4_20260601_015238.idf,c:\Users\o_iseri\Desktop\idf_reader\0_BEM_Setup\SimResults_neighbourhoods\option_9_j2_20260531_v1\US_ASHRAE\RC-MR1\RC-MR1_EEM_J_ENVELOPE_EEM4_20260601_015238\results
RC-MR1,RC-MR1,US_ASHRAE,1,1,0,1,EEM_J_ENV_HVAC_EEM4,82.2097,1.2042,7.4813,37.335,2.5663,25.0182,6.7321,73.0901,tier3,16,1655,c:\Users\o_iseri\Desktop\idf_reader\0_BEM_Setup\SimResults_neighbourhoods\option_9_j2_20260531_v1\US_ASHRAE\RC-MR1\RC-MR1_EEM_J_ENV_HVAC_EEM4_20260601_015241\RC-MR1_EEM_J_ENV_HVAC_EEM4_20260601_015241.idf,c:\Users\o_iseri\Desktop\idf_reader\0_BEM_Setup\SimResults_neighbourhoods\option_9_j2_20260531_v1\US_ASHRAE\RC-MR1\RC-MR1_EEM_J_ENV_HVAC_EEM4_20260601_015241\results
RC-MR1,RC-MR1,US_ASHRAE,1,0,1,1,EEM_J_ENV_DHW_EEM4,63.2703,4.5782,6.7347,15.6049,2.5663,25.0182,6.8955,73.0901,tier3,65,2421,c:\Users\o_iseri\Desktop\idf_reader\0_BEM_Setup\SimResults_neighbourhoods\option_9_j2_20260531_v1\US_ASHRAE\RC-MR1\RC-MR1_EEM_J_ENV_DHW_EEM4_20260601_015247\RC-MR1_EEM_J_ENV_DHW_EEM4_20260601_015247.idf,c:\Users\o_iseri\Desktop\idf_reader\0_BEM_Setup\SimResults_neighbourhoods\option_9_j2_20260531_v1\US_ASHRAE\RC-MR1\RC-MR1_EEM_J_ENV_DHW_EEM4_20260601_015247\results
RC-MR1,RC-MR1,US_ASHRAE,1,1,1,1,EEM_J_ENV_HVAC_DHW_EEM4,60.391,1.2777,7.2769,15.6057,2.5663,25.0182,6.7736,73.0901,tier3,104,2570,c:\Users\o_iseri\Desktop\idf_reader\0_BEM_Setup\SimResults_neighbourhoods\option_9_j2_20260531_v1\US_ASHRAE\RC-MR1\RC-MR1_EEM_J_ENV_HVAC_DHW_EEM4_20260601_015248\RC-MR1_EEM_J_ENV_HVAC_DHW_EEM4_20260601_015248.idf,c:\Users\o_iseri\Desktop\idf_reader\0_BEM_Setup\SimResults_neighbourhoods\option_9_j2_20260531_v1\US_ASHRAE\RC-MR1\RC-MR1_EEM_J_ENV_HVAC_DHW_EEM4_20260601_015248\results
RC-MR2,RC-MR2,US_ASHRAE,0,0,0,0,EEM_J_DEFAULT,137.7332,29.992,6.5201,43.6113,5.6307,41.5261,8.2143,0,native,0,6821,c:\Users\o_iseri\Desktop\idf_reader\0_BEM_Setup\SimResults_neighbourhoods\option_9_j2_20260531_v1\US_ASHRAE\RC-MR2\RC-MR2_EEM_J_DEFAULT_20260601_015302\RC-MR2_EEM_J_DEFAULT_20260601_015302.idf,c:\Users\o_iseri\Desktop\idf_reader\0_BEM_Setup\SimResults_neighbourhoods\option_9_j2_20260531_v1\US_ASHRAE\RC-MR2\RC-MR2_EEM_J_DEFAULT_20260601_015302\results
RC-MR2,RC-MR2,US_ASHRAE,1,0,0,0,EEM_J_ENVELOPE,113.7712,1.8354,10.4288,43.4704,5.6307,41.5261,8.641,66.2511,tier3,0,7228,c:\Users\o_iseri\Desktop\idf_reader\0_BEM_Setup\SimResults_neighbourhoods\option_9_j2_20260531_v1\US_ASHRAE\RC-MR2\RC-MR2_EEM_J_ENVELOPE_20260601_015307\RC-MR2_EEM_J_ENVELOPE_20260601_015307.idf,c:\Users\o_iseri\Desktop\idf_reader\0_BEM_Setup\SimResults_neighbourhoods\option_9_j2_20260531_v1\US_ASHRAE\RC-MR2\RC-MR2_EEM_J_ENVELOPE_20260601_015307\results
RC-MR2,RC-MR2,US_ASHRAE,0,1,0,0,EEM_J_HVAC_ONLY,117.2178,8.2231,7.566,43.6116,5.6307,41.5261,8.4216,66.2511,tier3,0,7417,c:\Users\o_iseri\Desktop\idf_reader\0_BEM_Setup\SimResults_neighbourhoods\option_9_j2_20260531_v1\US_ASHRAE\RC-MR2\RC-MR2_EEM_J_HVAC_ONLY_20260601_015312\RC-MR2_EEM_J_HVAC_ONLY_20260601_015312.idf,c:\Users\o_iseri\Desktop\idf_reader\0_BEM_Setup\SimResults_neighbourhoods\option_9_j2_20260531_v1\US_ASHRAE\RC-MR2\RC-MR2_EEM_J_HVAC_ONLY_20260601_015312\results
RC-MR2,RC-MR2,US_ASHRAE,0,0,1,0,EEM_J_DHW_ONLY,112.8054,30.8163,6.3508,17.9848,5.6307,41.5261,8.258,66.2511,tier3,32,9472,c:\Users\o_iseri\Desktop\idf_reader\0_BEM_Setup\SimResults_neighbourhoods\option_9_j2_20260531_v1\US_ASHRAE\RC-MR2\RC-MR2_EEM_J_DHW_ONLY_20260601_015313\RC-MR2_EEM_J_DHW_ONLY_20260601_015313.idf,c:\Users\o_iseri\Desktop\idf_reader\0_BEM_Setup\SimResults_neighbourhoods\option_9_j2_20260531_v1\US_ASHRAE\RC-MR2\RC-MR2_EEM_J_DHW_ONLY_20260601_015313\results
RC-MR2,RC-MR2,US_ASHRAE,1,1,0,0,EEM_J_ENV_HVAC,112.9858,0.5174,11.8941,43.4706,5.6307,41.5261,7.7083,66.2511,tier3,0,7811,c:\Users\o_iseri\Desktop\idf_reader\0_BEM_Setup\SimResults_neighbourhoods\option_9_j2_20260531_v1\US_ASHRAE\RC-MR2\RC-MR2_EEM_J_ENV_HVAC_20260601_015326\RC-MR2_EEM_J_ENV_HVAC_20260601_015326.idf,c:\Users\o_iseri\Desktop\idf_reader\0_BEM_Setup\SimResults_neighbourhoods\option_9_j2_20260531_v1\US_ASHRAE\RC-MR2\RC-MR2_EEM_J_ENV_HVAC_20260601_015326\results
RC-MR2,RC-MR2,US_ASHRAE,1,0,1,0,EEM_J_ENV_DHW,88.0435,2.0404,10.1261,17.8619,5.6307,41.5261,8.6195,66.2511,tier3,2,9854,c:\Users\o_iseri\Desktop\idf_reader\0_BEM_Setup\SimResults_neighbourhoods\option_9_j2_20260531_v1\US_ASHRAE\RC-MR2\RC-MR2_EEM_J_ENV_DHW_20260601_015346\RC-MR2_EEM_J_ENV_DHW_20260601_015346.idf,c:\Users\o_iseri\Desktop\idf_reader\0_BEM_Setup\SimResults_neighbourhoods\option_9_j2_20260531_v1\US_ASHRAE\RC-MR2\RC-MR2_EEM_J_ENV_DHW_20260601_015346\results
RC-MR2,RC-MR2,US_ASHRAE,0,1,1,0,EEM_J_HVAC_DHW,91.7039,8.4388,7.3745,17.9844,5.6307,41.5261,8.5107,66.2511,tier3,32,10055,c:\Users\o_iseri\Desktop\idf_reader\0_BEM_Setup\SimResults_neighbourhoods\option_9_j2_20260531_v1\US_ASHRAE\RC-MR2\RC-MR2_EEM_J_HVAC_DHW_20260601_015352\RC-MR2_EEM_J_HVAC_DHW_20260601_015352.idf,c:\Users\o_iseri\Desktop\idf_reader\0_BEM_Setup\SimResults_neighbourhoods\option_9_j2_20260531_v1\US_ASHRAE\RC-MR2\RC-MR2_EEM_J_HVAC_DHW_20260601_015352\results
RC-MR2,RC-MR2,US_ASHRAE,1,1,1,0,EEM_J_ENV_HVAC_DHW,87.1259,0.574,11.5623,17.86,5.6307,41.5261,7.7341,66.2511,tier3,3,10444,c:\Users\o_iseri\Desktop\idf_reader\0_BEM_Setup\SimResults_neighbourhoods\option_9_j2_20260531_v1\US_ASHRAE\RC-MR2\RC-MR2_EEM_J_ENV_HVAC_DHW_20260601_015352\RC-MR2_EEM_J_ENV_HVAC_DHW_20260601_015352.idf,c:\Users\o_iseri\Desktop\idf_reader\0_BEM_Setup\SimResults_neighbourhoods\option_9_j2_20260531_v1\US_ASHRAE\RC-MR2\RC-MR2_EEM_J_ENV_HVAC_DHW_20260601_015352\results
RC-MR2,RC-MR2,US_ASHRAE,1,0,0,1,EEM_J_ENVELOPE_EEM4,88.6705,7.3642,5.8266,43.547,2.2983,20.6646,6.7312,66.2511,tier3,0,8770,c:\Users\o_iseri\Desktop\idf_reader\0_BEM_Setup\SimResults_neighbourhoods\option_9_j2_20260531_v1\US_ASHRAE\RC-MR2\RC-MR2_EEM_J_ENVELOPE_EEM4_20260601_015400\RC-MR2_EEM_J_ENVELOPE_EEM4_20260601_015400.idf,c:\Users\o_iseri\Desktop\idf_reader\0_BEM_Setup\SimResults_neighbourhoods\option_9_j2_20260531_v1\US_ASHRAE\RC-MR2\RC-MR2_EEM_J_ENVELOPE_EEM4_20260601_015400\results
RC-MR2,RC-MR2,US_ASHRAE,1,1,0,1,EEM_J_ENV_HVAC_EEM4,84.0236,1.9873,6.7377,43.5472,2.2983,20.6646,6.5499,66.2511,tier3,0,9360,c:\Users\o_iseri\Desktop\idf_reader\0_BEM_Setup\SimResults_neighbourhoods\option_9_j2_20260531_v1\US_ASHRAE\RC-MR2\RC-MR2_EEM_J_ENV_HVAC_EEM4_20260601_015411\RC-MR2_EEM_J_ENV_HVAC_EEM4_20260601_015411.idf,c:\Users\o_iseri\Desktop\idf_reader\0_BEM_Setup\SimResults_neighbourhoods\option_9_j2_20260531_v1\US_ASHRAE\RC-MR2\RC-MR2_EEM_J_ENV_HVAC_EEM4_20260601_015411\results
RC-MR2,RC-MR2,US_ASHRAE,1,0,1,1,EEM_J_ENV_DHW_EEM4,63.3367,7.9461,5.5946,17.8573,2.2983,20.6646,6.7372,66.2511,tier3,86,11390,c:\Users\o_iseri\Desktop\idf_reader\0_BEM_Setup\SimResults_neighbourhoods\option_9_j2_20260531_v1\US_ASHRAE\RC-MR2\RC-MR2_EEM_J_ENV_DHW_EEM4_20260601_015412\RC-MR2_EEM_J_ENV_DHW_EEM4_20260601_015412.idf,c:\Users\o_iseri\Desktop\idf_reader\0_BEM_Setup\SimResults_neighbourhoods\option_9_j2_20260531_v1\US_ASHRAE\RC-MR2\RC-MR2_EEM_J_ENV_DHW_EEM4_20260601_015412\results
RC-MR2,RC-MR2,US_ASHRAE,1,1,1,1,EEM_J_ENV_HVAC_DHW_EEM4,58.2953,2.1427,6.4737,17.8635,2.2983,20.6646,6.6138,66.2511,tier3,86,11987,c:\Users\o_iseri\Desktop\idf_reader\0_BEM_Setup\SimResults_neighbourhoods\option_9_j2_20260531_v1\US_ASHRAE\RC-MR2\RC-MR2_EEM_J_ENV_HVAC_DHW_EEM4_20260601_015415\RC-MR2_EEM_J_ENV_HVAC_DHW_EEM4_20260601_015415.idf,c:\Users\o_iseri\Desktop\idf_reader\0_BEM_Setup\SimResults_neighbourhoods\option_9_j2_20260531_v1\US_ASHRAE\RC-MR2\RC-MR2_EEM_J_ENV_HVAC_DHW_EEM4_20260601_015415\results
RC-MR3,RC-MR3,US_ASHRAE,0,0,0,0,EEM_J_DEFAULT,137.879,30.4309,6.2983,43.6147,5.6307,41.526,8.1398,0,native,0,9992,c:\Users\o_iseri\Desktop\idf_reader\0_BEM_Setup\SimResults_neighbourhoods\option_9_j2_20260531_v1\US_ASHRAE\RC-MR3\RC-MR3_EEM_J_DEFAULT_20260601_015424\RC-MR3_EEM_J_DEFAULT_20260601_015424.idf,c:\Users\o_iseri\Desktop\idf_reader\0_BEM_Setup\SimResults_neighbourhoods\option_9_j2_20260531_v1\US_ASHRAE\RC-MR3\RC-MR3_EEM_J_DEFAULT_20260601_015424\results
RC-MR3,RC-MR3,US_ASHRAE,1,0,0,0,EEM_J_ENVELOPE,113.4278,1.9823,10.0716,43.4743,5.6307,41.526,8.5042,66.2511,tier3,0,10599,c:\Users\o_iseri\Desktop\idf_reader\0_BEM_Setup\SimResults_neighbourhoods\option_9_j2_20260531_v1\US_ASHRAE\RC-MR3\RC-MR3_EEM_J_ENVELOPE_20260601_015432\RC-MR3_EEM_J_ENVELOPE_20260601_015432.idf,c:\Users\o_iseri\Desktop\idf_reader\0_BEM_Setup\SimResults_neighbourhoods\option_9_j2_20260531_v1\US_ASHRAE\RC-MR3\RC-MR3_EEM_J_ENVELOPE_20260601_015432\results
RC-MR3,RC-MR3,US_ASHRAE,0,1,0,0,EEM_J_HVAC_ONLY,117.0369,8.3372,7.3121,43.6149,5.6307,41.526,8.3774,66.2511,tier3,0,10870,c:\Users\o_iseri\Desktop\idf_reader\0_BEM_Setup\SimResults_neighbourhoods\option_9_j2_20260531_v1\US_ASHRAE\RC-MR3\RC-MR3_EEM_J_HVAC_ONLY_20260601_015437\RC-MR3_EEM_J_HVAC_ONLY_20260601_015437.idf,c:\Users\o_iseri\Desktop\idf_reader\0_BEM_Setup\SimResults_neighbourhoods\option_9_j2_20260531_v1\US_ASHRAE\RC-MR3\RC-MR3_EEM_J_HVAC_ONLY_20260601_015437\results
RC-MR3,RC-MR3,US_ASHRAE,0,0,1,0,EEM_J_DHW_ONLY,112.9638,31.2631,6.1314,17.9887,5.6307,41.526,8.1853,66.2511,tier3,48,13967,c:\Users\o_iseri\Desktop\idf_reader\0_BEM_Setup\SimResults_neighbourhoods\option_9_j2_20260531_v1\US_ASHRAE\RC-MR3\RC-MR3_EEM_J_DHW_ONLY_20260601_015442\RC-MR3_EEM_J_DHW_ONLY_20260601_015442.idf,c:\Users\o_iseri\Desktop\idf_reader\0_BEM_Setup\SimResults_neighbourhoods\option_9_j2_20260531_v1\US_ASHRAE\RC-MR3\RC-MR3_EEM_J_DHW_ONLY_20260601_015442\results
RC-MR3,RC-MR3,US_ASHRAE,1,1,0,0,EEM_J_ENV_HVAC,112.5349,0.557,11.4935,43.4745,5.6307,41.526,7.6145,66.2511,tier3,0,11481,c:\Users\o_iseri\Desktop\idf_reader\0_BEM_Setup\SimResults_neighbourhoods\option_9_j2_20260531_v1\US_ASHRAE\RC-MR3\RC-MR3_EEM_J_ENV_HVAC_20260601_015444\RC-MR3_EEM_J_ENV_HVAC_20260601_015444.idf,c:\Users\o_iseri\Desktop\idf_reader\0_BEM_Setup\SimResults_neighbourhoods\option_9_j2_20260531_v1\US_ASHRAE\RC-MR3\RC-MR3_EEM_J_ENV_HVAC_20260601_015444\results
RC-MR3,RC-MR3,US_ASHRAE,1,0,1,0,EEM_J_ENV_DHW,87.7043,2.1921,9.7694,17.8655,5.6307,41.526,8.482,66.2511,tier3,11,14543,c:\Users\o_iseri\Desktop\idf_reader\0_BEM_Setup\SimResults_neighbourhoods\option_9_j2_20260531_v1\US_ASHRAE\RC-MR3\RC-MR3_EEM_J_ENV_DHW_20260601_015531\RC-MR3_EEM_J_ENV_DHW_20260601_015531.idf,c:\Users\o_iseri\Desktop\idf_reader\0_BEM_Setup\SimResults_neighbourhoods\option_9_j2_20260531_v1\US_ASHRAE\RC-MR3\RC-MR3_EEM_J_ENV_DHW_20260601_015531\results
RC-MR3,RC-MR3,US_ASHRAE,0,1,1,0,EEM_J_HVAC_DHW,91.53,8.5546,7.1238,17.9879,5.6307,41.526,8.4683,66.2511,tier3,48,14852,c:\Users\o_iseri\Desktop\idf_reader\0_BEM_Setup\SimResults_neighbourhoods\option_9_j2_20260531_v1\US_ASHRAE\RC-MR3\RC-MR3_EEM_J_HVAC_DHW_20260601_015541\RC-MR3_EEM_J_HVAC_DHW_20260601_015541.idf,c:\Users\o_iseri\Desktop\idf_reader\0_BEM_Setup\SimResults_neighbourhoods\option_9_j2_20260531_v1\US_ASHRAE\RC-MR3\RC-MR3_EEM_J_HVAC_DHW_20260601_015541\results
RC-MR3,RC-MR3,US_ASHRAE,1,1,1,0,EEM_J_ENV_HVAC_DHW,86.6773,0.615,11.1622,17.8645,5.6307,41.526,7.6403,66.2511,tier3,15,15438,c:\Users\o_iseri\Desktop\idf_reader\0_BEM_Setup\SimResults_neighbourhoods\option_9_j2_20260531_v1\US_ASHRAE\RC-MR3\RC-MR3_EEM_J_ENV_HVAC_DHW_20260601_015543\RC-MR3_EEM_J_ENV_HVAC_DHW_20260601_015543.idf,c:\Users\o_iseri\Desktop\idf_reader\0_BEM_Setup\SimResults_neighbourhoods\option_9_j2_20260531_v1\US_ASHRAE\RC-MR3\RC-MR3_EEM_J_ENV_HVAC_DHW_20260601_015543\results
RC-MR3,RC-MR3,US_ASHRAE,1,0,0,1,EEM_J_ENVELOPE_EEM4,88.6526,7.74,5.5149,43.5508,2.3261,20.6644,6.6177,66.2511,tier3,0,12885,c:\Users\o_iseri\Desktop\idf_reader\0_BEM_Setup\SimResults_neighbourhoods\option_9_j2_20260531_v1\US_ASHRAE\RC-MR3\RC-MR3_EEM_J_ENVELOPE_EEM4_20260601_015554\RC-MR3_EEM_J_ENVELOPE_EEM4_20260601_015554.idf,c:\Users\o_iseri\Desktop\idf_reader\0_BEM_Setup\SimResults_neighbourhoods\option_9_j2_20260531_v1\US_ASHRAE\RC-MR3\RC-MR3_EEM_J_ENVELOPE_EEM4_20260601_015554\results
RC-MR3,RC-MR3,US_ASHRAE,1,1,0,1,EEM_J_ENV_HVAC_EEM4,83.7236,2.08,6.3827,43.5509,2.3261,20.6644,6.4809,66.2511,tier3,0,13785,c:\Users\o_iseri\Desktop\idf_reader\0_BEM_Setup\SimResults_neighbourhoods\option_9_j2_20260531_v1\US_ASHRAE\RC-MR3\RC-MR3_EEM_J_ENV_HVAC_EEM4_20260601_015612\RC-MR3_EEM_J_ENV_HVAC_EEM4_20260601_015612.idf,c:\Users\o_iseri\Desktop\idf_reader\0_BEM_Setup\SimResults_neighbourhoods\option_9_j2_20260531_v1\US_ASHRAE\RC-MR3\RC-MR3_EEM_J_ENV_HVAC_EEM4_20260601_015612\results
RC-MR3,RC-MR3,US_ASHRAE,1,0,1,1,EEM_J_ENV_DHW_EEM4,63.3358,8.325,5.2864,17.8692,2.3261,20.6644,6.6261,66.2511,tier3,126,16842,c:\Users\o_iseri\Desktop\idf_reader\0_BEM_Setup\SimResults_neighbourhoods\option_9_j2_20260531_v1\US_ASHRAE\RC-MR3\RC-MR3_EEM_J_ENV_DHW_EEM4_20260601_015623\RC-MR3_EEM_J_ENV_DHW_EEM4_20260601_015623.idf,c:\Users\o_iseri\Desktop\idf_reader\0_BEM_Setup\SimResults_neighbourhoods\option_9_j2_20260531_v1\US_ASHRAE\RC-MR3\RC-MR3_EEM_J_ENV_DHW_EEM4_20260601_015623\results
RC-MR3,RC-MR3,US_ASHRAE,1,1,1,1,EEM_J_ENV_HVAC_DHW_EEM4,58.0099,2.2379,6.1226,17.8742,2.3261,20.6644,6.5461,66.2511,tier3,125,17727,c:\Users\o_iseri\Desktop\idf_reader\0_BEM_Setup\SimResults_neighbourhoods\option_9_j2_20260531_v1\US_ASHRAE\RC-MR3\RC-MR3_EEM_J_ENV_HVAC_DHW_EEM4_20260601_015631\RC-MR3_EEM_J_ENV_HVAC_DHW_EEM4_20260601_015631.idf,c:\Users\o_iseri\Desktop\idf_reader\0_BEM_Setup\SimResults_neighbourhoods\option_9_j2_20260531_v1\US_ASHRAE\RC-MR3\RC-MR3_EEM_J_ENV_HVAC_DHW_EEM4_20260601_015631\results
RC-D,RC-D,US_ASHRAE,0,0,0,0,EEM_J_DEFAULT,131.7212,45.4896,5.8858,22.1286,4.7017,46.5502,6.107,0,native,0,547,c:\Users\o_iseri\Desktop\idf_reader\0_BEM_Setup\SimResults_neighbourhoods\option_9_j2_20260531_v1\US_ASHRAE\RC-D\RC-D_EEM_J_DEFAULT_20260601_015634\RC-D_EEM_J_DEFAULT_20260601_015634.idf,c:\Users\o_iseri\Desktop\idf_reader\0_BEM_Setup\SimResults_neighbourhoods\option_9_j2_20260531_v1\US_ASHRAE\RC-D\RC-D_EEM_J_DEFAULT_20260601_015634\results
RC-D,RC-D,US_ASHRAE,1,0,0,0,EEM_J_ENVELOPE,103.8156,17.688,6.5884,21.6909,4.7017,46.5502,5.7381,97.2344,tier3,0,643,c:\Users\o_iseri\Desktop\idf_reader\0_BEM_Setup\SimResults_neighbourhoods\option_9_j2_20260531_v1\US_ASHRAE\RC-D\RC-D_EEM_J_ENVELOPE_20260601_015646\RC-D_EEM_J_ENVELOPE_20260601_015646.idf,c:\Users\o_iseri\Desktop\idf_reader\0_BEM_Setup\SimResults_neighbourhoods\option_9_j2_20260531_v1\US_ASHRAE\RC-D\RC-D_EEM_J_ENVELOPE_20260601_015646\results
RC-D,RC-D,US_ASHRAE,0,1,0,0,EEM_J_HVAC_ONLY,99.2104,12.225,5.354,22.1324,4.7017,46.5502,7.3889,97.3235,tier3,0,696,c:\Users\o_iseri\Desktop\idf_reader\0_BEM_Setup\SimResults_neighbourhoods\option_9_j2_20260531_v1\US_ASHRAE\RC-D\RC-D_EEM_J_HVAC_ONLY_20260601_015652\RC-D_EEM_J_HVAC_ONLY_20260601_015652.idf,c:\Users\o_iseri\Desktop\idf_reader\0_BEM_Setup\SimResults_neighbourhoods\option_9_j2_20260531_v1\US_ASHRAE\RC-D\RC-D_EEM_J_HVAC_ONLY_20260601_015652\results
RC-D,RC-D,US_ASHRAE,0,0,1,0,EEM_J_DHW_ONLY,119.1686,48.0679,5.9096,6.8062,4.7017,46.5502,6.2746,97.3235,tier3,0,1123,c:\Users\o_iseri\Desktop\idf_reader\0_BEM_Setup\SimResults_neighbourhoods\option_9_j2_20260531_v1\US_ASHRAE\RC-D\RC-D_EEM_J_DHW_ONLY_20260601_015652\RC-D_EEM_J_DHW_ONLY_20260601_015652.idf,c:\Users\o_iseri\Desktop\idf_reader\0_BEM_Setup\SimResults_neighbourhoods\option_9_j2_20260531_v1\US_ASHRAE\RC-D\RC-D_EEM_J_DHW_ONLY_20260601_015652\results
RC-D,RC-D,US_ASHRAE,1,1,0,0,EEM_J_ENV_HVAC,90.925,4.8688,5.9209,21.6909,4.7017,46.5502,6.3342,97.2344,tier3,0,792,c:\Users\o_iseri\Desktop\idf_reader\0_BEM_Setup\SimResults_neighbourhoods\option_9_j2_20260531_v1\US_ASHRAE\RC-D\RC-D_EEM_J_ENV_HVAC_20260601_015704\RC-D_EEM_J_ENV_HVAC_20260601_015704.idf,c:\Users\o_iseri\Desktop\idf_reader\0_BEM_Setup\SimResults_neighbourhoods\option_9_j2_20260531_v1\US_ASHRAE\RC-D\RC-D_EEM_J_ENV_HVAC_20260601_015704\results
RC-D,RC-D,US_ASHRAE,1,0,1,0,EEM_J_ENV_DHW,91.5905,20.3564,6.6047,6.618,4.7017,46.5502,5.9013,97.2344,tier3,0,1219,c:\Users\o_iseri\Desktop\idf_reader\0_BEM_Setup\SimResults_neighbourhoods\option_9_j2_20260531_v1\US_ASHRAE\RC-D\RC-D_EEM_J_ENV_DHW_20260601_015841\RC-D_EEM_J_ENV_DHW_20260601_015841.idf,c:\Users\o_iseri\Desktop\idf_reader\0_BEM_Setup\SimResults_neighbourhoods\option_9_j2_20260531_v1\US_ASHRAE\RC-D\RC-D_EEM_J_ENV_DHW_20260601_015841\results
RC-D,RC-D,US_ASHRAE,0,1,1,0,EEM_J_HVAC_DHW,86.7412,14.8943,5.3751,6.8102,4.7017,46.5502,7.5515,97.3235,tier3,0,1272,c:\Users\o_iseri\Desktop\idf_reader\0_BEM_Setup\SimResults_neighbourhoods\option_9_j2_20260531_v1\US_ASHRAE\RC-D\RC-D_EEM_J_HVAC_DHW_20260601_015845\RC-D_EEM_J_HVAC_DHW_20260601_015845.idf,c:\Users\o_iseri\Desktop\idf_reader\0_BEM_Setup\SimResults_neighbourhoods\option_9_j2_20260531_v1\US_ASHRAE\RC-D\RC-D_EEM_J_HVAC_DHW_20260601_015845\results
RC-D,RC-D,US_ASHRAE,1,1,1,0,EEM_J_ENV_HVAC_DHW,78.7154,7.5528,5.9364,6.6183,4.7017,46.5502,6.4977,97.2344,tier3,0,1368,c:\Users\o_iseri\Desktop\idf_reader\0_BEM_Setup\SimResults_neighbourhoods\option_9_j2_20260531_v1\US_ASHRAE\RC-D\RC-D_EEM_J_ENV_HVAC_DHW_20260601_015913\RC-D_EEM_J_ENV_HVAC_DHW_20260601_015913.idf,c:\Users\o_iseri\Desktop\idf_reader\0_BEM_Setup\SimResults_neighbourhoods\option_9_j2_20260531_v1\US_ASHRAE\RC-D\RC-D_EEM_J_ENV_HVAC_DHW_20260601_015913\results
RC-D,RC-D,US_ASHRAE,0,0,0,1,EEM_J_EEM4_ONLY,116.7193,52.1984,4.7022,22.1339,2.5859,28.3405,5.9001,97.3235,tier3,0,547,c:\Users\o_iseri\Desktop\idf_reader\0_BEM_Setup\SimResults_neighbourhoods\option_9_j2_20260531_v1\US_ASHRAE\RC-D\RC-D_EEM_J_EEM4_ONLY_20260601_015920\RC-D_EEM_J_EEM4_ONLY_20260601_015920.idf,c:\Users\o_iseri\Desktop\idf_reader\0_BEM_Setup\SimResults_neighbourhoods\option_9_j2_20260531_v1\US_ASHRAE\RC-D\RC-D_EEM_J_EEM4_ONLY_20260601_015920\results
RC-D,RC-D,US_ASHRAE,1,0,0,1,EEM_J_ENVELOPE_EEM4,87.4562,23.2703,5.1623,21.7112,2.5859,28.3405,5.5278,97.2344,tier3,0,551,c:\Users\o_iseri\Desktop\idf_reader\0_BEM_Setup\SimResults_neighbourhoods\option_9_j2_20260531_v1\US_ASHRAE\RC-D\RC-D_EEM_J_ENVELOPE_EEM4_20260601_015930\RC-D_EEM_J_ENVELOPE_EEM4_20260601_015930.idf,c:\Users\o_iseri\Desktop\idf_reader\0_BEM_Setup\SimResults_neighbourhoods\option_9_j2_20260531_v1\US_ASHRAE\RC-D\RC-D_EEM_J_ENVELOPE_EEM4_20260601_015930\results
RC-D,RC-D,US_ASHRAE,0,1,0,1,EEM_J_HVAC_ONLY_EEM4,79.2659,13.6594,4.296,22.1425,2.5859,28.3405,7.3833,97.3235,tier3,0,696,c:\Users\o_iseri\Desktop\idf_reader\0_BEM_Setup\SimResults_neighbourhoods\option_9_j2_20260531_v1\US_ASHRAE\RC-D\RC-D_EEM_J_HVAC_ONLY_EEM4_20260601_015941\RC-D_EEM_J_HVAC_ONLY_EEM4_20260601_015941.idf,c:\Users\o_iseri\Desktop\idf_reader\0_BEM_Setup\SimResults_neighbourhoods\option_9_j2_20260531_v1\US_ASHRAE\RC-D\RC-D_EEM_J_HVAC_ONLY_EEM4_20260601_015941\results
RC-D,RC-D,US_ASHRAE,0,0,1,1,EEM_J_DHW_ONLY_EEM4,104.1519,54.7697,4.7242,6.8055,2.5859,28.3405,6.0678,97.3235,tier3,0,1123,c:\Users\o_iseri\Desktop\idf_reader\0_BEM_Setup\SimResults_neighbourhoods\option_9_j2_20260531_v1\US_ASHRAE\RC-D\RC-D_EEM_J_DHW_ONLY_EEM4_20260601_015951\RC-D_EEM_J_DHW_ONLY_EEM4_20260601_015951.idf,c:\Users\o_iseri\Desktop\idf_reader\0_BEM_Setup\SimResults_neighbourhoods\option_9_j2_20260531_v1\US_ASHRAE\RC-D\RC-D_EEM_J_DHW_ONLY_EEM4_20260601_015951\results
RC-D,RC-D,US_ASHRAE,1,1,0,1,EEM_J_ENV_HVAC_EEM4,70.791,6.3206,4.6397,21.7114,2.5859,28.3405,6.3346,97.2344,tier3,0,700,c:\Users\o_iseri\Desktop\idf_reader\0_BEM_Setup\SimResults_neighbourhoods\option_9_j2_20260531_v1\US_ASHRAE\RC-D\RC-D_EEM_J_ENV_HVAC_EEM4_20260601_020000\RC-D_EEM_J_ENV_HVAC_EEM4_20260601_020000.idf,c:\Users\o_iseri\Desktop\idf_reader\0_BEM_Setup\SimResults_neighbourhoods\option_9_j2_20260531_v1\US_ASHRAE\RC-D\RC-D_EEM_J_ENV_HVAC_EEM4_20260601_020000\results
RC-D,RC-D,US_ASHRAE,1,0,1,1,EEM_J_ENV_DHW_EEM4,75.2146,25.9353,5.1781,6.6254,2.5859,28.3405,5.691,97.2344,tier3,0,1127,c:\Users\o_iseri\Desktop\idf_reader\0_BEM_Setup\SimResults_neighbourhoods\option_9_j2_20260531_v1\US_ASHRAE\RC-D\RC-D_EEM_J_ENV_DHW_EEM4_20260601_020040\RC-D_EEM_J_ENV_DHW_EEM4_20260601_020040.idf,c:\Users\o_iseri\Desktop\idf_reader\0_BEM_Setup\SimResults_neighbourhoods\option_9_j2_20260531_v1\US_ASHRAE\RC-D\RC-D_EEM_J_ENV_DHW_EEM4_20260601_020040\results
RC-D,RC-D,US_ASHRAE,0,1,1,1,EEM_J_HVAC_DHW_EEM4,66.7908,16.3343,4.3151,6.81,2.5859,28.3405,7.5467,97.3235,tier3,0,1272,c:\Users\o_iseri\Desktop\idf_reader\0_BEM_Setup\SimResults_neighbourhoods\option_9_j2_20260531_v1\US_ASHRAE\RC-D\RC-D_EEM_J_HVAC_DHW_EEM4_20260601_020113\RC-D_EEM_J_HVAC_DHW_EEM4_20260601_020113.idf,c:\Users\o_iseri\Desktop\idf_reader\0_BEM_Setup\SimResults_neighbourhoods\option_9_j2_20260531_v1\US_ASHRAE\RC-D\RC-D_EEM_J_HVAC_DHW_EEM4_20260601_020113\results
RC-D,RC-D,US_ASHRAE,1,1,1,1,EEM_J_ENV_HVAC_DHW_EEM4,58.5673,9.0053,4.6545,6.6248,2.5859,28.3405,6.4979,97.2344,tier3,0,1276,c:\Users\o_iseri\Desktop\idf_reader\0_BEM_Setup\SimResults_neighbourhoods\option_9_j2_20260531_v1\US_ASHRAE\RC-D\RC-D_EEM_J_ENV_HVAC_DHW_EEM4_20260601_020121\RC-D_EEM_J_ENV_HVAC_DHW_EEM4_20260601_020121.idf,c:\Users\o_iseri\Desktop\idf_reader\0_BEM_Setup\SimResults_neighbourhoods\option_9_j2_20260531_v1\US_ASHRAE\RC-D\RC-D_EEM_J_ENV_HVAC_DHW_EEM4_20260601_020121\results
RC-ML,RC-ML,US_ASHRAE,0,0,0,0,EEM_J_DEFAULT,133.4515,38.9343,5.8942,24.4552,5.2214,51.6957,6.2976,0,native,0,643,c:\Users\o_iseri\Desktop\idf_reader\0_BEM_Setup\SimResults_neighbourhoods\option_9_j2_20260531_v1\US_ASHRAE\RC-ML\RC-ML_EEM_J_DEFAULT_20260601_020135\RC-ML_EEM_J_DEFAULT_20260601_020135.idf,c:\Users\o_iseri\Desktop\idf_reader\0_BEM_Setup\SimResults_neighbourhoods\option_9_j2_20260531_v1\US_ASHRAE\RC-ML\RC-ML_EEM_J_DEFAULT_20260601_020135\results
RC-ML,RC-ML,US_ASHRAE,1,0,0,0,EEM_J_ENVELOPE,107.5783,13.0352,6.8228,23.8435,5.2214,51.6957,6.0066,89.3585,tier3,0,739,c:\Users\o_iseri\Desktop\idf_reader\0_BEM_Setup\SimResults_neighbourhoods\option_9_j2_20260531_v1\US_ASHRAE\RC-ML\RC-ML_EEM_J_ENVELOPE_20260601_020149\RC-ML_EEM_J_ENVELOPE_20260601_020149.idf,c:\Users\o_iseri\Desktop\idf_reader\0_BEM_Setup\SimResults_neighbourhoods\option_9_j2_20260531_v1\US_ASHRAE\RC-ML\RC-ML_EEM_J_ENVELOPE_20260601_020149\results
RC-ML,RC-ML,US_ASHRAE,0,1,0,0,EEM_J_HVAC_ONLY,105.6095,10.4981,5.351,24.4602,5.2214,51.6957,7.43,89.4294,tier3,0,752,c:\Users\o_iseri\Desktop\idf_reader\0_BEM_Setup\SimResults_neighbourhoods\option_9_j2_20260531_v1\US_ASHRAE\RC-ML\RC-ML_EEM_J_HVAC_ONLY_20260601_020150\RC-ML_EEM_J_HVAC_ONLY_20260601_020150.idf,c:\Users\o_iseri\Desktop\idf_reader\0_BEM_Setup\SimResults_neighbourhoods\option_9_j2_20260531_v1\US_ASHRAE\RC-ML\RC-ML_EEM_J_HVAC_ONLY_20260601_020150\results
RC-ML,RC-ML,US_ASHRAE,0,0,1,0,EEM_J_DHW_ONLY,119.5275,40.2118,5.9184,9.1203,5.2214,51.6957,6.4069,89.4294,tier3,0,965,c:\Users\o_iseri\Desktop\idf_reader\0_BEM_Setup\SimResults_neighbourhoods\option_9_j2_20260531_v1\US_ASHRAE\RC-ML\RC-ML_EEM_J_DHW_ONLY_20260601_020154\RC-ML_EEM_J_DHW_ONLY_20260601_020154.idf,c:\Users\o_iseri\Desktop\idf_reader\0_BEM_Setup\SimResults_neighbourhoods\option_9_j2_20260531_v1\US_ASHRAE\RC-ML\RC-ML_EEM_J_DHW_ONLY_20260601_020154\results
RC-ML,RC-ML,US_ASHRAE,1,1,0,0,EEM_J_ENV_HVAC,97.9434,3.6129,6.0952,23.8435,5.2214,51.6957,6.5217,89.3585,tier3,0,852,c:\Users\o_iseri\Desktop\idf_reader\0_BEM_Setup\SimResults_neighbourhoods\option_9_j2_20260531_v1\US_ASHRAE\RC-ML\RC-ML_EEM_J_ENV_HVAC_20260601_020208\RC-ML_EEM_J_ENV_HVAC_20260601_020208.idf,c:\Users\o_iseri\Desktop\idf_reader\0_BEM_Setup\SimResults_neighbourhoods\option_9_j2_20260531_v1\US_ASHRAE\RC-ML\RC-ML_EEM_J_ENV_HVAC_20260601_020208\results
RC-ML,RC-ML,US_ASHRAE,1,0,1,0,EEM_J_ENV_DHW,94.0896,14.4077,6.8366,8.8641,5.2214,51.6957,6.1111,89.3585,tier3,0,1057,c:\Users\o_iseri\Desktop\idf_reader\0_BEM_Setup\SimResults_neighbourhoods\option_9_j2_20260531_v1\US_ASHRAE\RC-ML\RC-ML_EEM_J_ENV_DHW_20260601_020240\RC-ML_EEM_J_ENV_DHW_20260601_020240.idf,c:\Users\o_iseri\Desktop\idf_reader\0_BEM_Setup\SimResults_neighbourhoods\option_9_j2_20260531_v1\US_ASHRAE\RC-ML\RC-ML_EEM_J_ENV_DHW_20260601_020240\results
RC-ML,RC-ML,US_ASHRAE,0,1,1,0,EEM_J_HVAC_DHW,91.754,11.8528,5.3735,9.1214,5.2214,51.6957,7.5361,89.4294,tier3,0,1066,c:\Users\o_iseri\Desktop\idf_reader\0_BEM_Setup\SimResults_neighbourhoods\option_9_j2_20260531_v1\US_ASHRAE\RC-ML\RC-ML_EEM_J_HVAC_DHW_20260601_020306\RC-ML_EEM_J_HVAC_DHW_20260601_020306.idf,c:\Users\o_iseri\Desktop\idf_reader\0_BEM_Setup\SimResults_neighbourhoods\option_9_j2_20260531_v1\US_ASHRAE\RC-ML\RC-ML_EEM_J_HVAC_DHW_20260601_020306\results
RC-ML,RC-ML,US_ASHRAE,1,1,1,0,EEM_J_ENV_HVAC_DHW,84.4571,4.985,6.1096,8.8632,5.2214,51.6957,6.6291,89.3585,tier3,0,1172,c:\Users\o_iseri\Desktop\idf_reader\0_BEM_Setup\SimResults_neighbourhoods\option_9_j2_20260531_v1\US_ASHRAE\RC-ML\RC-ML_EEM_J_ENV_HVAC_DHW_20260601_020307\RC-ML_EEM_J_ENV_HVAC_DHW_20260601_020307.idf,c:\Users\o_iseri\Desktop\idf_reader\0_BEM_Setup\SimResults_neighbourhoods\option_9_j2_20260531_v1\US_ASHRAE\RC-ML\RC-ML_EEM_J_ENV_HVAC_DHW_20260601_020307\results
RC-ML,RC-ML,US_ASHRAE,0,0,0,1,EEM_J_EEM4_ONLY,116.4521,46.1226,4.4829,24.4625,2.8718,31.4732,6.0861,89.4294,tier3,0,641,c:\Users\o_iseri\Desktop\idf_reader\0_BEM_Setup\SimResults_neighbourhoods\option_9_j2_20260531_v1\US_ASHRAE\RC-ML\RC-ML_EEM_J_EEM4_ONLY_20260601_020312\RC-ML_EEM_J_EEM4_ONLY_20260601_020312.idf,c:\Users\o_iseri\Desktop\idf_reader\0_BEM_Setup\SimResults_neighbourhoods\option_9_j2_20260531_v1\US_ASHRAE\RC-ML\RC-ML_EEM_J_EEM4_ONLY_20260601_020312\results
RC-ML,RC-ML,US_ASHRAE,1,0,0,1,EEM_J_ENVELOPE_EEM4,88.5921,18.5823,5.0758,23.8729,2.8718,31.4732,5.763,89.3585,tier3,0,657,c:\Users\o_iseri\Desktop\idf_reader\0_BEM_Setup\SimResults_neighbourhoods\option_9_j2_20260531_v1\US_ASHRAE\RC-ML\RC-ML_EEM_J_ENVELOPE_EEM4_20260601_020325\RC-ML_EEM_J_ENVELOPE_EEM4_20260601_020325.idf,c:\Users\o_iseri\Desktop\idf_reader\0_BEM_Setup\SimResults_neighbourhoods\option_9_j2_20260531_v1\US_ASHRAE\RC-ML\RC-ML_EEM_J_ENVELOPE_EEM4_20260601_020325\results
RC-ML,RC-ML,US_ASHRAE,0,1,0,1,EEM_J_HVAC_ONLY_EEM4,83.3547,12.0931,4.093,24.4727,2.8718,31.4732,7.3978,89.4294,tier3,0,752,c:\Users\o_iseri\Desktop\idf_reader\0_BEM_Setup\SimResults_neighbourhoods\option_9_j2_20260531_v1\US_ASHRAE\RC-ML\RC-ML_EEM_J_HVAC_ONLY_EEM4_20260601_020326\RC-ML_EEM_J_HVAC_ONLY_EEM4_20260601_020326.idf,c:\Users\o_iseri\Desktop\idf_reader\0_BEM_Setup\SimResults_neighbourhoods\option_9_j2_20260531_v1\US_ASHRAE\RC-ML\RC-ML_EEM_J_HVAC_ONLY_EEM4_20260601_020326\results
RC-ML,RC-ML,US_ASHRAE,0,0,1,1,EEM_J_DHW_ONLY_EEM4,102.5133,47.3902,4.5059,9.1231,2.8718,31.4732,6.196,89.4294,tier3,0,967,c:\Users\o_iseri\Desktop\idf_reader\0_BEM_Setup\SimResults_neighbourhoods\option_9_j2_20260531_v1\US_ASHRAE\RC-ML\RC-ML_EEM_J_DHW_ONLY_EEM4_20260601_020351\RC-ML_EEM_J_DHW_ONLY_EEM4_20260601_020351.idf,c:\Users\o_iseri\Desktop\idf_reader\0_BEM_Setup\SimResults_neighbourhoods\option_9_j2_20260531_v1\US_ASHRAE\RC-ML\RC-ML_EEM_J_DHW_ONLY_EEM4_20260601_020351\results
RC-ML,RC-ML,US_ASHRAE,1,1,0,1,EEM_J_ENV_HVAC_EEM4,75.2245,5.0731,4.5424,23.8728,2.8718,31.4732,6.4382,89.3585,tier3,0,762,c:\Users\o_iseri\Desktop\idf_reader\0_BEM_Setup\SimResults_neighbourhoods\option_9_j2_20260531_v1\US_ASHRAE\RC-ML\RC-ML_EEM_J_ENV_HVAC_EEM4_20260601_020409\RC-ML_EEM_J_ENV_HVAC_EEM4_20260601_020409.idf,c:\Users\o_iseri\Desktop\idf_reader\0_BEM_Setup\SimResults_neighbourhoods\option_9_j2_20260531_v1\US_ASHRAE\RC-ML\RC-ML_EEM_J_ENV_HVAC_EEM4_20260601_020409\results
RC-ML,RC-ML,US_ASHRAE,1,0,1,1,EEM_J_ENV_DHW_EEM4,75.0874,19.9563,5.0892,8.877,2.8718,31.4732,5.8669,89.3585,tier3,0,977,c:\Users\o_iseri\Desktop\idf_reader\0_BEM_Setup\SimResults_neighbourhoods\option_9_j2_20260531_v1\US_ASHRAE\RC-ML\RC-ML_EEM_J_ENV_DHW_EEM4_20260601_020420\RC-ML_EEM_J_ENV_DHW_EEM4_20260601_020420.idf,c:\Users\o_iseri\Desktop\idf_reader\0_BEM_Setup\SimResults_neighbourhoods\option_9_j2_20260531_v1\US_ASHRAE\RC-ML\RC-ML_EEM_J_ENV_DHW_EEM4_20260601_020420\results
RC-ML,RC-ML,US_ASHRAE,0,1,1,1,EEM_J_HVAC_DHW_EEM4,69.4985,13.4501,4.1131,9.1329,2.8718,31.4732,7.5044,89.4294,tier3,0,1074,c:\Users\o_iseri\Desktop\idf_reader\0_BEM_Setup\SimResults_neighbourhoods\option_9_j2_20260531_v1\US_ASHRAE\RC-ML\RC-ML_EEM_J_HVAC_DHW_EEM4_20260601_020422\RC-ML_EEM_J_HVAC_DHW_EEM4_20260601_020422.idf,c:\Users\o_iseri\Desktop\idf_reader\0_BEM_Setup\SimResults_neighbourhoods\option_9_j2_20260531_v1\US_ASHRAE\RC-ML\RC-ML_EEM_J_HVAC_DHW_EEM4_20260601_020422\results
RC-ML,RC-ML,US_ASHRAE,1,1,1,1,EEM_J_ENV_HVAC_DHW_EEM4,61.7232,6.447,4.5566,8.8766,2.8718,31.4732,6.545,89.3585,tier3,0,1078,c:\Users\o_iseri\Desktop\idf_reader\0_BEM_Setup\SimResults_neighbourhoods\option_9_j2_20260531_v1\US_ASHRAE\RC-ML\RC-ML_EEM_J_ENV_HVAC_DHW_EEM4_20260601_020427\RC-ML_EEM_J_ENV_HVAC_DHW_EEM4_20260601_020427.idf,c:\Users\o_iseri\Desktop\idf_reader\0_BEM_Setup\SimResults_neighbourhoods\option_9_j2_20260531_v1\US_ASHRAE\RC-ML\RC-ML_EEM_J_ENV_HVAC_DHW_EEM4_20260601_020427\results
RC-T,RC-T,US_ASHRAE,0,0,0,0,EEM_J_DEFAULT,135.2791,32.0364,5.914,26.9022,5.7679,57.1062,6.4996,0,native,0,739,c:\Users\o_iseri\Desktop\idf_reader\0_BEM_Setup\SimResults_neighbourhoods\option_9_j2_20260531_v1\US_ASHRAE\RC-T\RC-T_EEM_J_DEFAULT_20260601_020444\RC-T_EEM_J_DEFAULT_20260601_020444.idf,c:\Users\o_iseri\Desktop\idf_reader\0_BEM_Setup\SimResults_neighbourhoods\option_9_j2_20260531_v1\US_ASHRAE\RC-T\RC-T_EEM_J_DEFAULT_20260601_020444\results
RC-T,RC-T,US_ASHRAE,1,0,0,0,EEM_J_ENVELOPE,111.5313,8.1221,7.081,26.111,5.7679,57.1062,6.2903,81.4148,tier3,0,835,c:\Users\o_iseri\Desktop\idf_reader\0_BEM_Setup\SimResults_neighbourhoods\option_9_j2_20260531_v1\US_ASHRAE\RC-T\RC-T_EEM_J_ENVELOPE_20260601_020451\RC-T_EEM_J_ENVELOPE_20260601_020451.idf,c:\Users\o_iseri\Desktop\idf_reader\0_BEM_Setup\SimResults_neighbourhoods\option_9_j2_20260531_v1\US_ASHRAE\RC-T\RC-T_EEM_J_ENVELOPE_20260601_020451\results
RC-T,RC-T,US_ASHRAE,0,1,0,0,EEM_J_HVAC_ONLY,112.3467,8.6783,5.3583,26.9079,5.7679,57.1062,7.4753,81.4765,tier3,0,808,c:\Users\o_iseri\Desktop\idf_reader\0_BEM_Setup\SimResults_neighbourhoods\option_9_j2_20260531_v1\US_ASHRAE\RC-T\RC-T_EEM_J_HVAC_ONLY_20260601_020456\RC-T_EEM_J_HVAC_ONLY_20260601_020456.idf,c:\Users\o_iseri\Desktop\idf_reader\0_BEM_Setup\SimResults_neighbourhoods\option_9_j2_20260531_v1\US_ASHRAE\RC-T\RC-T_EEM_J_HVAC_ONLY_20260601_020456\results
RC-T,RC-T,US_ASHRAE,0,0,1,0,EEM_J_DHW_ONLY,119.8997,31.9544,5.9391,11.5315,5.7679,57.1062,6.5478,81.4765,tier3,0,793,c:\Users\o_iseri\Desktop\idf_reader\0_BEM_Setup\SimResults_neighbourhoods\option_9_j2_20260531_v1\US_ASHRAE\RC-T\RC-T_EEM_J_DHW_ONLY_20260601_020503\RC-T_EEM_J_DHW_ONLY_20260601_020503.idf,c:\Users\o_iseri\Desktop\idf_reader\0_BEM_Setup\SimResults_neighbourhoods\option_9_j2_20260531_v1\US_ASHRAE\RC-T\RC-T_EEM_J_DHW_ONLY_20260601_020503\results
RC-T,RC-T,US_ASHRAE,1,1,0,0,EEM_J_ENV_HVAC,105.3337,2.2869,6.2878,26.1107,5.7679,57.1062,6.7213,81.4148,tier3,0,912,c:\Users\o_iseri\Desktop\idf_reader\0_BEM_Setup\SimResults_neighbourhoods\option_9_j2_20260531_v1\US_ASHRAE\RC-T\RC-T_EEM_J_ENV_HVAC_20260601_020506\RC-T_EEM_J_ENV_HVAC_20260601_020506.idf,c:\Users\o_iseri\Desktop\idf_reader\0_BEM_Setup\SimResults_neighbourhoods\option_9_j2_20260531_v1\US_ASHRAE\RC-T\RC-T_EEM_J_ENV_HVAC_20260601_020506\results
RC-T,RC-T,US_ASHRAE,1,0,1,0,EEM_J_ENV_DHW,96.693,8.1438,7.091,11.1967,5.7679,57.1062,6.3345,81.4148,tier3,0,913,c:\Users\o_iseri\Desktop\idf_reader\0_BEM_Setup\SimResults_neighbourhoods\option_9_j2_20260531_v1\US_ASHRAE\RC-T\RC-T_EEM_J_ENV_DHW_20260601_020526\RC-T_EEM_J_ENV_DHW_20260601_020526.idf,c:\Users\o_iseri\Desktop\idf_reader\0_BEM_Setup\SimResults_neighbourhoods\option_9_j2_20260531_v1\US_ASHRAE\RC-T\RC-T_EEM_J_ENV_DHW_20260601_020526\results
RC-T,RC-T,US_ASHRAE,0,1,1,0,EEM_J_HVAC_DHW,97.027,8.6579,5.3826,11.5373,5.7679,57.1062,7.5223,81.4765,tier3,0,862,c:\Users\o_iseri\Desktop\idf_reader\0_BEM_Setup\SimResults_neighbourhoods\option_9_j2_20260531_v1\US_ASHRAE\RC-T\RC-T_EEM_J_HVAC_DHW_20260601_020534\RC-T_EEM_J_HVAC_DHW_20260601_020534.idf,c:\Users\o_iseri\Desktop\idf_reader\0_BEM_Setup\SimResults_neighbourhoods\option_9_j2_20260531_v1\US_ASHRAE\RC-T\RC-T_EEM_J_HVAC_DHW_20260601_020534\results
RC-T,RC-T,US_ASHRAE,1,1,1,0,EEM_J_ENV_HVAC_DHW,90.4863,2.2923,6.3006,11.1966,5.7679,57.1062,6.7698,81.4148,tier3,0,974,c:\Users\o_iseri\Desktop\idf_reader\0_BEM_Setup\SimResults_neighbourhoods\option_9_j2_20260531_v1\US_ASHRAE\RC-T\RC-T_EEM_J_ENV_HVAC_DHW_20260601_020536\RC-T_EEM_J_ENV_HVAC_DHW_20260601_020536.idf,c:\Users\o_iseri\Desktop\idf_reader\0_BEM_Setup\SimResults_neighbourhoods\option_9_j2_20260531_v1\US_ASHRAE\RC-T\RC-T_EEM_J_ENV_HVAC_DHW_20260601_020536\results
RC-T,RC-T,US_ASHRAE,0,0,0,1,EEM_J_EEM4_ONLY,116.1797,39.7303,4.2625,26.9118,3.1723,34.7672,6.2827,81.4765,tier3,0,735,c:\Users\o_iseri\Desktop\idf_reader\0_BEM_Setup\SimResults_neighbourhoods\option_9_j2_20260531_v1\US_ASHRAE\RC-T\RC-T_EEM_J_EEM4_ONLY_20260601_020545\RC-T_EEM_J_EEM4_ONLY_20260601_020545.idf,c:\Users\o_iseri\Desktop\idf_reader\0_BEM_Setup\SimResults_neighbourhoods\option_9_j2_20260531_v1\US_ASHRAE\RC-T\RC-T_EEM_J_EEM4_ONLY_20260601_020545\results
RC-T,RC-T,US_ASHRAE,1,0,0,1,EEM_J_ENVELOPE_EEM4,89.7883,13.6389,4.9966,26.1485,3.1723,34.7672,6.0119,81.4148,tier3,0,763,c:\Users\o_iseri\Desktop\idf_reader\0_BEM_Setup\SimResults_neighbourhoods\option_9_j2_20260531_v1\US_ASHRAE\RC-T\RC-T_EEM_J_ENVELOPE_EEM4_20260601_020553\RC-T_EEM_J_ENVELOPE_EEM4_20260601_020553.idf,c:\Users\o_iseri\Desktop\idf_reader\0_BEM_Setup\SimResults_neighbourhoods\option_9_j2_20260531_v1\US_ASHRAE\RC-T\RC-T_EEM_J_ENVELOPE_EEM4_20260601_020553\results
RC-T,RC-T,US_ASHRAE,0,1,0,1,EEM_J_HVAC_ONLY_EEM4,87.6646,10.4444,3.8897,26.9231,3.1723,34.7672,7.4151,81.4765,tier3,0,808,c:\Users\o_iseri\Desktop\idf_reader\0_BEM_Setup\SimResults_neighbourhoods\option_9_j2_20260531_v1\US_ASHRAE\RC-T\RC-T_EEM_J_HVAC_ONLY_EEM4_20260601_020555\RC-T_EEM_J_HVAC_ONLY_EEM4_20260601_020555.idf,c:\Users\o_iseri\Desktop\idf_reader\0_BEM_Setup\SimResults_neighbourhoods\option_9_j2_20260531_v1\US_ASHRAE\RC-T\RC-T_EEM_J_HVAC_ONLY_EEM4_20260601_020555\results
RC-T,RC-T,US_ASHRAE,0,0,1,1,EEM_J_DHW_ONLY_EEM4,100.7851,39.6356,4.2869,11.5381,3.1723,34.7672,6.3321,81.4765,tier3,0,783,c:\Users\o_iseri\Desktop\idf_reader\0_BEM_Setup\SimResults_neighbourhoods\option_9_j2_20260531_v1\US_ASHRAE\RC-T\RC-T_EEM_J_DHW_ONLY_EEM4_20260601_020600\RC-T_EEM_J_DHW_ONLY_EEM4_20260601_020600.idf,c:\Users\o_iseri\Desktop\idf_reader\0_BEM_Setup\SimResults_neighbourhoods\option_9_j2_20260531_v1\US_ASHRAE\RC-T\RC-T_EEM_J_DHW_ONLY_EEM4_20260601_020600\results
RC-T,RC-T,US_ASHRAE,1,1,0,1,EEM_J_ENV_HVAC_EEM4,79.8982,3.7573,4.4499,26.1484,3.1723,34.7672,6.5502,81.4148,tier3,0,824,c:\Users\o_iseri\Desktop\idf_reader\0_BEM_Setup\SimResults_neighbourhoods\option_9_j2_20260531_v1\US_ASHRAE\RC-T\RC-T_EEM_J_ENV_HVAC_EEM4_20260601_020605\RC-T_EEM_J_ENV_HVAC_EEM4_20260601_020605.idf,c:\Users\o_iseri\Desktop\idf_reader\0_BEM_Setup\SimResults_neighbourhoods\option_9_j2_20260531_v1\US_ASHRAE\RC-T\RC-T_EEM_J_ENV_HVAC_EEM4_20260601_020605\results
RC-T,RC-T,US_ASHRAE,1,0,1,1,EEM_J_ENV_DHW_EEM4,74.9349,13.6655,5.0068,11.215,3.1723,34.7672,6.0552,81.4148,tier3,0,847,c:\Users\o_iseri\Desktop\idf_reader\0_BEM_Setup\SimResults_neighbourhoods\option_9_j2_20260531_v1\US_ASHRAE\RC-T\RC-T_EEM_J_ENV_DHW_EEM4_20260601_020611\RC-T_EEM_J_ENV_DHW_EEM4_20260601_020611.idf,c:\Users\o_iseri\Desktop\idf_reader\0_BEM_Setup\SimResults_neighbourhoods\option_9_j2_20260531_v1\US_ASHRAE\RC-T\RC-T_EEM_J_ENV_DHW_EEM4_20260601_020611\results
RC-T,RC-T,US_ASHRAE,0,1,1,1,EEM_J_HVAC_DHW_EEM4,72.341,10.4259,3.9119,11.5486,3.1723,34.7672,7.4623,81.4765,tier3,0,862,c:\Users\o_iseri\Desktop\idf_reader\0_BEM_Setup\SimResults_neighbourhoods\option_9_j2_20260531_v1\US_ASHRAE\RC-T\RC-T_EEM_J_HVAC_DHW_EEM4_20260601_020616\RC-T_EEM_J_HVAC_DHW_EEM4_20260601_020616.idf,c:\Users\o_iseri\Desktop\idf_reader\0_BEM_Setup\SimResults_neighbourhoods\option_9_j2_20260531_v1\US_ASHRAE\RC-T\RC-T_EEM_J_HVAC_DHW_EEM4_20260601_020616\results
RC-T,RC-T,US_ASHRAE,1,1,1,1,EEM_J_ENV_HVAC_DHW_EEM4,65.0336,3.7647,4.4636,11.215,3.1723,34.7672,6.598,81.4148,tier3,0,906,c:\Users\o_iseri\Desktop\idf_reader\0_BEM_Setup\SimResults_neighbourhoods\option_9_j2_20260531_v1\US_ASHRAE\RC-T\RC-T_EEM_J_ENV_HVAC_DHW_EEM4_20260601_020619\RC-T_EEM_J_ENV_HVAC_DHW_EEM4_20260601_020619.idf,c:\Users\o_iseri\Desktop\idf_reader\0_BEM_Setup\SimResults_neighbourhoods\option_9_j2_20260531_v1\US_ASHRAE\RC-T\RC-T_EEM_J_ENV_HVAC_DHW_EEM4_20260601_020619\results
RC-R,RC-R,US_ASHRAE,0,0,0,0,EEM_J_DEFAULT,131.3737,44.8259,6.1432,22.128,4.7017,46.5502,6.1664,0,native,0,283,c:\Users\o_iseri\Desktop\idf_reader\0_BEM_Setup\SimResults_neighbourhoods\option_9_j2_20260531_v1\US_ASHRAE\RC-R\RC-R_EEM_J_DEFAULT_20260601_020628\RC-R_EEM_J_DEFAULT_20260601_020628.idf,c:\Users\o_iseri\Desktop\idf_reader\0_BEM_Setup\SimResults_neighbourhoods\option_9_j2_20260531_v1\US_ASHRAE\RC-R\RC-R_EEM_J_DEFAULT_20260601_020628\results
RC-R,RC-R,US_ASHRAE,1,0,0,0,EEM_J_ENVELOPE,103.5709,17.0581,6.9139,21.6881,4.7017,46.5502,5.8006,87.0417,tier3,0,331,c:\Users\o_iseri\Desktop\idf_reader\0_BEM_Setup\SimResults_neighbourhoods\option_9_j2_20260531_v1\US_ASHRAE\RC-R\RC-R_EEM_J_ENVELOPE_20260601_020629\RC-R_EEM_J_ENVELOPE_20260601_020629.idf,c:\Users\o_iseri\Desktop\idf_reader\0_BEM_Setup\SimResults_neighbourhoods\option_9_j2_20260531_v1\US_ASHRAE\RC-R\RC-R_EEM_J_ENVELOPE_20260601_020629\results
RC-R,RC-R,US_ASHRAE,0,1,0,0,EEM_J_HVAC_ONLY,99.3461,12.0801,5.596,22.1319,4.7017,46.5502,7.4279,87.0996,tier3,0,360,c:\Users\o_iseri\Desktop\idf_reader\0_BEM_Setup\SimResults_neighbourhoods\option_9_j2_20260531_v1\US_ASHRAE\RC-R\RC-R_EEM_J_HVAC_ONLY_20260601_020631\RC-R_EEM_J_HVAC_ONLY_20260601_020631.idf,c:\Users\o_iseri\Desktop\idf_reader\0_BEM_Setup\SimResults_neighbourhoods\option_9_j2_20260531_v1\US_ASHRAE\RC-R\RC-R_EEM_J_HVAC_ONLY_20260601_020631\results
RC-R,RC-R,US_ASHRAE,0,0,1,0,EEM_J_DHW_ONLY,118.8218,47.4055,6.167,6.8052,4.7017,46.5502,6.334,87.0996,tier3,0,571,c:\Users\o_iseri\Desktop\idf_reader\0_BEM_Setup\SimResults_neighbourhoods\option_9_j2_20260531_v1\US_ASHRAE\RC-R\RC-R_EEM_J_DHW_ONLY_20260601_020635\RC-R_EEM_J_DHW_ONLY_20260601_020635.idf,c:\Users\o_iseri\Desktop\idf_reader\0_BEM_Setup\SimResults_neighbourhoods\option_9_j2_20260531_v1\US_ASHRAE\RC-R\RC-R_EEM_J_DHW_ONLY_20260601_020635\results
RC-R,RC-R,US_ASHRAE,1,1,0,0,EEM_J_ENV_HVAC,91.1095,4.7021,6.2337,21.6881,4.7017,46.5502,6.3754,87.0417,tier3,0,408,c:\Users\o_iseri\Desktop\idf_reader\0_BEM_Setup\SimResults_neighbourhoods\option_9_j2_20260531_v1\US_ASHRAE\RC-R\RC-R_EEM_J_ENV_HVAC_20260601_020636\RC-R_EEM_J_ENV_HVAC_20260601_020636.idf,c:\Users\o_iseri\Desktop\idf_reader\0_BEM_Setup\SimResults_neighbourhoods\option_9_j2_20260531_v1\US_ASHRAE\RC-R\RC-R_EEM_J_ENV_HVAC_20260601_020636\results
RC-R,RC-R,US_ASHRAE,1,0,1,0,EEM_J_ENV_DHW,91.3455,19.7273,6.9304,6.6138,4.7017,46.5502,5.9639,87.0417,tier3,0,619,c:\Users\o_iseri\Desktop\idf_reader\0_BEM_Setup\SimResults_neighbourhoods\option_9_j2_20260531_v1\US_ASHRAE\RC-R\RC-R_EEM_J_ENV_DHW_20260601_020652\RC-R_EEM_J_ENV_DHW_20260601_020652.idf,c:\Users\o_iseri\Desktop\idf_reader\0_BEM_Setup\SimResults_neighbourhoods\option_9_j2_20260531_v1\US_ASHRAE\RC-R\RC-R_EEM_J_ENV_DHW_20260601_020652\results
RC-R,RC-R,US_ASHRAE,0,1,1,0,EEM_J_HVAC_DHW,86.8741,14.7501,5.6168,6.8067,4.7017,46.5502,7.5903,87.0996,tier3,0,648,c:\Users\o_iseri\Desktop\idf_reader\0_BEM_Setup\SimResults_neighbourhoods\option_9_j2_20260531_v1\US_ASHRAE\RC-R\RC-R_EEM_J_HVAC_DHW_20260601_020655\RC-R_EEM_J_HVAC_DHW_20260601_020655.idf,c:\Users\o_iseri\Desktop\idf_reader\0_BEM_Setup\SimResults_neighbourhoods\option_9_j2_20260531_v1\US_ASHRAE\RC-R\RC-R_EEM_J_HVAC_DHW_20260601_020655\results
RC-R,RC-R,US_ASHRAE,1,1,1,0,EEM_J_ENV_HVAC_DHW,78.9,7.3866,6.2493,6.6149,4.7017,46.5502,6.539,87.0417,tier3,0,696,c:\Users\o_iseri\Desktop\idf_reader\0_BEM_Setup\SimResults_neighbourhoods\option_9_j2_20260531_v1\US_ASHRAE\RC-R\RC-R_EEM_J_ENV_HVAC_DHW_20260601_020701\RC-R_EEM_J_ENV_HVAC_DHW_20260601_020701.idf,c:\Users\o_iseri\Desktop\idf_reader\0_BEM_Setup\SimResults_neighbourhoods\option_9_j2_20260531_v1\US_ASHRAE\RC-R\RC-R_EEM_J_ENV_HVAC_DHW_20260601_020701\results
RC-R,RC-R,US_ASHRAE,0,0,0,1,EEM_J_EEM4_ONLY,116.3032,51.4756,4.9491,22.1336,2.5859,28.3405,5.9602,87.0996,tier3,0,283,c:\Users\o_iseri\Desktop\idf_reader\0_BEM_Setup\SimResults_neighbourhoods\option_9_j2_20260531_v1\US_ASHRAE\RC-R\RC-R_EEM_J_EEM4_ONLY_20260601_020714\RC-R_EEM_J_EEM4_ONLY_20260601_020714.idf,c:\Users\o_iseri\Desktop\idf_reader\0_BEM_Setup\SimResults_neighbourhoods\option_9_j2_20260531_v1\US_ASHRAE\RC-R\RC-R_EEM_J_EEM4_ONLY_20260601_020714\results
RC-R,RC-R,US_ASHRAE,1,0,0,1,EEM_J_ENVELOPE_EEM4,87.0895,22.5309,5.4755,21.7075,2.5859,28.3405,5.5909,87.0417,tier3,0,291,c:\Users\o_iseri\Desktop\idf_reader\0_BEM_Setup\SimResults_neighbourhoods\option_9_j2_20260531_v1\US_ASHRAE\RC-R\RC-R_EEM_J_ENVELOPE_EEM4_20260601_020726\RC-R_EEM_J_ENVELOPE_EEM4_20260601_020726.idf,c:\Users\o_iseri\Desktop\idf_reader\0_BEM_Setup\SimResults_neighbourhoods\option_9_j2_20260531_v1\US_ASHRAE\RC-R\RC-R_EEM_J_ENVELOPE_EEM4_20260601_020726\results
RC-R,RC-R,US_ASHRAE,0,1,0,1,EEM_J_HVAC_ONLY_EEM4,79.4121,13.5322,4.5266,22.1406,2.5859,28.3405,7.4281,87.0996,tier3,0,360,c:\Users\o_iseri\Desktop\idf_reader\0_BEM_Setup\SimResults_neighbourhoods\option_9_j2_20260531_v1\US_ASHRAE\RC-R\RC-R_EEM_J_HVAC_ONLY_EEM4_20260601_020731\RC-R_EEM_J_HVAC_ONLY_EEM4_20260601_020731.idf,c:\Users\o_iseri\Desktop\idf_reader\0_BEM_Setup\SimResults_neighbourhoods\option_9_j2_20260531_v1\US_ASHRAE\RC-R\RC-R_EEM_J_HVAC_ONLY_EEM4_20260601_020731\results
RC-R,RC-R,US_ASHRAE,0,0,1,1,EEM_J_DHW_ONLY_EEM4,103.736,54.048,4.9712,6.8041,2.5859,28.3405,6.1279,87.0996,tier3,0,571,c:\Users\o_iseri\Desktop\idf_reader\0_BEM_Setup\SimResults_neighbourhoods\option_9_j2_20260531_v1\US_ASHRAE\RC-R\RC-R_EEM_J_DHW_ONLY_EEM4_20260601_020747\RC-R_EEM_J_DHW_ONLY_EEM4_20260601_020747.idf,c:\Users\o_iseri\Desktop\idf_reader\0_BEM_Setup\SimResults_neighbourhoods\option_9_j2_20260531_v1\US_ASHRAE\RC-R\RC-R_EEM_J_DHW_ONLY_EEM4_20260601_020747\results
RC-R,RC-R,US_ASHRAE,1,1,0,1,EEM_J_ENV_HVAC_EEM4,70.9237,6.1245,4.937,21.7076,2.5859,28.3405,6.37,87.0417,tier3,0,368,c:\Users\o_iseri\Desktop\idf_reader\0_BEM_Setup\SimResults_neighbourhoods\option_9_j2_20260531_v1\US_ASHRAE\RC-R\RC-R_EEM_J_ENV_HVAC_EEM4_20260601_020754\RC-R_EEM_J_ENV_HVAC_EEM4_20260601_020754.idf,c:\Users\o_iseri\Desktop\idf_reader\0_BEM_Setup\SimResults_neighbourhoods\option_9_j2_20260531_v1\US_ASHRAE\RC-R\RC-R_EEM_J_ENV_HVAC_EEM4_20260601_020754\results
RC-R,RC-R,US_ASHRAE,1,0,1,1,EEM_J_ENV_DHW_EEM4,74.8535,25.1955,5.4915,6.6276,2.5859,28.3405,5.7542,87.0417,tier3,0,579,c:\Users\o_iseri\Desktop\idf_reader\0_BEM_Setup\SimResults_neighbourhoods\option_9_j2_20260531_v1\US_ASHRAE\RC-R\RC-R_EEM_J_ENV_DHW_EEM4_20260601_020754\RC-R_EEM_J_ENV_DHW_EEM4_20260601_020754.idf,c:\Users\o_iseri\Desktop\idf_reader\0_BEM_Setup\SimResults_neighbourhoods\option_9_j2_20260531_v1\US_ASHRAE\RC-R\RC-R_EEM_J_ENV_DHW_EEM4_20260601_020754\results
RC-R,RC-R,US_ASHRAE,0,1,1,1,EEM_J_HVAC_DHW_EEM4,66.9389,16.2052,4.5467,6.8111,2.5859,28.3405,7.5913,87.0996,tier3,0,648,c:\Users\o_iseri\Desktop\idf_reader\0_BEM_Setup\SimResults_neighbourhoods\option_9_j2_20260531_v1\US_ASHRAE\RC-R\RC-R_EEM_J_HVAC_DHW_EEM4_20260601_020811\RC-R_EEM_J_HVAC_DHW_EEM4_20260601_020811.idf,c:\Users\o_iseri\Desktop\idf_reader\0_BEM_Setup\SimResults_neighbourhoods\option_9_j2_20260531_v1\US_ASHRAE\RC-R\RC-R_EEM_J_HVAC_DHW_EEM4_20260601_020811\results
RC-R,RC-R,US_ASHRAE,1,1,1,1,EEM_J_ENV_HVAC_DHW_EEM4,58.7049,8.8081,4.952,6.6269,2.5859,28.3405,6.5333,87.0417,tier3,0,656,c:\Users\o_iseri\Desktop\idf_reader\0_BEM_Setup\SimResults_neighbourhoods\option_9_j2_20260531_v1\US_ASHRAE\RC-R\RC-R_EEM_J_ENV_HVAC_DHW_EEM4_20260601_020813\RC-R_EEM_J_ENV_HVAC_DHW_EEM4_20260601_020813.idf,c:\Users\o_iseri\Desktop\idf_reader\0_BEM_Setup\SimResults_neighbourhoods\option_9_j2_20260531_v1\US_ASHRAE\RC-R\RC-R_EEM_J_ENV_HVAC_DHW_EEM4_20260601_020813\results
RC-HR1,RC-HR1,CAN_MTL,0,0,0,0,EEM_J_DEFAULT,111.2156,18.2531,9.0746,48.1775,4.2727,19.1672,9.122,1.8558,native,0,5761,C:\Users\o_iseri\Desktop\idf_reader\0_BEM_Setup\SimResults_neighbourhoods\option_9_j2_20260531_v1\CAN_MTL\RC-HR1\RC-HR1_EEM_J_DEFAULT_20260602_090657\RC-HR1_EEM_J_DEFAULT_20260602_090657.idf,C:\Users\o_iseri\Desktop\idf_reader\0_BEM_Setup\SimResults_neighbourhoods\option_9_j2_20260531_v1\CAN_MTL\RC-HR1\RC-HR1_EEM_J_DEFAULT_20260602_090657\results
RC-HR1,RC-HR1,CAN_MTL,1,0,0,0,EEM_J_ENVELOPE,103.3543,8.2821,11.218,48.1582,4.2727,19.1672,9.0939,45.768,tier3,16,5780,C:\Users\o_iseri\Desktop\idf_reader\0_BEM_Setup\SimResults_neighbourhoods\option_9_j2_20260531_v1\CAN_MTL\RC-HR1\RC-HR1_EEM_J_ENVELOPE_20260602_090657\RC-HR1_EEM_J_ENVELOPE_20260602_090657.idf,C:\Users\o_iseri\Desktop\idf_reader\0_BEM_Setup\SimResults_neighbourhoods\option_9_j2_20260531_v1\CAN_MTL\RC-HR1\RC-HR1_EEM_J_ENVELOPE_20260602_090657\results
RC-HR1,RC-HR1,CAN_MTL,0,1,0,0,EEM_J_HVAC_ONLY,100.5171,5.9985,10.5747,48.187,4.2727,19.1672,9.1837,45.768,tier3,0,6078,C:\Users\o_iseri\Desktop\idf_reader\0_BEM_Setup\SimResults_neighbourhoods\option_9_j2_20260531_v1\CAN_MTL\RC-HR1\RC-HR1_EEM_J_HVAC_ONLY_20260602_090657\RC-HR1_EEM_J_HVAC_ONLY_20260602_090657.idf,C:\Users\o_iseri\Desktop\idf_reader\0_BEM_Setup\SimResults_neighbourhoods\option_9_j2_20260531_v1\CAN_MTL\RC-HR1\RC-HR1_EEM_J_HVAC_ONLY_20260602_090657\results
RC-HR1,RC-HR1,CAN_MTL,0,0,1,0,EEM_J_DHW_ONLY,79.0045,22.3356,8.7788,12.1623,4.2727,19.1672,9.1419,45.768,tier3,8,7144,C:\Users\o_iseri\Desktop\idf_reader\0_BEM_Setup\SimResults_neighbourhoods\option_9_j2_20260531_v1\CAN_MTL\RC-HR1\RC-HR1_EEM_J_DHW_ONLY_20260602_090657\RC-HR1_EEM_J_DHW_ONLY_20260602_090657.idf,C:\Users\o_iseri\Desktop\idf_reader\0_BEM_Setup\SimResults_neighbourhoods\option_9_j2_20260531_v1\CAN_MTL\RC-HR1\RC-HR1_EEM_J_DHW_ONLY_20260602_090657\results
RC-HR1,RC-HR1,CAN_MTL,1,1,0,0,EEM_J_ENV_HVAC,99.7804,2.7915,13.1631,48.1655,4.2727,19.1672,9.0669,45.768,tier3,16,6099,C:\Users\o_iseri\Desktop\idf_reader\0_BEM_Setup\SimResults_neighbourhoods\option_9_j2_20260531_v1\CAN_MTL\RC-HR1\RC-HR1_EEM_J_ENV_HVAC_20260602_090657\RC-HR1_EEM_J_ENV_HVAC_20260602_090657.idf,C:\Users\o_iseri\Desktop\idf_reader\0_BEM_Setup\SimResults_neighbourhoods\option_9_j2_20260531_v1\CAN_MTL\RC-HR1\RC-HR1_EEM_J_ENV_HVAC_20260602_090657\results
RC-HR1,RC-HR1,CAN_MTL,1,0,1,0,EEM_J_ENV_DHW,70.8942,11.9584,11.0764,12.1131,4.2727,19.1672,9.1443,45.768,tier3,11,7149,C:\Users\o_iseri\Desktop\idf_reader\0_BEM_Setup\SimResults_neighbourhoods\option_9_j2_20260531_v1\CAN_MTL\RC-HR1\RC-HR1_EEM_J_ENV_DHW_20260602_090657\RC-HR1_EEM_J_ENV_DHW_20260602_090657.idf,C:\Users\o_iseri\Desktop\idf_reader\0_BEM_Setup\SimResults_neighbourhoods\option_9_j2_20260531_v1\CAN_MTL\RC-HR1\RC-HR1_EEM_J_ENV_DHW_20260602_090657\results
RC-HR1,RC-HR1,CAN_MTL,0,1,1,0,EEM_J_HVAC_DHW,68.0633,9.6011,10.4356,12.1871,4.2727,19.1672,9.2664,45.768,tier3,8,7443,C:\Users\o_iseri\Desktop\idf_reader\0_BEM_Setup\SimResults_neighbourhoods\option_9_j2_20260531_v1\CAN_MTL\RC-HR1\RC-HR1_EEM_J_HVAC_DHW_20260602_090657\RC-HR1_EEM_J_HVAC_DHW_20260602_090657.idf,C:\Users\o_iseri\Desktop\idf_reader\0_BEM_Setup\SimResults_neighbourhoods\option_9_j2_20260531_v1\CAN_MTL\RC-HR1\RC-HR1_EEM_J_HVAC_DHW_20260602_090657\results
RC-HR1,RC-HR1,CAN_MTL,1,1,1,0,EEM_J_ENV_HVAC_DHW,67.2064,6.3644,12.9923,12.1207,4.2727,19.1672,9.1358,45.768,tier3,11,7455,C:\Users\o_iseri\Desktop\idf_reader\0_BEM_Setup\SimResults_neighbourhoods\option_9_j2_20260531_v1\CAN_MTL\RC-HR1\RC-HR1_EEM_J_ENV_HVAC_DHW_20260602_090657\RC-HR1_EEM_J_ENV_HVAC_DHW_20260602_090657.idf,C:\Users\o_iseri\Desktop\idf_reader\0_BEM_Setup\SimResults_neighbourhoods\option_9_j2_20260531_v1\CAN_MTL\RC-HR1\RC-HR1_EEM_J_ENV_HVAC_DHW_20260602_090657\results
RC-HR1,RC-HR1,CAN_MTL,1,0,0,1,EEM_J_ENVELOPE_EEM4,90.9389,11.0727,8.0792,48.1639,1.7139,11.0157,7.7516,45.768,tier3,0,7022,C:\Users\o_iseri\Desktop\idf_reader\0_BEM_Setup\SimResults_neighbourhoods\option_9_j2_20260531_v1\CAN_MTL\RC-HR1\RC-HR1_EEM_J_ENVELOPE_EEM4_20260602_090713\RC-HR1_EEM_J_ENVELOPE_EEM4_20260602_090713.idf,C:\Users\o_iseri\Desktop\idf_reader\0_BEM_Setup\SimResults_neighbourhoods\option_9_j2_20260531_v1\CAN_MTL\RC-HR1\RC-HR1_EEM_J_ENVELOPE_EEM4_20260602_090713\results
RC-HR1,RC-HR1,CAN_MTL,1,1,0,1,EEM_J_ENV_HVAC_EEM4,84.8253,3.4056,9.5443,48.1788,1.7139,11.0157,7.8411,45.768,tier3,0,7329,C:\Users\o_iseri\Desktop\idf_reader\0_BEM_Setup\SimResults_neighbourhoods\option_9_j2_20260531_v1\CAN_MTL\RC-HR1\RC-HR1_EEM_J_ENV_HVAC_EEM4_20260602_090745\RC-HR1_EEM_J_ENV_HVAC_EEM4_20260602_090745.idf,C:\Users\o_iseri\Desktop\idf_reader\0_BEM_Setup\SimResults_neighbourhoods\option_9_j2_20260531_v1\CAN_MTL\RC-HR1\RC-HR1_EEM_J_ENV_HVAC_EEM4_20260602_090745\results
RC-HR1,RC-HR1,CAN_MTL,1,0,1,1,EEM_J_ENV_DHW_EEM4,58.5775,14.8042,7.95,12.1427,1.7139,11.0157,7.8092,45.768,tier3,13,8411,C:\Users\o_iseri\Desktop\idf_reader\0_BEM_Setup\SimResults_neighbourhoods\option_9_j2_20260531_v1\CAN_MTL\RC-HR1\RC-HR1_EEM_J_ENV_DHW_EEM4_20260602_090749\RC-HR1_EEM_J_ENV_DHW_EEM4_20260602_090749.idf,C:\Users\o_iseri\Desktop\idf_reader\0_BEM_Setup\SimResults_neighbourhoods\option_9_j2_20260531_v1\CAN_MTL\RC-HR1\RC-HR1_EEM_J_ENV_DHW_EEM4_20260602_090749\results
RC-HR1,RC-HR1,CAN_MTL,1,1,1,1,EEM_J_ENV_HVAC_DHW_EEM4,52.2777,6.9962,9.3858,12.1264,1.7139,11.0157,7.9139,45.768,tier3,14,8707,C:\Users\o_iseri\Desktop\idf_reader\0_BEM_Setup\SimResults_neighbourhoods\option_9_j2_20260531_v1\CAN_MTL\RC-HR1\RC-HR1_EEM_J_ENV_HVAC_DHW_EEM4_20260602_090749\RC-HR1_EEM_J_ENV_HVAC_DHW_EEM4_20260602_090749.idf,C:\Users\o_iseri\Desktop\idf_reader\0_BEM_Setup\SimResults_neighbourhoods\option_9_j2_20260531_v1\CAN_MTL\RC-HR1\RC-HR1_EEM_J_ENV_HVAC_DHW_EEM4_20260602_090749\results
RC-HR2,RC-HR2,CAN_MTL,0,0,0,0,EEM_J_DEFAULT,116.1934,18.3665,9.339,51.839,3.857,19.0293,9.8888,3.3405,native,0,3995,C:\Users\o_iseri\Desktop\idf_reader\0_BEM_Setup\SimResults_neighbourhoods\option_9_j2_20260531_v1\CAN_MTL\RC-HR2\RC-HR2_EEM_J_DEFAULT_20260602_090757\RC-HR2_EEM_J_DEFAULT_20260602_090757.idf,C:\Users\o_iseri\Desktop\idf_reader\0_BEM_Setup\SimResults_neighbourhoods\option_9_j2_20260531_v1\CAN_MTL\RC-HR2\RC-HR2_EEM_J_DEFAULT_20260602_090757\results
RC-HR2,RC-HR2,CAN_MTL,1,0,0,0,EEM_J_ENVELOPE,107.9317,6.9911,12.3382,51.8397,3.857,19.0293,9.9776,28.844,tier3,0,3992,C:\Users\o_iseri\Desktop\idf_reader\0_BEM_Setup\SimResults_neighbourhoods\option_9_j2_20260531_v1\CAN_MTL\RC-HR2\RC-HR2_EEM_J_ENVELOPE_20260602_090758\RC-HR2_EEM_J_ENVELOPE_20260602_090758.idf,C:\Users\o_iseri\Desktop\idf_reader\0_BEM_Setup\SimResults_neighbourhoods\option_9_j2_20260531_v1\CAN_MTL\RC-HR2\RC-HR2_EEM_J_ENVELOPE_20260602_090758\results
RC-HR2,RC-HR2,CAN_MTL,0,1,0,0,EEM_J_HVAC_ONLY,106.1802,7.0996,10.6289,51.8384,3.857,19.0293,9.8794,28.844,tier3,0,4003,C:\Users\o_iseri\Desktop\idf_reader\0_BEM_Setup\SimResults_neighbourhoods\option_9_j2_20260531_v1\CAN_MTL\RC-HR2\RC-HR2_EEM_J_HVAC_ONLY_20260602_090801\RC-HR2_EEM_J_HVAC_ONLY_20260602_090801.idf,C:\Users\o_iseri\Desktop\idf_reader\0_BEM_Setup\SimResults_neighbourhoods\option_9_j2_20260531_v1\CAN_MTL\RC-HR2\RC-HR2_EEM_J_HVAC_ONLY_20260602_090801\results
RC-HR2,RC-HR2,CAN_MTL,0,0,1,0,EEM_J_DHW_ONLY,78.7355,25.1959,8.9912,7.8804,3.857,19.0293,9.9129,28.844,tier3,0,4091,C:\Users\o_iseri\Desktop\idf_reader\0_BEM_Setup\SimResults_neighbourhoods\option_9_j2_20260531_v1\CAN_MTL\RC-HR2\RC-HR2_EEM_J_DHW_ONLY_20260602_090801\RC-HR2_EEM_J_DHW_ONLY_20260602_090801.idf,C:\Users\o_iseri\Desktop\idf_reader\0_BEM_Setup\SimResults_neighbourhoods\option_9_j2_20260531_v1\CAN_MTL\RC-HR2\RC-HR2_EEM_J_DHW_ONLY_20260602_090801\results
RC-HR2,RC-HR2,CAN_MTL,1,1,0,0,EEM_J_ENV_HVAC,106.344,3.2141,14.4264,51.8401,3.857,19.0293,10.0904,28.844,tier3,0,4004,C:\Users\o_iseri\Desktop\idf_reader\0_BEM_Setup\SimResults_neighbourhoods\option_9_j2_20260531_v1\CAN_MTL\RC-HR2\RC-HR2_EEM_J_ENV_HVAC_20260602_090815\RC-HR2_EEM_J_ENV_HVAC_20260602_090815.idf,C:\Users\o_iseri\Desktop\idf_reader\0_BEM_Setup\SimResults_neighbourhoods\option_9_j2_20260531_v1\CAN_MTL\RC-HR2\RC-HR2_EEM_J_ENV_HVAC_20260602_090815\results
RC-HR2,RC-HR2,CAN_MTL,1,0,1,0,EEM_J_ENV_DHW,70.4425,13.4169,12.3117,7.8434,3.857,19.0293,10.0856,28.844,tier3,0,4100,C:\Users\o_iseri\Desktop\idf_reader\0_BEM_Setup\SimResults_neighbourhoods\option_9_j2_20260531_v1\CAN_MTL\RC-HR2\RC-HR2_EEM_J_ENV_DHW_20260602_090837\RC-HR2_EEM_J_ENV_DHW_20260602_090837.idf,C:\Users\o_iseri\Desktop\idf_reader\0_BEM_Setup\SimResults_neighbourhoods\option_9_j2_20260531_v1\CAN_MTL\RC-HR2\RC-HR2_EEM_J_ENV_DHW_20260602_090837\results
RC-HR2,RC-HR2,CAN_MTL,0,1,1,0,EEM_J_HVAC_DHW,68.7737,13.5218,10.6091,7.9186,3.857,19.0293,9.9904,28.844,tier3,0,4096,C:\Users\o_iseri\Desktop\idf_reader\0_BEM_Setup\SimResults_neighbourhoods\option_9_j2_20260531_v1\CAN_MTL\RC-HR2\RC-HR2_EEM_J_HVAC_DHW_20260602_090839\RC-HR2_EEM_J_HVAC_DHW_20260602_090839.idf,C:\Users\o_iseri\Desktop\idf_reader\0_BEM_Setup\SimResults_neighbourhoods\option_9_j2_20260531_v1\CAN_MTL\RC-HR2\RC-HR2_EEM_J_HVAC_DHW_20260602_090839\results
RC-HR2,RC-HR2,CAN_MTL,1,1,1,0,EEM_J_ENV_HVAC_DHW,68.8312,9.6435,14.3967,7.8198,3.857,19.0293,10.1984,28.844,tier3,0,4107,C:\Users\o_iseri\Desktop\idf_reader\0_BEM_Setup\SimResults_neighbourhoods\option_9_j2_20260531_v1\CAN_MTL\RC-HR2\RC-HR2_EEM_J_ENV_HVAC_DHW_20260602_090841\RC-HR2_EEM_J_ENV_HVAC_DHW_20260602_090841.idf,C:\Users\o_iseri\Desktop\idf_reader\0_BEM_Setup\SimResults_neighbourhoods\option_9_j2_20260531_v1\CAN_MTL\RC-HR2\RC-HR2_EEM_J_ENV_HVAC_DHW_20260602_090841\results
RC-HR2,RC-HR2,CAN_MTL,1,0,0,1,EEM_J_ENVELOPE_EEM4,94.9315,9.7864,8.6333,51.8367,1.5027,10.8778,8.4319,28.844,tier3,0,4798,C:\Users\o_iseri\Desktop\idf_reader\0_BEM_Setup\SimResults_neighbourhoods\option_9_j2_20260531_v1\CAN_MTL\RC-HR2\RC-HR2_EEM_J_ENVELOPE_EEM4_20260602_090900\RC-HR2_EEM_J_ENVELOPE_EEM4_20260602_090900.idf,C:\Users\o_iseri\Desktop\idf_reader\0_BEM_Setup\SimResults_neighbourhoods\option_9_j2_20260531_v1\CAN_MTL\RC-HR2\RC-HR2_EEM_J_ENVELOPE_EEM4_20260602_090900\results
RC-HR2,RC-HR2,CAN_MTL,1,1,0,1,EEM_J_ENV_HVAC_EEM4,91.0271,4.2005,10.2534,51.8381,1.5027,10.8778,8.518,28.844,tier3,0,4812,C:\Users\o_iseri\Desktop\idf_reader\0_BEM_Setup\SimResults_neighbourhoods\option_9_j2_20260531_v1\CAN_MTL\RC-HR2\RC-HR2_EEM_J_ENV_HVAC_EEM4_20260602_090913\RC-HR2_EEM_J_ENV_HVAC_EEM4_20260602_090913.idf,C:\Users\o_iseri\Desktop\idf_reader\0_BEM_Setup\SimResults_neighbourhoods\option_9_j2_20260531_v1\CAN_MTL\RC-HR2\RC-HR2_EEM_J_ENV_HVAC_EEM4_20260602_090913\results
RC-HR2,RC-HR2,CAN_MTL,1,0,1,1,EEM_J_ENV_DHW_EEM4,57.5193,16.2274,8.6106,7.8973,1.5027,10.8778,8.541,28.844,tier3,0,4906,C:\Users\o_iseri\Desktop\idf_reader\0_BEM_Setup\SimResults_neighbourhoods\option_9_j2_20260531_v1\CAN_MTL\RC-HR2\RC-HR2_EEM_J_ENV_DHW_EEM4_20260602_090919\RC-HR2_EEM_J_ENV_DHW_EEM4_20260602_090919.idf,C:\Users\o_iseri\Desktop\idf_reader\0_BEM_Setup\SimResults_neighbourhoods\option_9_j2_20260531_v1\CAN_MTL\RC-HR2\RC-HR2_EEM_J_ENV_DHW_EEM4_20260602_090919\results
RC-HR2,RC-HR2,CAN_MTL,1,1,1,1,EEM_J_ENV_HVAC_DHW_EEM4,53.6131,10.6178,10.2283,7.9229,1.5027,10.8778,8.6274,28.844,tier3,0,4911,C:\Users\o_iseri\Desktop\idf_reader\0_BEM_Setup\SimResults_neighbourhoods\option_9_j2_20260531_v1\CAN_MTL\RC-HR2\RC-HR2_EEM_J_ENV_HVAC_DHW_EEM4_20260602_090923\RC-HR2_EEM_J_ENV_HVAC_DHW_EEM4_20260602_090923.idf,C:\Users\o_iseri\Desktop\idf_reader\0_BEM_Setup\SimResults_neighbourhoods\option_9_j2_20260531_v1\CAN_MTL\RC-HR2\RC-HR2_EEM_J_ENV_HVAC_DHW_EEM4_20260602_090923\results
RC-HR1,RC-HR1,US_ASHRAE,0,0,0,0,EEM_J_DEFAULT,146.5728,32.6392,6.3883,48.1811,5.0635,41.612,9.5635,1.8534,native,0,5349,C:\Users\o_iseri\Desktop\idf_reader\0_BEM_Setup\SimResults_neighbourhoods\option_9_j2_20260531_v1\US_ASHRAE\RC-HR1\RC-HR1_EEM_J_DEFAULT_20260602_100829\RC-HR1_EEM_J_DEFAULT_20260602_100829.idf,C:\Users\o_iseri\Desktop\idf_reader\0_BEM_Setup\SimResults_neighbourhoods\option_9_j2_20260531_v1\US_ASHRAE\RC-HR1\RC-HR1_EEM_J_DEFAULT_20260602_100829\results
RC-HR1,RC-HR1,US_ASHRAE,1,0,0,0,EEM_J_ENVELOPE,120.0955,1.4001,11.3486,48.1179,5.0635,41.612,9.3964,44.0039,tier3,0,5552,C:\Users\o_iseri\Desktop\idf_reader\0_BEM_Setup\SimResults_neighbourhoods\option_9_j2_20260531_v1\US_ASHRAE\RC-HR1\RC-HR1_EEM_J_ENVELOPE_20260602_100829\RC-HR1_EEM_J_ENVELOPE_20260602_100829.idf,C:\Users\o_iseri\Desktop\idf_reader\0_BEM_Setup\SimResults_neighbourhoods\option_9_j2_20260531_v1\US_ASHRAE\RC-HR1\RC-HR1_EEM_J_ENVELOPE_20260602_100829\results
RC-HR1,RC-HR1,US_ASHRAE,0,1,0,0,EEM_J_HVAC_ONLY,124.99,10.0604,7.2891,48.1812,5.0635,41.612,9.6655,44.0063,tier3,0,5659,C:\Users\o_iseri\Desktop\idf_reader\0_BEM_Setup\SimResults_neighbourhoods\option_9_j2_20260531_v1\US_ASHRAE\RC-HR1\RC-HR1_EEM_J_HVAC_ONLY_20260602_100829\RC-HR1_EEM_J_HVAC_ONLY_20260602_100829.idf,C:\Users\o_iseri\Desktop\idf_reader\0_BEM_Setup\SimResults_neighbourhoods\option_9_j2_20260531_v1\US_ASHRAE\RC-HR1\RC-HR1_EEM_J_HVAC_ONLY_20260602_100829\results
RC-HR1,RC-HR1,US_ASHRAE,0,0,1,0,EEM_J_DHW_ONLY,114.8631,36.8874,6.1707,12.3917,5.0635,41.612,9.6145,44.0063,tier3,29,6733,C:\Users\o_iseri\Desktop\idf_reader\0_BEM_Setup\SimResults_neighbourhoods\option_9_j2_20260531_v1\US_ASHRAE\RC-HR1\RC-HR1_EEM_J_DHW_ONLY_20260602_100829\RC-HR1_EEM_J_DHW_ONLY_20260602_100829.idf,C:\Users\o_iseri\Desktop\idf_reader\0_BEM_Setup\SimResults_neighbourhoods\option_9_j2_20260531_v1\US_ASHRAE\RC-HR1\RC-HR1_EEM_J_DHW_ONLY_20260602_100829\results
RC-HR1,RC-HR1,US_ASHRAE,1,1,0,0,EEM_J_ENV_HVAC,120.5284,0.5259,12.9909,48.1174,5.0635,41.612,9.0593,44.0039,tier3,5,5861,C:\Users\o_iseri\Desktop\idf_reader\0_BEM_Setup\SimResults_neighbourhoods\option_9_j2_20260531_v1\US_ASHRAE\RC-HR1\RC-HR1_EEM_J_ENV_HVAC_20260602_100829\RC-HR1_EEM_J_ENV_HVAC_20260602_100829.idf,C:\Users\o_iseri\Desktop\idf_reader\0_BEM_Setup\SimResults_neighbourhoods\option_9_j2_20260531_v1\US_ASHRAE\RC-HR1\RC-HR1_EEM_J_ENV_HVAC_20260602_100829\results
RC-HR1,RC-HR1,US_ASHRAE,1,0,1,0,EEM_J_ENV_DHW,87.933,4.9987,11.1965,12.4607,5.0635,41.612,9.4448,44.0039,tier3,14,6929,C:\Users\o_iseri\Desktop\idf_reader\0_BEM_Setup\SimResults_neighbourhoods\option_9_j2_20260531_v1\US_ASHRAE\RC-HR1\RC-HR1_EEM_J_ENV_DHW_20260602_100829\RC-HR1_EEM_J_ENV_DHW_20260602_100829.idf,C:\Users\o_iseri\Desktop\idf_reader\0_BEM_Setup\SimResults_neighbourhoods\option_9_j2_20260531_v1\US_ASHRAE\RC-HR1\RC-HR1_EEM_J_ENV_DHW_20260602_100829\results
RC-HR1,RC-HR1,US_ASHRAE,0,1,1,0,EEM_J_HVAC_DHW,92.8625,13.7064,7.1957,12.4004,5.0635,41.612,9.7664,44.0063,tier3,29,7033,C:\Users\o_iseri\Desktop\idf_reader\0_BEM_Setup\SimResults_neighbourhoods\option_9_j2_20260531_v1\US_ASHRAE\RC-HR1\RC-HR1_EEM_J_HVAC_DHW_20260602_100829\RC-HR1_EEM_J_HVAC_DHW_20260602_100829.idf,C:\Users\o_iseri\Desktop\idf_reader\0_BEM_Setup\SimResults_neighbourhoods\option_9_j2_20260531_v1\US_ASHRAE\RC-HR1\RC-HR1_EEM_J_HVAC_DHW_20260602_100829\results
RC-HR1,RC-HR1,US_ASHRAE,1,1,1,0,EEM_J_ENV_HVAC_DHW,88.2996,4.061,12.8221,12.4534,5.0635,41.612,9.1282,44.0039,tier3,12,7229,C:\Users\o_iseri\Desktop\idf_reader\0_BEM_Setup\SimResults_neighbourhoods\option_9_j2_20260531_v1\US_ASHRAE\RC-HR1\RC-HR1_EEM_J_ENV_HVAC_DHW_20260602_100829\RC-HR1_EEM_J_ENV_HVAC_DHW_20260602_100829.idf,C:\Users\o_iseri\Desktop\idf_reader\0_BEM_Setup\SimResults_neighbourhoods\option_9_j2_20260531_v1\US_ASHRAE\RC-HR1\RC-HR1_EEM_J_ENV_HVAC_DHW_20260602_100829\results
RC-HR1,RC-HR1,US_ASHRAE,1,0,0,1,EEM_J_ENVELOPE_EEM4,93.9508,6.8399,5.8679,48.1536,2.0099,20.5995,7.362,44.0039,tier3,0,6724,C:\Users\o_iseri\Desktop\idf_reader\0_BEM_Setup\SimResults_neighbourhoods\option_9_j2_20260531_v1\US_ASHRAE\RC-HR1\RC-HR1_EEM_J_ENVELOPE_EEM4_20260602_100847\RC-HR1_EEM_J_ENVELOPE_EEM4_20260602_100847.idf,C:\Users\o_iseri\Desktop\idf_reader\0_BEM_Setup\SimResults_neighbourhoods\option_9_j2_20260531_v1\US_ASHRAE\RC-HR1\RC-HR1_EEM_J_ENVELOPE_EEM4_20260602_100847\results
RC-HR1,RC-HR1,US_ASHRAE,1,1,0,1,EEM_J_ENV_HVAC_EEM4,90.0744,2.1024,6.7958,48.152,2.0099,20.5995,7.3007,44.0039,tier3,0,7047,C:\Users\o_iseri\Desktop\idf_reader\0_BEM_Setup\SimResults_neighbourhoods\option_9_j2_20260531_v1\US_ASHRAE\RC-HR1\RC-HR1_EEM_J_ENV_HVAC_EEM4_20260602_100924\RC-HR1_EEM_J_ENV_HVAC_EEM4_20260602_100924.idf,C:\Users\o_iseri\Desktop\idf_reader\0_BEM_Setup\SimResults_neighbourhoods\option_9_j2_20260531_v1\US_ASHRAE\RC-HR1\RC-HR1_EEM_J_ENV_HVAC_EEM4_20260602_100924\results
RC-HR1,RC-HR1,US_ASHRAE,1,0,1,1,EEM_J_ENV_DHW_EEM4,61.9642,10.6287,5.7513,12.4339,2.0099,20.5995,7.423,44.0039,tier3,45,8096,C:\Users\o_iseri\Desktop\idf_reader\0_BEM_Setup\SimResults_neighbourhoods\option_9_j2_20260531_v1\US_ASHRAE\RC-HR1\RC-HR1_EEM_J_ENV_DHW_EEM4_20260602_100927\RC-HR1_EEM_J_ENV_DHW_EEM4_20260602_100927.idf,C:\Users\o_iseri\Desktop\idf_reader\0_BEM_Setup\SimResults_neighbourhoods\option_9_j2_20260531_v1\US_ASHRAE\RC-HR1\RC-HR1_EEM_J_ENV_DHW_EEM4_20260602_100927\results
RC-HR1,RC-HR1,US_ASHRAE,1,1,1,1,EEM_J_ENV_HVAC_DHW_EEM4,57.9051,5.6978,6.663,12.4331,2.0099,20.5995,7.3878,44.0039,tier3,45,8403,C:\Users\o_iseri\Desktop\idf_reader\0_BEM_Setup\SimResults_neighbourhoods\option_9_j2_20260531_v1\US_ASHRAE\RC-HR1\RC-HR1_EEM_J_ENV_HVAC_DHW_EEM4_20260602_100929\RC-HR1_EEM_J_ENV_HVAC_DHW_EEM4_20260602_100929.idf,C:\Users\o_iseri\Desktop\idf_reader\0_BEM_Setup\SimResults_neighbourhoods\option_9_j2_20260531_v1\US_ASHRAE\RC-HR1\RC-HR1_EEM_J_ENV_HVAC_DHW_EEM4_20260602_100929\results
RC-HR2,RC-HR2,US_ASHRAE,0,0,0,0,EEM_J_DEFAULT,154.9501,36.2791,6.0592,51.8382,4.6104,41.6819,10.6501,3.3362,native,0,3975,C:\Users\o_iseri\Desktop\idf_reader\0_BEM_Setup\SimResults_neighbourhoods\option_9_j2_20260531_v1\US_ASHRAE\RC-HR2\RC-HR2_EEM_J_DEFAULT_20260602_100937\RC-HR2_EEM_J_DEFAULT_20260602_100937.idf,C:\Users\o_iseri\Desktop\idf_reader\0_BEM_Setup\SimResults_neighbourhoods\option_9_j2_20260531_v1\US_ASHRAE\RC-HR2\RC-HR2_EEM_J_DEFAULT_20260602_100937\results
RC-HR2,RC-HR2,US_ASHRAE,1,0,0,0,EEM_J_ENVELOPE,124.9824,1.0709,11.9355,51.8362,4.6104,41.6819,9.9577,25.9882,tier3,0,3976,C:\Users\o_iseri\Desktop\idf_reader\0_BEM_Setup\SimResults_neighbourhoods\option_9_j2_20260531_v1\US_ASHRAE\RC-HR2\RC-HR2_EEM_J_ENVELOPE_20260602_100938\RC-HR2_EEM_J_ENVELOPE_20260602_100938.idf,C:\Users\o_iseri\Desktop\idf_reader\0_BEM_Setup\SimResults_neighbourhoods\option_9_j2_20260531_v1\US_ASHRAE\RC-HR2\RC-HR2_EEM_J_ENVELOPE_20260602_100938\results
RC-HR2,RC-HR2,US_ASHRAE,0,1,0,0,EEM_J_HVAC_ONLY,131.4636,12.0443,6.8082,51.8383,4.6104,41.6819,10.6608,25.9882,tier3,0,3977,C:\Users\o_iseri\Desktop\idf_reader\0_BEM_Setup\SimResults_neighbourhoods\option_9_j2_20260531_v1\US_ASHRAE\RC-HR2\RC-HR2_EEM_J_HVAC_ONLY_20260602_100943\RC-HR2_EEM_J_HVAC_ONLY_20260602_100943.idf,C:\Users\o_iseri\Desktop\idf_reader\0_BEM_Setup\SimResults_neighbourhoods\option_9_j2_20260531_v1\US_ASHRAE\RC-HR2\RC-HR2_EEM_J_HVAC_ONLY_20260602_100943\results
RC-HR2,RC-HR2,US_ASHRAE,0,0,1,0,EEM_J_DHW_ONLY,117.6673,43.2051,5.8109,7.8277,4.6104,41.6819,10.7037,25.9882,tier3,0,4071,C:\Users\o_iseri\Desktop\idf_reader\0_BEM_Setup\SimResults_neighbourhoods\option_9_j2_20260531_v1\US_ASHRAE\RC-HR2\RC-HR2_EEM_J_DHW_ONLY_20260602_100943\RC-HR2_EEM_J_DHW_ONLY_20260602_100943.idf,C:\Users\o_iseri\Desktop\idf_reader\0_BEM_Setup\SimResults_neighbourhoods\option_9_j2_20260531_v1\US_ASHRAE\RC-HR2\RC-HR2_EEM_J_DHW_ONLY_20260602_100943\results
RC-HR2,RC-HR2,US_ASHRAE,1,1,0,0,EEM_J_ENV_HVAC,126.4284,0.5568,13.7479,51.8375,4.6104,41.6819,10.0958,25.9882,tier3,0,3980,C:\Users\o_iseri\Desktop\idf_reader\0_BEM_Setup\SimResults_neighbourhoods\option_9_j2_20260531_v1\US_ASHRAE\RC-HR2\RC-HR2_EEM_J_ENV_HVAC_20260602_100957\RC-HR2_EEM_J_ENV_HVAC_20260602_100957.idf,C:\Users\o_iseri\Desktop\idf_reader\0_BEM_Setup\SimResults_neighbourhoods\option_9_j2_20260531_v1\US_ASHRAE\RC-HR2\RC-HR2_EEM_J_ENV_HVAC_20260602_100957\results
RC-HR2,RC-HR2,US_ASHRAE,1,0,1,0,EEM_J_ENV_DHW,87.556,7.3808,11.9099,8.0205,4.6104,41.6819,10.0629,25.9882,tier3,4,4076,C:\Users\o_iseri\Desktop\idf_reader\0_BEM_Setup\SimResults_neighbourhoods\option_9_j2_20260531_v1\US_ASHRAE\RC-HR2\RC-HR2_EEM_J_ENV_DHW_20260602_101025\RC-HR2_EEM_J_ENV_DHW_20260602_101025.idf,C:\Users\o_iseri\Desktop\idf_reader\0_BEM_Setup\SimResults_neighbourhoods\option_9_j2_20260531_v1\US_ASHRAE\RC-HR2\RC-HR2_EEM_J_ENV_DHW_20260602_101025\results
RC-HR2,RC-HR2,US_ASHRAE,0,1,1,0,EEM_J_HVAC_DHW,93.9613,18.4338,6.798,7.8454,4.6104,41.6819,10.7722,25.9882,tier3,0,4070,C:\Users\o_iseri\Desktop\idf_reader\0_BEM_Setup\SimResults_neighbourhoods\option_9_j2_20260531_v1\US_ASHRAE\RC-HR2\RC-HR2_EEM_J_HVAC_DHW_20260602_101025\RC-HR2_EEM_J_HVAC_DHW_20260602_101025.idf,C:\Users\o_iseri\Desktop\idf_reader\0_BEM_Setup\SimResults_neighbourhoods\option_9_j2_20260531_v1\US_ASHRAE\RC-HR2\RC-HR2_EEM_J_HVAC_DHW_20260602_101025\results
RC-HR2,RC-HR2,US_ASHRAE,1,1,1,0,EEM_J_ENV_HVAC_DHW,89.0033,6.8646,13.7174,8.0303,4.6104,41.6819,10.2008,25.9882,tier3,4,4075,C:\Users\o_iseri\Desktop\idf_reader\0_BEM_Setup\SimResults_neighbourhoods\option_9_j2_20260531_v1\US_ASHRAE\RC-HR2\RC-HR2_EEM_J_ENV_HVAC_DHW_20260602_101029\RC-HR2_EEM_J_ENV_HVAC_DHW_20260602_101029.idf,C:\Users\o_iseri\Desktop\idf_reader\0_BEM_Setup\SimResults_neighbourhoods\option_9_j2_20260531_v1\US_ASHRAE\RC-HR2\RC-HR2_EEM_J_ENV_HVAC_DHW_20260602_101029\results
RC-HR2,RC-HR2,US_ASHRAE,1,0,0,1,EEM_J_ENVELOPE_EEM4,98.2271,6.6216,5.798,51.8346,1.7792,20.5484,7.8252,25.9882,tier3,0,4776,C:\Users\o_iseri\Desktop\idf_reader\0_BEM_Setup\SimResults_neighbourhoods\option_9_j2_20260531_v1\US_ASHRAE\RC-HR2\RC-HR2_EEM_J_ENVELOPE_EEM4_20260602_101050\RC-HR2_EEM_J_ENVELOPE_EEM4_20260602_101050.idf,C:\Users\o_iseri\Desktop\idf_reader\0_BEM_Setup\SimResults_neighbourhoods\option_9_j2_20260531_v1\US_ASHRAE\RC-HR2\RC-HR2_EEM_J_ENVELOPE_EEM4_20260602_101050\results
RC-HR2,RC-HR2,US_ASHRAE,1,1,0,1,EEM_J_ENV_HVAC_EEM4,94.8794,2.268,6.742,51.8346,1.7792,20.5484,7.8917,25.9882,tier3,0,4782,C:\Users\o_iseri\Desktop\idf_reader\0_BEM_Setup\SimResults_neighbourhoods\option_9_j2_20260531_v1\US_ASHRAE\RC-HR2\RC-HR2_EEM_J_ENV_HVAC_EEM4_20260602_101107\RC-HR2_EEM_J_ENV_HVAC_EEM4_20260602_101107.idf,C:\Users\o_iseri\Desktop\idf_reader\0_BEM_Setup\SimResults_neighbourhoods\option_9_j2_20260531_v1\US_ASHRAE\RC-HR2\RC-HR2_EEM_J_ENV_HVAC_EEM4_20260602_101107\results
RC-HR2,RC-HR2,US_ASHRAE,1,0,1,1,EEM_J_ENV_DHW_EEM4,60.8738,12.9343,5.7777,8.0803,1.7792,20.5484,7.9342,25.9882,tier3,0,4876,C:\Users\o_iseri\Desktop\idf_reader\0_BEM_Setup\SimResults_neighbourhoods\option_9_j2_20260531_v1\US_ASHRAE\RC-HR2\RC-HR2_EEM_J_ENV_DHW_EEM4_20260602_101115\RC-HR2_EEM_J_ENV_DHW_EEM4_20260602_101115.idf,C:\Users\o_iseri\Desktop\idf_reader\0_BEM_Setup\SimResults_neighbourhoods\option_9_j2_20260531_v1\US_ASHRAE\RC-HR2\RC-HR2_EEM_J_ENV_DHW_EEM4_20260602_101115\results
RC-HR2,RC-HR2,US_ASHRAE,1,1,1,1,EEM_J_ENV_HVAC_DHW_EEM4,57.4986,8.5801,6.7177,8.0575,1.7792,20.5484,8.0004,25.9882,tier3,0,4875,C:\Users\o_iseri\Desktop\idf_reader\0_BEM_Setup\SimResults_neighbourhoods\option_9_j2_20260531_v1\US_ASHRAE\RC-HR2\RC-HR2_EEM_J_ENV_HVAC_DHW_EEM4_20260602_101122\RC-HR2_EEM_J_ENV_HVAC_DHW_EEM4_20260602_101122.idf,C:\Users\o_iseri\Desktop\idf_reader\0_BEM_Setup\SimResults_neighbourhoods\option_9_j2_20260531_v1\US_ASHRAE\RC-HR2\RC-HR2_EEM_J_ENV_HVAC_DHW_EEM4_20260602_101122\results
