building_id,building_type,standard,env_flag,hvac_flag,dhw_flag,eem4_flag,scenario_tag,EUI_total_kWh_m2,EUI_heating_kWh_m2,EUI_cooling_kWh_m2,EUI_DHW_kWh_m2,EUI_lights_kWh_m2,EUI_equip_kWh_m2,EUI_fans_pumps_kWh_m2,PV_gen_kWh_m2,pv_track,n_severes,n_warnings,idf_path,output_path
RS-I1,RS-I1,CAN_MTL,0,0,0,0,EEM_J_DEFAULT,169.1532,54.3198,9.1176,40.2176,8.2454,42.9957,9.4708,3.5299,native,3,1142,c:\Users\o_iseri\Desktop\idf_reader\0_BEM_Setup\SimResults_neighbourhoods\option_9_j3_20260602_v2\CAN_MTL\RS-I1\RS-I1_EEM_J_DEFAULT_20260602_182304\RS-I1_EEM_J_DEFAULT_20260602_182304.idf,c:\Users\o_iseri\Desktop\idf_reader\0_BEM_Setup\SimResults_neighbourhoods\option_9_j3_20260602_v2\CAN_MTL\RS-I1\RS-I1_EEM_J_DEFAULT_20260602_182304\results
RS-I1,RS-I1,CAN_MTL,1,0,0,0,EEM_J_ENVELOPE,148.5166,33.8352,9.6093,39.9682,8.2143,42.9957,9.0462,109.8016,tier3,8,1149,c:\Users\o_iseri\Desktop\idf_reader\0_BEM_Setup\SimResults_neighbourhoods\option_9_j3_20260602_v2\CAN_MTL\RS-I1\RS-I1_EEM_J_ENVELOPE_20260602_182304\RS-I1_EEM_J_ENVELOPE_20260602_182304.idf,c:\Users\o_iseri\Desktop\idf_reader\0_BEM_Setup\SimResults_neighbourhoods\option_9_j3_20260602_v2\CAN_MTL\RS-I1\RS-I1_EEM_J_ENVELOPE_20260602_182304\results
RS-I1,RS-I1,CAN_MTL,0,1,0,0,EEM_J_HVAC_ONLY,128.9327,12.5005,9.5954,40.2641,8.3191,42.9957,10.543,109.8061,tier3,3,1272,c:\Users\o_iseri\Desktop\idf_reader\0_BEM_Setup\SimResults_neighbourhoods\option_9_j3_20260602_v2\CAN_MTL\RS-I1\RS-I1_EEM_J_HVAC_ONLY_20260602_182304\RS-I1_EEM_J_HVAC_ONLY_20260602_182304.idf,c:\Users\o_iseri\Desktop\idf_reader\0_BEM_Setup\SimResults_neighbourhoods\option_9_j3_20260602_v2\CAN_MTL\RS-I1\RS-I1_EEM_J_HVAC_ONLY_20260602_182304\results
RS-I1,RS-I1,CAN_MTL,0,0,1,0,EEM_J_DHW_ONLY,145.544,57.8539,8.7859,13.3897,8.3191,42.9957,9.3964,109.8061,tier3,9,1865,c:\Users\o_iseri\Desktop\idf_reader\0_BEM_Setup\SimResults_neighbourhoods\option_9_j3_20260602_v2\CAN_MTL\RS-I1\RS-I1_EEM_J_DHW_ONLY_20260602_182304\RS-I1_EEM_J_DHW_ONLY_20260602_182304.idf,c:\Users\o_iseri\Desktop\idf_reader\0_BEM_Setup\SimResults_neighbourhoods\option_9_j3_20260602_v2\CAN_MTL\RS-I1\RS-I1_EEM_J_DHW_ONLY_20260602_182304\results
RS-I1,RS-I1,CAN_MTL,1,1,0,0,EEM_J_ENV_HVAC,124.6578,8.5062,10.4284,40.0112,8.2143,42.9957,9.7353,109.8016,tier3,4,1267,c:\Users\o_iseri\Desktop\idf_reader\0_BEM_Setup\SimResults_neighbourhoods\option_9_j3_20260602_v2\CAN_MTL\RS-I1\RS-I1_EEM_J_ENV_HVAC_20260602_182304\RS-I1_EEM_J_ENV_HVAC_20260602_182304.idf,c:\Users\o_iseri\Desktop\idf_reader\0_BEM_Setup\SimResults_neighbourhoods\option_9_j3_20260602_v2\CAN_MTL\RS-I1\RS-I1_EEM_J_ENV_HVAC_20260602_182304\results
RS-I1,RS-I1,CAN_MTL,1,0,1,0,EEM_J_ENV_DHW,124.3248,36.431,9.4567,13.2937,8.2143,42.9957,9.0857,109.8016,tier3,172,1879,c:\Users\o_iseri\Desktop\idf_reader\0_BEM_Setup\SimResults_neighbourhoods\option_9_j3_20260602_v2\CAN_MTL\RS-I1\RS-I1_EEM_J_ENV_DHW_20260602_182304\RS-I1_EEM_J_ENV_DHW_20260602_182304.idf,c:\Users\o_iseri\Desktop\idf_reader\0_BEM_Setup\SimResults_neighbourhoods\option_9_j3_20260602_v2\CAN_MTL\RS-I1\RS-I1_EEM_J_ENV_DHW_20260602_182304\results
RS-I1,RS-I1,CAN_MTL,0,1,1,0,EEM_J_HVAC_DHW,104.5175,15.0404,9.4443,13.3881,8.3191,42.9957,10.6149,109.8061,tier3,21,1992,c:\Users\o_iseri\Desktop\idf_reader\0_BEM_Setup\SimResults_neighbourhoods\option_9_j3_20260602_v2\CAN_MTL\RS-I1\RS-I1_EEM_J_HVAC_DHW_20260602_182304\RS-I1_EEM_J_HVAC_DHW_20260602_182304.idf,c:\Users\o_iseri\Desktop\idf_reader\0_BEM_Setup\SimResults_neighbourhoods\option_9_j3_20260602_v2\CAN_MTL\RS-I1\RS-I1_EEM_J_HVAC_DHW_20260602_182304\results
RS-I1,RS-I1,CAN_MTL,1,1,1,0,EEM_J_ENV_HVAC_DHW,100.3266,11.0163,10.2449,13.2969,8.2143,42.9957,9.7916,109.8016,tier3,318,1987,c:\Users\o_iseri\Desktop\idf_reader\0_BEM_Setup\SimResults_neighbourhoods\option_9_j3_20260602_v2\CAN_MTL\RS-I1\RS-I1_EEM_J_ENV_HVAC_DHW_20260602_182304\RS-I1_EEM_J_ENV_HVAC_DHW_20260602_182304.idf,c:\Users\o_iseri\Desktop\idf_reader\0_BEM_Setup\SimResults_neighbourhoods\option_9_j3_20260602_v2\CAN_MTL\RS-I1\RS-I1_EEM_J_ENV_HVAC_DHW_20260602_182304\results
RS-I1,RS-I1,CAN_MTL,1,0,0,1,EEM_J_ENVELOPE_EEM4,134.6046,37.5748,7.437,39.9922,3.5998,32.7712,7.9709,109.8016,tier3,2,1511,c:\Users\o_iseri\Desktop\idf_reader\0_BEM_Setup\SimResults_neighbourhoods\option_9_j3_20260602_v2\CAN_MTL\RS-I1\RS-I1_EEM_J_ENVELOPE_EEM4_20260602_182312\RS-I1_EEM_J_ENVELOPE_EEM4_20260602_182312.idf,c:\Users\o_iseri\Desktop\idf_reader\0_BEM_Setup\SimResults_neighbourhoods\option_9_j3_20260602_v2\CAN_MTL\RS-I1\RS-I1_EEM_J_ENVELOPE_EEM4_20260602_182312\results
RS-I1,RS-I1,CAN_MTL,1,1,0,1,EEM_J_ENV_HVAC_EEM4,107.6865,9.3243,7.958,40.0337,3.5998,32.7712,8.8241,109.8016,tier3,7,1595,c:\Users\o_iseri\Desktop\idf_reader\0_BEM_Setup\SimResults_neighbourhoods\option_9_j3_20260602_v2\CAN_MTL\RS-I1\RS-I1_EEM_J_ENV_HVAC_EEM4_20260602_182346\RS-I1_EEM_J_ENV_HVAC_EEM4_20260602_182346.idf,c:\Users\o_iseri\Desktop\idf_reader\0_BEM_Setup\SimResults_neighbourhoods\option_9_j3_20260602_v2\CAN_MTL\RS-I1\RS-I1_EEM_J_ENV_HVAC_EEM4_20260602_182346\results
RS-I1,RS-I1,CAN_MTL,1,0,1,1,EEM_J_ENV_DHW_EEM4,110.4081,40.1804,7.2989,13.2908,3.5998,32.7712,8.0083,109.8016,tier3,23,2238,c:\Users\o_iseri\Desktop\idf_reader\0_BEM_Setup\SimResults_neighbourhoods\option_9_j3_20260602_v2\CAN_MTL\RS-I1\RS-I1_EEM_J_ENV_DHW_EEM4_20260602_182347\RS-I1_EEM_J_ENV_DHW_EEM4_20260602_182347.idf,c:\Users\o_iseri\Desktop\idf_reader\0_BEM_Setup\SimResults_neighbourhoods\option_9_j3_20260602_v2\CAN_MTL\RS-I1\RS-I1_EEM_J_ENV_DHW_EEM4_20260602_182347\results
RS-I1,RS-I1,CAN_MTL,1,1,1,1,EEM_J_ENV_HVAC_DHW_EEM4,83.3544,11.8345,7.7771,13.3153,3.5998,32.7712,8.8806,109.8016,tier3,24,2327,c:\Users\o_iseri\Desktop\idf_reader\0_BEM_Setup\SimResults_neighbourhoods\option_9_j3_20260602_v2\CAN_MTL\RS-I1\RS-I1_EEM_J_ENV_HVAC_DHW_EEM4_20260602_182350\RS-I1_EEM_J_ENV_HVAC_DHW_EEM4_20260602_182350.idf,c:\Users\o_iseri\Desktop\idf_reader\0_BEM_Setup\SimResults_neighbourhoods\option_9_j3_20260602_v2\CAN_MTL\RS-I1\RS-I1_EEM_J_ENV_HVAC_DHW_EEM4_20260602_182350\results
RS-S,RS-S,CAN_MTL,0,0,0,0,EEM_J_DEFAULT,202.0158,60.9179,8.586,37.4307,7.8182,73.5807,9.1148,0.0,native,18,1207,c:\Users\o_iseri\Desktop\idf_reader\0_BEM_Setup\SimResults_neighbourhoods\option_9_j3_20260602_v2\CAN_MTL\RS-S\RS-S_EEM_J_DEFAULT_20260602_182355\RS-S_EEM_J_DEFAULT_20260602_182355.idf,c:\Users\o_iseri\Desktop\idf_reader\0_BEM_Setup\SimResults_neighbourhoods\option_9_j3_20260602_v2\CAN_MTL\RS-S\RS-S_EEM_J_DEFAULT_20260602_182355\results
RS-S,RS-S,CAN_MTL,1,0,0,0,EEM_J_ENVELOPE,182.0258,42.0804,8.9684,36.4642,7.8069,73.5807,8.555,97.1169,tier3,7,1209,c:\Users\o_iseri\Desktop\idf_reader\0_BEM_Setup\SimResults_neighbourhoods\option_9_j3_20260602_v2\CAN_MTL\RS-S\RS-S_EEM_J_ENVELOPE_20260602_182358\RS-S_EEM_J_ENVELOPE_20260602_182358.idf,c:\Users\o_iseri\Desktop\idf_reader\0_BEM_Setup\SimResults_neighbourhoods\option_9_j3_20260602_v2\CAN_MTL\RS-S\RS-S_EEM_J_ENVELOPE_20260602_182358\results
RS-S,RS-S,CAN_MTL,0,1,0,0,EEM_J_HVAC_ONLY,159.8435,18.123,7.8694,37.4816,7.8182,73.5807,10.5274,97.1686,tier3,2,1298,c:\Users\o_iseri\Desktop\idf_reader\0_BEM_Setup\SimResults_neighbourhoods\option_9_j3_20260602_v2\CAN_MTL\RS-S\RS-S_EEM_J_HVAC_ONLY_20260602_182359\RS-S_EEM_J_HVAC_ONLY_20260602_182359.idf,c:\Users\o_iseri\Desktop\idf_reader\0_BEM_Setup\SimResults_neighbourhoods\option_9_j3_20260602_v2\CAN_MTL\RS-S\RS-S_EEM_J_HVAC_ONLY_20260602_182359\results
RS-S,RS-S,CAN_MTL,0,0,1,0,EEM_J_DHW_ONLY,179.3993,65.4229,8.5979,10.1634,7.8182,73.5807,9.2484,97.1686,tier3,18,1452,c:\Users\o_iseri\Desktop\idf_reader\0_BEM_Setup\SimResults_neighbourhoods\option_9_j3_20260602_v2\CAN_MTL\RS-S\RS-S_EEM_J_DHW_ONLY_20260602_182402\RS-S_EEM_J_DHW_ONLY_20260602_182402.idf,c:\Users\o_iseri\Desktop\idf_reader\0_BEM_Setup\SimResults_neighbourhoods\option_9_j3_20260602_v2\CAN_MTL\RS-S\RS-S_EEM_J_DHW_ONLY_20260602_182402\results
RS-S,RS-S,CAN_MTL,1,1,0,0,EEM_J_ENV_HVAC,152.4987,12.2399,8.1902,36.5136,7.8069,73.5807,9.7171,97.1169,tier3,7,1285,c:\Users\o_iseri\Desktop\idf_reader\0_BEM_Setup\SimResults_neighbourhoods\option_9_j3_20260602_v2\CAN_MTL\RS-S\RS-S_EEM_J_ENV_HVAC_20260602_182405\RS-S_EEM_J_ENV_HVAC_20260602_182405.idf,c:\Users\o_iseri\Desktop\idf_reader\0_BEM_Setup\SimResults_neighbourhoods\option_9_j3_20260602_v2\CAN_MTL\RS-S\RS-S_EEM_J_ENV_HVAC_20260602_182405\results
RS-S,RS-S,CAN_MTL,1,0,1,0,EEM_J_ENV_DHW,159.9833,46.6009,8.977,9.7653,7.8069,73.5807,8.6818,97.1169,tier3,6,1471,c:\Users\o_iseri\Desktop\idf_reader\0_BEM_Setup\SimResults_neighbourhoods\option_9_j3_20260602_v2\CAN_MTL\RS-S\RS-S_EEM_J_ENV_DHW_20260602_182457\RS-S_EEM_J_ENV_DHW_20260602_182457.idf,c:\Users\o_iseri\Desktop\idf_reader\0_BEM_Setup\SimResults_neighbourhoods\option_9_j3_20260602_v2\CAN_MTL\RS-S\RS-S_EEM_J_ENV_DHW_20260602_182457\results
RS-S,RS-S,CAN_MTL,0,1,1,0,EEM_J_HVAC_DHW,137.2226,22.6652,7.8906,10.1634,7.8182,73.5807,10.6604,97.1686,tier3,2,1557,c:\Users\o_iseri\Desktop\idf_reader\0_BEM_Setup\SimResults_neighbourhoods\option_9_j3_20260602_v2\CAN_MTL\RS-S\RS-S_EEM_J_HVAC_DHW_20260602_182514\RS-S_EEM_J_HVAC_DHW_20260602_182514.idf,c:\Users\o_iseri\Desktop\idf_reader\0_BEM_Setup\SimResults_neighbourhoods\option_9_j3_20260602_v2\CAN_MTL\RS-S\RS-S_EEM_J_HVAC_DHW_20260602_182514\results
RS-S,RS-S,CAN_MTL,1,1,1,0,EEM_J_ENV_HVAC_DHW,130.4753,16.7732,8.2009,9.8147,7.8069,73.5807,9.848,97.1169,tier3,6,1547,c:\Users\o_iseri\Desktop\idf_reader\0_BEM_Setup\SimResults_neighbourhoods\option_9_j3_20260602_v2\CAN_MTL\RS-S\RS-S_EEM_J_ENV_HVAC_DHW_20260602_182515\RS-S_EEM_J_ENV_HVAC_DHW_20260602_182515.idf,c:\Users\o_iseri\Desktop\idf_reader\0_BEM_Setup\SimResults_neighbourhoods\option_9_j3_20260602_v2\CAN_MTL\RS-S\RS-S_EEM_J_ENV_HVAC_DHW_20260602_182515\results
RS-S,RS-S,CAN_MTL,0,0,0,1,EEM_J_EEM4_ONLY,184.3757,67.4518,6.9249,37.4435,3.9703,55.1824,8.8377,97.1686,tier3,2,1197,c:\Users\o_iseri\Desktop\idf_reader\0_BEM_Setup\SimResults_neighbourhoods\option_9_j3_20260602_v2\CAN_MTL\RS-S\RS-S_EEM_J_EEM4_ONLY_20260602_182528\RS-S_EEM_J_EEM4_ONLY_20260602_182528.idf,c:\Users\o_iseri\Desktop\idf_reader\0_BEM_Setup\SimResults_neighbourhoods\option_9_j3_20260602_v2\CAN_MTL\RS-S\RS-S_EEM_J_EEM4_ONLY_20260602_182528\results
RS-S,RS-S,CAN_MTL,1,0,0,1,EEM_J_ENVELOPE_EEM4,162.7163,47.3263,7.0073,36.5112,3.9643,55.1824,8.1569,97.1169,tier3,5,1235,c:\Users\o_iseri\Desktop\idf_reader\0_BEM_Setup\SimResults_neighbourhoods\option_9_j3_20260602_v2\CAN_MTL\RS-S\RS-S_EEM_J_ENVELOPE_EEM4_20260602_182544\RS-S_EEM_J_ENVELOPE_EEM4_20260602_182544.idf,c:\Users\o_iseri\Desktop\idf_reader\0_BEM_Setup\SimResults_neighbourhoods\option_9_j3_20260602_v2\CAN_MTL\RS-S\RS-S_EEM_J_ENVELOPE_EEM4_20260602_182544\results
RS-S,RS-S,CAN_MTL,0,1,0,1,EEM_J_HVAC_ONLY_EEM4,138.0427,20.1945,6.3193,37.4959,3.9703,55.1824,10.442,97.1686,tier3,2,1303,c:\Users\o_iseri\Desktop\idf_reader\0_BEM_Setup\SimResults_neighbourhoods\option_9_j3_20260602_v2\CAN_MTL\RS-S\RS-S_EEM_J_HVAC_ONLY_EEM4_20260602_182546\RS-S_EEM_J_HVAC_ONLY_EEM4_20260602_182546.idf,c:\Users\o_iseri\Desktop\idf_reader\0_BEM_Setup\SimResults_neighbourhoods\option_9_j3_20260602_v2\CAN_MTL\RS-S\RS-S_EEM_J_HVAC_ONLY_EEM4_20260602_182546\results
RS-S,RS-S,CAN_MTL,0,0,1,1,EEM_J_DHW_ONLY_EEM4,161.6896,71.9098,6.9451,10.1447,3.9703,55.1824,8.9719,97.1686,tier3,3,1459,c:\Users\o_iseri\Desktop\idf_reader\0_BEM_Setup\SimResults_neighbourhoods\option_9_j3_20260602_v2\CAN_MTL\RS-S\RS-S_EEM_J_DHW_ONLY_EEM4_20260602_182547\RS-S_EEM_J_DHW_ONLY_EEM4_20260602_182547.idf,c:\Users\o_iseri\Desktop\idf_reader\0_BEM_Setup\SimResults_neighbourhoods\option_9_j3_20260602_v2\CAN_MTL\RS-S\RS-S_EEM_J_DHW_ONLY_EEM4_20260602_182547\results
RS-S,RS-S,CAN_MTL,1,1,0,1,EEM_J_ENV_HVAC_EEM4,129.9025,13.9861,6.3417,36.5618,3.9643,55.1824,9.4213,97.1169,tier3,5,1292,c:\Users\o_iseri\Desktop\idf_reader\0_BEM_Setup\SimResults_neighbourhoods\option_9_j3_20260602_v2\CAN_MTL\RS-S\RS-S_EEM_J_ENV_HVAC_EEM4_20260602_182552\RS-S_EEM_J_ENV_HVAC_EEM4_20260602_182552.idf,c:\Users\o_iseri\Desktop\idf_reader\0_BEM_Setup\SimResults_neighbourhoods\option_9_j3_20260602_v2\CAN_MTL\RS-S\RS-S_EEM_J_ENV_HVAC_EEM4_20260602_182552\results
RS-S,RS-S,CAN_MTL,1,0,1,1,EEM_J_ENV_DHW_EEM4,140.6709,51.8468,7.0136,9.8108,3.9643,55.1824,8.2845,97.1169,tier3,6,1504,c:\Users\o_iseri\Desktop\idf_reader\0_BEM_Setup\SimResults_neighbourhoods\option_9_j3_20260602_v2\CAN_MTL\RS-S\RS-S_EEM_J_ENV_DHW_EEM4_20260602_182638\RS-S_EEM_J_ENV_DHW_EEM4_20260602_182638.idf,c:\Users\o_iseri\Desktop\idf_reader\0_BEM_Setup\SimResults_neighbourhoods\option_9_j3_20260602_v2\CAN_MTL\RS-S\RS-S_EEM_J_ENV_DHW_EEM4_20260602_182638\results
RS-S,RS-S,CAN_MTL,0,1,1,1,EEM_J_HVAC_DHW_EEM4,115.3989,24.7313,6.3387,10.1631,3.9703,55.1824,10.5741,97.1686,tier3,3,1570,c:\Users\o_iseri\Desktop\idf_reader\0_BEM_Setup\SimResults_neighbourhoods\option_9_j3_20260602_v2\CAN_MTL\RS-S\RS-S_EEM_J_HVAC_DHW_EEM4_20260602_182642\RS-S_EEM_J_HVAC_DHW_EEM4_20260602_182642.idf,c:\Users\o_iseri\Desktop\idf_reader\0_BEM_Setup\SimResults_neighbourhoods\option_9_j3_20260602_v2\CAN_MTL\RS-S\RS-S_EEM_J_HVAC_DHW_EEM4_20260602_182642\results
RS-S,RS-S,CAN_MTL,1,1,1,1,EEM_J_ENV_HVAC_DHW_EEM4,107.8657,18.5185,6.3524,9.8489,3.9643,55.1824,9.5537,97.1169,tier3,38,1558,c:\Users\o_iseri\Desktop\idf_reader\0_BEM_Setup\SimResults_neighbourhoods\option_9_j3_20260602_v2\CAN_MTL\RS-S\RS-S_EEM_J_ENV_HVAC_DHW_EEM4_20260602_182705\RS-S_EEM_J_ENV_HVAC_DHW_EEM4_20260602_182705.idf,c:\Users\o_iseri\Desktop\idf_reader\0_BEM_Setup\SimResults_neighbourhoods\option_9_j3_20260602_v2\CAN_MTL\RS-S\RS-S_EEM_J_ENV_HVAC_DHW_EEM4_20260602_182705\results
RS-I2,RS-I2,CAN_MTL,0,0,0,0,EEM_J_DEFAULT,145.293,54.9602,8.332,31.1556,9.3743,29.5438,8.601,6.1784,native,5,7152,c:\Users\o_iseri\Desktop\idf_reader\0_BEM_Setup\SimResults_neighbourhoods\option_9_j3_20260602_v2\CAN_MTL\RS-I2\RS-I2_EEM_J_DEFAULT_20260602_182706\RS-I2_EEM_J_DEFAULT_20260602_182706.idf,c:\Users\o_iseri\Desktop\idf_reader\0_BEM_Setup\SimResults_neighbourhoods\option_9_j3_20260602_v2\CAN_MTL\RS-I2\RS-I2_EEM_J_DEFAULT_20260602_182706\results
RS-I2,RS-I2,CAN_MTL,1,0,0,0,EEM_J_ENVELOPE,128.8569,40.6534,7.4502,31.1352,9.327,29.5438,7.4196,84.3939,tier3,5,7156,c:\Users\o_iseri\Desktop\idf_reader\0_BEM_Setup\SimResults_neighbourhoods\option_9_j3_20260602_v2\CAN_MTL\RS-I2\RS-I2_EEM_J_ENVELOPE_20260602_182721\RS-I2_EEM_J_ENVELOPE_20260602_182721.idf,c:\Users\o_iseri\Desktop\idf_reader\0_BEM_Setup\SimResults_neighbourhoods\option_9_j3_20260602_v2\CAN_MTL\RS-I2\RS-I2_EEM_J_ENVELOPE_20260602_182721\results
RS-I2,RS-I2,CAN_MTL,0,1,0,0,EEM_J_HVAC_ONLY,107.2066,16.0555,8.313,31.1911,9.4657,29.5438,9.3527,84.3939,tier3,5,7562,c:\Users\o_iseri\Desktop\idf_reader\0_BEM_Setup\SimResults_neighbourhoods\option_9_j3_20260602_v2\CAN_MTL\RS-I2\RS-I2_EEM_J_HVAC_ONLY_20260602_182726\RS-I2_EEM_J_HVAC_ONLY_20260602_182726.idf,c:\Users\o_iseri\Desktop\idf_reader\0_BEM_Setup\SimResults_neighbourhoods\option_9_j3_20260602_v2\CAN_MTL\RS-I2\RS-I2_EEM_J_HVAC_ONLY_20260602_182726\results
RS-I2,RS-I2,CAN_MTL,0,0,1,0,EEM_J_DHW_ONLY,127.8604,58.5229,7.9044,10.8057,9.4657,29.5438,8.2923,84.3939,tier3,3,8945,c:\Users\o_iseri\Desktop\idf_reader\0_BEM_Setup\SimResults_neighbourhoods\option_9_j3_20260602_v2\CAN_MTL\RS-I2\RS-I2_EEM_J_DHW_ONLY_20260602_182729\RS-I2_EEM_J_DHW_ONLY_20260602_182729.idf,c:\Users\o_iseri\Desktop\idf_reader\0_BEM_Setup\SimResults_neighbourhoods\option_9_j3_20260602_v2\CAN_MTL\RS-I2\RS-I2_EEM_J_DHW_ONLY_20260602_182729\results
RS-I2,RS-I2,CAN_MTL,1,1,0,0,EEM_J_ENV_HVAC,100.8702,11.5284,7.9862,31.1676,9.327,29.5438,8.0294,84.3939,tier3,6,7566,c:\Users\o_iseri\Desktop\idf_reader\0_BEM_Setup\SimResults_neighbourhoods\option_9_j3_20260602_v2\CAN_MTL\RS-I2\RS-I2_EEM_J_ENV_HVAC_20260602_182741\RS-I2_EEM_J_ENV_HVAC_20260602_182741.idf,c:\Users\o_iseri\Desktop\idf_reader\0_BEM_Setup\SimResults_neighbourhoods\option_9_j3_20260602_v2\CAN_MTL\RS-I2\RS-I2_EEM_J_ENV_HVAC_20260602_182741\results
RS-I2,RS-I2,CAN_MTL,1,0,1,0,EEM_J_ENV_DHW,110.219,42.4976,7.3338,10.7614,9.327,29.5438,7.4278,84.3939,tier3,14,8938,c:\Users\o_iseri\Desktop\idf_reader\0_BEM_Setup\SimResults_neighbourhoods\option_9_j3_20260602_v2\CAN_MTL\RS-I2\RS-I2_EEM_J_ENV_DHW_20260602_182756\RS-I2_EEM_J_ENV_DHW_20260602_182756.idf,c:\Users\o_iseri\Desktop\idf_reader\0_BEM_Setup\SimResults_neighbourhoods\option_9_j3_20260602_v2\CAN_MTL\RS-I2\RS-I2_EEM_J_ENV_DHW_20260602_182756\results
RS-I2,RS-I2,CAN_MTL,0,1,1,0,EEM_J_HVAC_DHW,88.4682,17.7573,8.2125,10.7967,9.4657,29.5438,9.4073,84.3939,tier3,11,9356,c:\Users\o_iseri\Desktop\idf_reader\0_BEM_Setup\SimResults_neighbourhoods\option_9_j3_20260602_v2\CAN_MTL\RS-I2\RS-I2_EEM_J_HVAC_DHW_20260602_182828\RS-I2_EEM_J_HVAC_DHW_20260602_182828.idf,c:\Users\o_iseri\Desktop\idf_reader\0_BEM_Setup\SimResults_neighbourhoods\option_9_j3_20260602_v2\CAN_MTL\RS-I2\RS-I2_EEM_J_HVAC_DHW_20260602_182828\results
RS-I2,RS-I2,CAN_MTL,1,1,1,0,EEM_J_ENV_HVAC_DHW,82.0926,13.2603,7.8461,10.7777,9.327,29.5438,8.0499,84.3939,tier3,14,9346,c:\Users\o_iseri\Desktop\idf_reader\0_BEM_Setup\SimResults_neighbourhoods\option_9_j3_20260602_v2\CAN_MTL\RS-I2\RS-I2_EEM_J_ENV_HVAC_DHW_20260602_182831\RS-I2_EEM_J_ENV_HVAC_DHW_20260602_182831.idf,c:\Users\o_iseri\Desktop\idf_reader\0_BEM_Setup\SimResults_neighbourhoods\option_9_j3_20260602_v2\CAN_MTL\RS-I2\RS-I2_EEM_J_ENV_HVAC_DHW_20260602_182831\results
RS-I2,RS-I2,CAN_MTL,1,0,0,1,EEM_J_ENVELOPE_EEM4,112.874,41.923,5.7859,31.1506,4.004,20.4088,6.2776,84.3939,tier3,13,8246,c:\Users\o_iseri\Desktop\idf_reader\0_BEM_Setup\SimResults_neighbourhoods\option_9_j3_20260602_v2\CAN_MTL\RS-I2\RS-I2_EEM_J_ENVELOPE_EEM4_20260602_182838\RS-I2_EEM_J_ENVELOPE_EEM4_20260602_182838.idf,c:\Users\o_iseri\Desktop\idf_reader\0_BEM_Setup\SimResults_neighbourhoods\option_9_j3_20260602_v2\CAN_MTL\RS-I2\RS-I2_EEM_J_ENVELOPE_EEM4_20260602_182838\results
RS-I2,RS-I2,CAN_MTL,1,1,0,1,EEM_J_ENV_HVAC_EEM4,83.5559,11.5256,6.1385,31.1955,4.004,20.4088,7.0015,84.3939,tier3,15,8666,c:\Users\o_iseri\Desktop\idf_reader\0_BEM_Setup\SimResults_neighbourhoods\option_9_j3_20260602_v2\CAN_MTL\RS-I2\RS-I2_EEM_J_ENV_HVAC_EEM4_20260602_182839\RS-I2_EEM_J_ENV_HVAC_EEM4_20260602_182839.idf,c:\Users\o_iseri\Desktop\idf_reader\0_BEM_Setup\SimResults_neighbourhoods\option_9_j3_20260602_v2\CAN_MTL\RS-I2\RS-I2_EEM_J_ENV_HVAC_EEM4_20260602_182839\results
RS-I2,RS-I2,CAN_MTL,1,0,1,1,EEM_J_ENV_DHW_EEM4,94.3435,43.8529,5.6921,10.7588,4.004,20.4088,6.3026,84.3939,tier3,8,10047,c:\Users\o_iseri\Desktop\idf_reader\0_BEM_Setup\SimResults_neighbourhoods\option_9_j3_20260602_v2\CAN_MTL\RS-I2\RS-I2_EEM_J_ENV_DHW_EEM4_20260602_182843\RS-I2_EEM_J_ENV_DHW_EEM4_20260602_182843.idf,c:\Users\o_iseri\Desktop\idf_reader\0_BEM_Setup\SimResults_neighbourhoods\option_9_j3_20260602_v2\CAN_MTL\RS-I2\RS-I2_EEM_J_ENV_DHW_EEM4_20260602_182843\results
RS-I2,RS-I2,CAN_MTL,1,1,1,1,EEM_J_ENV_HVAC_DHW_EEM4,64.8405,13.3065,6.0138,10.7855,4.004,20.4088,7.0399,84.3939,tier3,27,10459,c:\Users\o_iseri\Desktop\idf_reader\0_BEM_Setup\SimResults_neighbourhoods\option_9_j3_20260602_v2\CAN_MTL\RS-I2\RS-I2_EEM_J_ENV_HVAC_DHW_EEM4_20260602_182903\RS-I2_EEM_J_ENV_HVAC_DHW_EEM4_20260602_182903.idf,c:\Users\o_iseri\Desktop\idf_reader\0_BEM_Setup\SimResults_neighbourhoods\option_9_j3_20260602_v2\CAN_MTL\RS-I2\RS-I2_EEM_J_ENV_HVAC_DHW_EEM4_20260602_182903\results
RS-I3,RS-I3,CAN_MTL,0,0,0,0,EEM_J_DEFAULT,179.2206,61.5468,8.859,24.3409,10.2454,57.6382,11.5663,6.0778,native,8,763,c:\Users\o_iseri\Desktop\idf_reader\0_BEM_Setup\SimResults_neighbourhoods\option_9_j3_20260602_v2\CAN_MTL\RS-I3\RS-I3_EEM_J_DEFAULT_20260602_182914\RS-I3_EEM_J_DEFAULT_20260602_182914.idf,c:\Users\o_iseri\Desktop\idf_reader\0_BEM_Setup\SimResults_neighbourhoods\option_9_j3_20260602_v2\CAN_MTL\RS-I3\RS-I3_EEM_J_DEFAULT_20260602_182914\results
RS-I3,RS-I3,CAN_MTL,1,0,0,0,EEM_J_ENVELOPE,144.7363,31.9324,8.0943,23.6096,10.1966,57.6382,8.0073,137.0128,tier3,11,781,c:\Users\o_iseri\Desktop\idf_reader\0_BEM_Setup\SimResults_neighbourhoods\option_9_j3_20260602_v2\CAN_MTL\RS-I3\RS-I3_EEM_J_ENVELOPE_20260602_182920\RS-I3_EEM_J_ENVELOPE_20260602_182920.idf,c:\Users\o_iseri\Desktop\idf_reader\0_BEM_Setup\SimResults_neighbourhoods\option_9_j3_20260602_v2\CAN_MTL\RS-I3\RS-I3_EEM_J_ENVELOPE_20260602_182920\results
RS-I3,RS-I3,CAN_MTL,0,1,0,0,EEM_J_HVAC_ONLY,133.3696,13.9294,8.13,24.3708,10.3545,57.6382,13.9839,137.0359,tier3,5,833,c:\Users\o_iseri\Desktop\idf_reader\0_BEM_Setup\SimResults_neighbourhoods\option_9_j3_20260602_v2\CAN_MTL\RS-I3\RS-I3_EEM_J_HVAC_ONLY_20260602_182922\RS-I3_EEM_J_HVAC_ONLY_20260602_182922.idf,c:\Users\o_iseri\Desktop\idf_reader\0_BEM_Setup\SimResults_neighbourhoods\option_9_j3_20260602_v2\CAN_MTL\RS-I3\RS-I3_EEM_J_HVAC_ONLY_20260602_182922\results
RS-I3,RS-I3,CAN_MTL,0,0,1,0,EEM_J_DHW_ONLY,165.1042,64.5636,8.641,7.2798,10.3545,57.6382,11.5841,137.0359,tier3,15,866,c:\Users\o_iseri\Desktop\idf_reader\0_BEM_Setup\SimResults_neighbourhoods\option_9_j3_20260602_v2\CAN_MTL\RS-I3\RS-I3_EEM_J_DHW_ONLY_20260602_182937\RS-I3_EEM_J_DHW_ONLY_20260602_182937.idf,c:\Users\o_iseri\Desktop\idf_reader\0_BEM_Setup\SimResults_neighbourhoods\option_9_j3_20260602_v2\CAN_MTL\RS-I3\RS-I3_EEM_J_DHW_ONLY_20260602_182937\results
RS-I3,RS-I3,CAN_MTL,1,1,0,0,EEM_J_ENV_HVAC,121.2153,7.7145,7.5637,23.6358,10.1966,57.6382,9.2831,137.0128,tier3,10,834,c:\Users\o_iseri\Desktop\idf_reader\0_BEM_Setup\SimResults_neighbourhoods\option_9_j3_20260602_v2\CAN_MTL\RS-I3\RS-I3_EEM_J_ENV_HVAC_20260602_182958\RS-I3_EEM_J_ENV_HVAC_20260602_182958.idf,c:\Users\o_iseri\Desktop\idf_reader\0_BEM_Setup\SimResults_neighbourhoods\option_9_j3_20260602_v2\CAN_MTL\RS-I3\RS-I3_EEM_J_ENV_HVAC_20260602_182958\results
RS-I3,RS-I3,CAN_MTL,1,0,1,0,EEM_J_ENV_DHW,129.718,33.5164,8.1066,6.9404,10.1966,57.6382,8.0617,137.0128,tier3,8,891,c:\Users\o_iseri\Desktop\idf_reader\0_BEM_Setup\SimResults_neighbourhoods\option_9_j3_20260602_v2\CAN_MTL\RS-I3\RS-I3_EEM_J_ENV_DHW_20260602_183003\RS-I3_EEM_J_ENV_DHW_20260602_183003.idf,c:\Users\o_iseri\Desktop\idf_reader\0_BEM_Setup\SimResults_neighbourhoods\option_9_j3_20260602_v2\CAN_MTL\RS-I3\RS-I3_EEM_J_ENV_DHW_20260602_183003\results
RS-I3,RS-I3,CAN_MTL,0,1,1,0,EEM_J_HVAC_DHW,118.1069,15.6443,8.1752,7.2716,10.3545,57.6382,14.0611,137.0359,tier3,5,949,c:\Users\o_iseri\Desktop\idf_reader\0_BEM_Setup\SimResults_neighbourhoods\option_9_j3_20260602_v2\CAN_MTL\RS-I3\RS-I3_EEM_J_HVAC_DHW_20260602_183003\RS-I3_EEM_J_HVAC_DHW_20260602_183003.idf,c:\Users\o_iseri\Desktop\idf_reader\0_BEM_Setup\SimResults_neighbourhoods\option_9_j3_20260602_v2\CAN_MTL\RS-I3\RS-I3_EEM_J_HVAC_DHW_20260602_183003\results
RS-I3,RS-I3,CAN_MTL,1,1,1,0,EEM_J_ENV_HVAC_DHW,106.3477,9.4716,7.5779,6.9481,10.1966,57.6382,9.3326,137.0128,tier3,6,942,c:\Users\o_iseri\Desktop\idf_reader\0_BEM_Setup\SimResults_neighbourhoods\option_9_j3_20260602_v2\CAN_MTL\RS-I3\RS-I3_EEM_J_ENV_HVAC_DHW_20260602_183014\RS-I3_EEM_J_ENV_HVAC_DHW_20260602_183014.idf,c:\Users\o_iseri\Desktop\idf_reader\0_BEM_Setup\SimResults_neighbourhoods\option_9_j3_20260602_v2\CAN_MTL\RS-I3\RS-I3_EEM_J_ENV_HVAC_DHW_20260602_183014\results
RS-I3,RS-I3,CAN_MTL,0,0,0,1,EEM_J_EEM4_ONLY,166.204,73.1477,7.1111,24.3608,4.7857,41.6862,10.0258,137.0359,tier3,25,751,c:\Users\o_iseri\Desktop\idf_reader\0_BEM_Setup\SimResults_neighbourhoods\option_9_j3_20260602_v2\CAN_MTL\RS-I3\RS-I3_EEM_J_EEM4_ONLY_20260602_183046\RS-I3_EEM_J_EEM4_ONLY_20260602_183046.idf,c:\Users\o_iseri\Desktop\idf_reader\0_BEM_Setup\SimResults_neighbourhoods\option_9_j3_20260602_v2\CAN_MTL\RS-I3\RS-I3_EEM_J_EEM4_ONLY_20260602_183046\results
RS-I3,RS-I3,CAN_MTL,1,0,0,1,EEM_J_ENVELOPE_EEM4,128.5218,38.8197,6.3427,23.6511,4.6999,41.6862,7.9322,137.0128,tier3,19,800,c:\Users\o_iseri\Desktop\idf_reader\0_BEM_Setup\SimResults_neighbourhoods\option_9_j3_20260602_v2\CAN_MTL\RS-I3\RS-I3_EEM_J_ENVELOPE_EEM4_20260602_183047\RS-I3_EEM_J_ENVELOPE_EEM4_20260602_183047.idf,c:\Users\o_iseri\Desktop\idf_reader\0_BEM_Setup\SimResults_neighbourhoods\option_9_j3_20260602_v2\CAN_MTL\RS-I3\RS-I3_EEM_J_ENVELOPE_EEM4_20260602_183047\results
RS-I3,RS-I3,CAN_MTL,0,1,0,1,EEM_J_HVAC_ONLY_EEM4,111.3617,15.8942,6.7486,24.3874,4.7857,41.6862,12.8609,137.0359,tier3,18,835,c:\Users\o_iseri\Desktop\idf_reader\0_BEM_Setup\SimResults_neighbourhoods\option_9_j3_20260602_v2\CAN_MTL\RS-I3\RS-I3_EEM_J_HVAC_ONLY_EEM4_20260602_183048\RS-I3_EEM_J_HVAC_ONLY_EEM4_20260602_183048.idf,c:\Users\o_iseri\Desktop\idf_reader\0_BEM_Setup\SimResults_neighbourhoods\option_9_j3_20260602_v2\CAN_MTL\RS-I3\RS-I3_EEM_J_HVAC_ONLY_EEM4_20260602_183048\results
RS-I3,RS-I3,CAN_MTL,0,0,1,1,EEM_J_DHW_ONLY_EEM4,151.0788,74.9988,7.1614,7.2616,4.7857,41.6862,10.1048,137.0359,tier3,8,853,c:\Users\o_iseri\Desktop\idf_reader\0_BEM_Setup\SimResults_neighbourhoods\option_9_j3_20260602_v2\CAN_MTL\RS-I3\RS-I3_EEM_J_DHW_ONLY_EEM4_20260602_183106\RS-I3_EEM_J_DHW_ONLY_EEM4_20260602_183106.idf,c:\Users\o_iseri\Desktop\idf_reader\0_BEM_Setup\SimResults_neighbourhoods\option_9_j3_20260602_v2\CAN_MTL\RS-I3\RS-I3_EEM_J_DHW_ONLY_EEM4_20260602_183106\results
RS-I3,RS-I3,CAN_MTL,1,1,0,1,EEM_J_ENV_HVAC_EEM4,99.959,9.4004,5.9096,23.6787,4.6999,41.6862,9.2732,137.0128,tier3,20,831,c:\Users\o_iseri\Desktop\idf_reader\0_BEM_Setup\SimResults_neighbourhoods\option_9_j3_20260602_v2\CAN_MTL\RS-I3\RS-I3_EEM_J_ENV_HVAC_EEM4_20260602_183113\RS-I3_EEM_J_ENV_HVAC_EEM4_20260602_183113.idf,c:\Users\o_iseri\Desktop\idf_reader\0_BEM_Setup\SimResults_neighbourhoods\option_9_j3_20260602_v2\CAN_MTL\RS-I3\RS-I3_EEM_J_ENV_HVAC_EEM4_20260602_183113\results
RS-I3,RS-I3,CAN_MTL,1,0,1,1,EEM_J_ENV_DHW_EEM4,113.7937,40.6497,6.3635,6.9986,4.6999,41.6862,8.0062,137.0128,tier3,5,914,c:\Users\o_iseri\Desktop\idf_reader\0_BEM_Setup\SimResults_neighbourhoods\option_9_j3_20260602_v2\CAN_MTL\RS-I3\RS-I3_EEM_J_ENV_DHW_EEM4_20260602_183113\RS-I3_EEM_J_ENV_DHW_EEM4_20260602_183113.idf,c:\Users\o_iseri\Desktop\idf_reader\0_BEM_Setup\SimResults_neighbourhoods\option_9_j3_20260602_v2\CAN_MTL\RS-I3\RS-I3_EEM_J_ENV_DHW_EEM4_20260602_183113\results
RS-I3,RS-I3,CAN_MTL,0,1,1,1,EEM_J_HVAC_DHW_EEM4,96.1603,17.6857,6.7978,7.2741,4.7857,41.6862,12.9382,137.0359,tier3,4,935,c:\Users\o_iseri\Desktop\idf_reader\0_BEM_Setup\SimResults_neighbourhoods\option_9_j3_20260602_v2\CAN_MTL\RS-I3\RS-I3_EEM_J_HVAC_DHW_EEM4_20260602_183122\RS-I3_EEM_J_HVAC_DHW_EEM4_20260602_183122.idf,c:\Users\o_iseri\Desktop\idf_reader\0_BEM_Setup\SimResults_neighbourhoods\option_9_j3_20260602_v2\CAN_MTL\RS-I3\RS-I3_EEM_J_HVAC_DHW_EEM4_20260602_183122\results
RS-I3,RS-I3,CAN_MTL,1,1,1,1,EEM_J_ENV_HVAC_DHW_EEM4,85.1604,11.2019,5.9341,6.9708,4.6999,41.6862,9.3571,137.0128,tier3,7,944,c:\Users\o_iseri\Desktop\idf_reader\0_BEM_Setup\SimResults_neighbourhoods\option_9_j3_20260602_v2\CAN_MTL\RS-I3\RS-I3_EEM_J_ENV_HVAC_DHW_EEM4_20260602_183141\RS-I3_EEM_J_ENV_HVAC_DHW_EEM4_20260602_183141.idf,c:\Users\o_iseri\Desktop\idf_reader\0_BEM_Setup\SimResults_neighbourhoods\option_9_j3_20260602_v2\CAN_MTL\RS-I3\RS-I3_EEM_J_ENV_HVAC_DHW_EEM4_20260602_183141\results
RS-I4,RS-I4,CAN_MTL,0,0,0,0,EEM_J_DEFAULT,137.1685,48.3089,9.057,32.4393,8.984,25.5402,9.7704,6.1313,native,2,6320,c:\Users\o_iseri\Desktop\idf_reader\0_BEM_Setup\SimResults_neighbourhoods\option_9_j3_20260602_v2\CAN_MTL\RS-I4\RS-I4_EEM_J_DEFAULT_20260602_183145\RS-I4_EEM_J_DEFAULT_20260602_183145.idf,c:\Users\o_iseri\Desktop\idf_reader\0_BEM_Setup\SimResults_neighbourhoods\option_9_j3_20260602_v2\CAN_MTL\RS-I4\RS-I4_EEM_J_DEFAULT_20260602_183145\results
RS-I4,RS-I4,CAN_MTL,1,0,0,0,EEM_J_ENVELOPE,120.3299,34.2129,8.1503,32.4133,8.9359,25.5402,8.0063,91.2526,tier3,10,6323,c:\Users\o_iseri\Desktop\idf_reader\0_BEM_Setup\SimResults_neighbourhoods\option_9_j3_20260602_v2\CAN_MTL\RS-I4\RS-I4_EEM_J_ENVELOPE_20260602_183154\RS-I4_EEM_J_ENVELOPE_20260602_183154.idf,c:\Users\o_iseri\Desktop\idf_reader\0_BEM_Setup\SimResults_neighbourhoods\option_9_j3_20260602_v2\CAN_MTL\RS-I4\RS-I4_EEM_J_ENVELOPE_20260602_183154\results
RS-I4,RS-I4,CAN_MTL,0,1,0,0,EEM_J_HVAC_ONLY,101.9015,11.8689,9.3252,32.4646,9.0945,25.5402,10.5643,91.2526,tier3,2,6735,c:\Users\o_iseri\Desktop\idf_reader\0_BEM_Setup\SimResults_neighbourhoods\option_9_j3_20260602_v2\CAN_MTL\RS-I4\RS-I4_EEM_J_HVAC_ONLY_20260602_183155\RS-I4_EEM_J_HVAC_ONLY_20260602_183155.idf,c:\Users\o_iseri\Desktop\idf_reader\0_BEM_Setup\SimResults_neighbourhoods\option_9_j3_20260602_v2\CAN_MTL\RS-I4\RS-I4_EEM_J_HVAC_ONLY_20260602_183155\results
RS-I4,RS-I4,CAN_MTL,0,0,1,0,EEM_J_DHW_ONLY,119.2898,51.3478,8.593,12.2801,9.0945,25.5402,9.3659,91.2526,tier3,2,8055,c:\Users\o_iseri\Desktop\idf_reader\0_BEM_Setup\SimResults_neighbourhoods\option_9_j3_20260602_v2\CAN_MTL\RS-I4\RS-I4_EEM_J_DHW_ONLY_20260602_183157\RS-I4_EEM_J_DHW_ONLY_20260602_183157.idf,c:\Users\o_iseri\Desktop\idf_reader\0_BEM_Setup\SimResults_neighbourhoods\option_9_j3_20260602_v2\CAN_MTL\RS-I4\RS-I4_EEM_J_DHW_ONLY_20260602_183157\results
RS-I4,RS-I4,CAN_MTL,1,1,0,0,EEM_J_ENV_HVAC,95.7226,8.2518,8.9747,32.4359,8.9359,25.5402,8.5388,91.2526,tier3,11,6729,c:\Users\o_iseri\Desktop\idf_reader\0_BEM_Setup\SimResults_neighbourhoods\option_9_j3_20260602_v2\CAN_MTL\RS-I4\RS-I4_EEM_J_ENV_HVAC_20260602_183208\RS-I4_EEM_J_ENV_HVAC_20260602_183208.idf,c:\Users\o_iseri\Desktop\idf_reader\0_BEM_Setup\SimResults_neighbourhoods\option_9_j3_20260602_v2\CAN_MTL\RS-I4\RS-I4_EEM_J_ENV_HVAC_20260602_183208\results
RS-I4,RS-I4,CAN_MTL,1,0,1,0,EEM_J_ENV_DHW,101.1735,35.3669,7.9913,12.2494,8.9359,25.5402,8.0188,91.2526,tier3,19,8027,c:\Users\o_iseri\Desktop\idf_reader\0_BEM_Setup\SimResults_neighbourhoods\option_9_j3_20260602_v2\CAN_MTL\RS-I4\RS-I4_EEM_J_ENV_DHW_20260602_183224\RS-I4_EEM_J_ENV_DHW_20260602_183224.idf,c:\Users\o_iseri\Desktop\idf_reader\0_BEM_Setup\SimResults_neighbourhoods\option_9_j3_20260602_v2\CAN_MTL\RS-I4\RS-I4_EEM_J_ENV_DHW_20260602_183224\results
RS-I4,RS-I4,CAN_MTL,0,1,1,0,EEM_J_HVAC_DHW,82.68,12.954,9.1703,12.2951,9.0945,25.5402,10.5823,91.2526,tier3,13,8469,c:\Users\o_iseri\Desktop\idf_reader\0_BEM_Setup\SimResults_neighbourhoods\option_9_j3_20260602_v2\CAN_MTL\RS-I4\RS-I4_EEM_J_HVAC_DHW_20260602_183227\RS-I4_EEM_J_HVAC_DHW_20260602_183227.idf,c:\Users\o_iseri\Desktop\idf_reader\0_BEM_Setup\SimResults_neighbourhoods\option_9_j3_20260602_v2\CAN_MTL\RS-I4\RS-I4_EEM_J_HVAC_DHW_20260602_183227\results
RS-I4,RS-I4,CAN_MTL,1,1,1,0,EEM_J_ENV_HVAC_DHW,76.412,9.2878,8.7817,12.2566,8.9359,25.5402,8.5644,91.2526,tier3,23,8430,c:\Users\o_iseri\Desktop\idf_reader\0_BEM_Setup\SimResults_neighbourhoods\option_9_j3_20260602_v2\CAN_MTL\RS-I4\RS-I4_EEM_J_ENV_HVAC_DHW_20260602_183230\RS-I4_EEM_J_ENV_HVAC_DHW_20260602_183230.idf,c:\Users\o_iseri\Desktop\idf_reader\0_BEM_Setup\SimResults_neighbourhoods\option_9_j3_20260602_v2\CAN_MTL\RS-I4\RS-I4_EEM_J_ENV_HVAC_DHW_20260602_183230\results
RS-I4,RS-I4,CAN_MTL,1,0,0,1,EEM_J_ENVELOPE_EEM4,106.6908,37.1688,6.2858,32.4258,3.7148,17.3166,6.7122,91.2526,tier3,2,7393,c:\Users\o_iseri\Desktop\idf_reader\0_BEM_Setup\SimResults_neighbourhoods\option_9_j3_20260602_v2\CAN_MTL\RS-I4\RS-I4_EEM_J_ENVELOPE_EEM4_20260602_183243\RS-I4_EEM_J_ENVELOPE_EEM4_20260602_183243.idf,c:\Users\o_iseri\Desktop\idf_reader\0_BEM_Setup\SimResults_neighbourhoods\option_9_j3_20260602_v2\CAN_MTL\RS-I4\RS-I4_EEM_J_ENVELOPE_EEM4_20260602_183243\results
RS-I4,RS-I4,CAN_MTL,1,1,0,1,EEM_J_ENV_HVAC_EEM4,79.7852,8.977,6.86,32.46,3.7148,17.3166,7.4175,91.2526,tier3,1,7798,c:\Users\o_iseri\Desktop\idf_reader\0_BEM_Setup\SimResults_neighbourhoods\option_9_j3_20260602_v2\CAN_MTL\RS-I4\RS-I4_EEM_J_ENV_HVAC_EEM4_20260602_183249\RS-I4_EEM_J_ENV_HVAC_EEM4_20260602_183249.idf,c:\Users\o_iseri\Desktop\idf_reader\0_BEM_Setup\SimResults_neighbourhoods\option_9_j3_20260602_v2\CAN_MTL\RS-I4\RS-I4_EEM_J_ENV_HVAC_EEM4_20260602_183249\results
RS-I4,RS-I4,CAN_MTL,1,0,1,1,EEM_J_ENV_DHW_EEM4,87.6366,38.4305,6.1581,12.2235,3.7148,17.3166,6.7264,91.2526,tier3,24,9121,c:\Users\o_iseri\Desktop\idf_reader\0_BEM_Setup\SimResults_neighbourhoods\option_9_j3_20260602_v2\CAN_MTL\RS-I4\RS-I4_EEM_J_ENV_DHW_EEM4_20260602_183254\RS-I4_EEM_J_ENV_DHW_EEM4_20260602_183254.idf,c:\Users\o_iseri\Desktop\idf_reader\0_BEM_Setup\SimResults_neighbourhoods\option_9_j3_20260602_v2\CAN_MTL\RS-I4\RS-I4_EEM_J_ENV_DHW_EEM4_20260602_183254\results
RS-I4,RS-I4,CAN_MTL,1,1,1,1,EEM_J_ENV_HVAC_DHW_EEM4,60.5348,10.063,6.6933,12.2534,3.7148,17.3166,7.4545,91.2526,tier3,11,9528,c:\Users\o_iseri\Desktop\idf_reader\0_BEM_Setup\SimResults_neighbourhoods\option_9_j3_20260602_v2\CAN_MTL\RS-I4\RS-I4_EEM_J_ENV_HVAC_DHW_EEM4_20260602_183259\RS-I4_EEM_J_ENV_HVAC_DHW_EEM4_20260602_183259.idf,c:\Users\o_iseri\Desktop\idf_reader\0_BEM_Setup\SimResults_neighbourhoods\option_9_j3_20260602_v2\CAN_MTL\RS-I4\RS-I4_EEM_J_ENV_HVAC_DHW_EEM4_20260602_183259\results
IC-DC,IC-DC,CAN_MTL,0,0,0,0,EEM_J_DEFAULT,3660.2048,42.3156,436.4496,10.4936,31.7346,2713.9001,325.3832,4.1103,native,4,275,c:\Users\o_iseri\Desktop\idf_reader\0_BEM_Setup\SimResults_neighbourhoods\option_9_j3_20260602_v2\CAN_MTL\IC-DC\IC-DC_EEM_J_DEFAULT_20260602_183310\IC-DC_EEM_J_DEFAULT_20260602_183310.idf,c:\Users\o_iseri\Desktop\idf_reader\0_BEM_Setup\SimResults_neighbourhoods\option_9_j3_20260602_v2\CAN_MTL\IC-DC\IC-DC_EEM_J_DEFAULT_20260602_183310\results
IC-DC,IC-DC,CAN_MTL,1,0,0,0,EEM_J_ENVELOPE,3663.4664,33.7992,439.9632,10.4928,31.8597,2713.8931,332.1289,163.5135,tier3,3,270,c:\Users\o_iseri\Desktop\idf_reader\0_BEM_Setup\SimResults_neighbourhoods\option_9_j3_20260602_v2\CAN_MTL\IC-DC\IC-DC_EEM_J_ENVELOPE_20260602_183315\IC-DC_EEM_J_ENVELOPE_20260602_183315.idf,c:\Users\o_iseri\Desktop\idf_reader\0_BEM_Setup\SimResults_neighbourhoods\option_9_j3_20260602_v2\CAN_MTL\IC-DC\IC-DC_EEM_J_ENVELOPE_20260602_183315\results
IC-DC,IC-DC,CAN_MTL,0,1,0,0,EEM_J_HVAC_ONLY,3636.748,18.5307,436.1466,10.5213,31.9162,2713.8968,325.8164,163.525,tier3,1,276,c:\Users\o_iseri\Desktop\idf_reader\0_BEM_Setup\SimResults_neighbourhoods\option_9_j3_20260602_v2\CAN_MTL\IC-DC\IC-DC_EEM_J_HVAC_ONLY_20260602_183320\IC-DC_EEM_J_HVAC_ONLY_20260602_183320.idf,c:\Users\o_iseri\Desktop\idf_reader\0_BEM_Setup\SimResults_neighbourhoods\option_9_j3_20260602_v2\CAN_MTL\IC-DC\IC-DC_EEM_J_HVAC_ONLY_20260602_183320\results
IC-DC,IC-DC,CAN_MTL,0,0,1,0,EEM_J_DHW_ONLY,3652.0928,44.089,436.0983,0.7432,31.9162,2713.9016,325.3818,163.525,tier3,5,322,c:\Users\o_iseri\Desktop\idf_reader\0_BEM_Setup\SimResults_neighbourhoods\option_9_j3_20260602_v2\CAN_MTL\IC-DC\IC-DC_EEM_J_DHW_ONLY_20260602_183328\IC-DC_EEM_J_DHW_ONLY_20260602_183328.idf,c:\Users\o_iseri\Desktop\idf_reader\0_BEM_Setup\SimResults_neighbourhoods\option_9_j3_20260602_v2\CAN_MTL\IC-DC\IC-DC_EEM_J_DHW_ONLY_20260602_183328\results
IC-DC,IC-DC,CAN_MTL,1,1,0,0,EEM_J_ENV_HVAC,3645.3408,15.1858,440.0248,10.5201,31.8597,2713.8931,332.589,163.5135,tier3,5,274,c:\Users\o_iseri\Desktop\idf_reader\0_BEM_Setup\SimResults_neighbourhoods\option_9_j3_20260602_v2\CAN_MTL\IC-DC\IC-DC_EEM_J_ENV_HVAC_20260602_183335\IC-DC_EEM_J_ENV_HVAC_20260602_183335.idf,c:\Users\o_iseri\Desktop\idf_reader\0_BEM_Setup\SimResults_neighbourhoods\option_9_j3_20260602_v2\CAN_MTL\IC-DC\IC-DC_EEM_J_ENV_HVAC_20260602_183335\results
IC-DC,IC-DC,CAN_MTL,1,0,1,0,EEM_J_ENV_DHW,3655.1813,35.2792,439.9746,0.6933,31.8597,2713.8927,332.1521,163.5135,tier3,6,317,c:\Users\o_iseri\Desktop\idf_reader\0_BEM_Setup\SimResults_neighbourhoods\option_9_j3_20260602_v2\CAN_MTL\IC-DC\IC-DC_EEM_J_ENV_DHW_20260602_183402\IC-DC_EEM_J_ENV_DHW_20260602_183402.idf,c:\Users\o_iseri\Desktop\idf_reader\0_BEM_Setup\SimResults_neighbourhoods\option_9_j3_20260602_v2\CAN_MTL\IC-DC\IC-DC_EEM_J_ENV_DHW_20260602_183402\results
IC-DC,IC-DC,CAN_MTL,0,1,1,0,EEM_J_HVAC_DHW,3628.5802,20.0134,436.1603,0.8339,31.9162,2713.896,325.8408,163.525,tier3,3,322,c:\Users\o_iseri\Desktop\idf_reader\0_BEM_Setup\SimResults_neighbourhoods\option_9_j3_20260602_v2\CAN_MTL\IC-DC\IC-DC_EEM_J_HVAC_DHW_20260602_183408\IC-DC_EEM_J_HVAC_DHW_20260602_183408.idf,c:\Users\o_iseri\Desktop\idf_reader\0_BEM_Setup\SimResults_neighbourhoods\option_9_j3_20260602_v2\CAN_MTL\IC-DC\IC-DC_EEM_J_HVAC_DHW_20260602_183408\results
IC-DC,IC-DC,CAN_MTL,1,1,1,0,EEM_J_ENV_HVAC_DHW,3637.1638,16.6798,440.041,0.8059,31.8597,2713.8931,332.6141,163.5135,tier3,6,319,c:\Users\o_iseri\Desktop\idf_reader\0_BEM_Setup\SimResults_neighbourhoods\option_9_j3_20260602_v2\CAN_MTL\IC-DC\IC-DC_EEM_J_ENV_HVAC_DHW_20260602_183410\IC-DC_EEM_J_ENV_HVAC_DHW_20260602_183410.idf,c:\Users\o_iseri\Desktop\idf_reader\0_BEM_Setup\SimResults_neighbourhoods\option_9_j3_20260602_v2\CAN_MTL\IC-DC\IC-DC_EEM_J_ENV_HVAC_DHW_20260602_183410\results
IC-DC,IC-DC,CAN_MTL,0,0,0,1,EEM_J_EEM4_ONLY,3656.6023,44.9603,435.6887,10.4973,29.2088,2711.2588,325.0212,163.525,tier3,3,296,c:\Users\o_iseri\Desktop\idf_reader\0_BEM_Setup\SimResults_neighbourhoods\option_9_j3_20260602_v2\CAN_MTL\IC-DC\IC-DC_EEM_J_EEM4_ONLY_20260602_183429\IC-DC_EEM_J_EEM4_ONLY_20260602_183429.idf,c:\Users\o_iseri\Desktop\idf_reader\0_BEM_Setup\SimResults_neighbourhoods\option_9_j3_20260602_v2\CAN_MTL\IC-DC\IC-DC_EEM_J_EEM4_ONLY_20260602_183429\results
IC-DC,IC-DC,CAN_MTL,1,0,0,1,EEM_J_ENVELOPE_EEM4,3659.8462,36.1655,439.5776,10.4962,29.1774,2711.24,331.8636,163.5135,tier3,3,296,c:\Users\o_iseri\Desktop\idf_reader\0_BEM_Setup\SimResults_neighbourhoods\option_9_j3_20260602_v2\CAN_MTL\IC-DC\IC-DC_EEM_J_ENVELOPE_EEM4_20260602_183444\IC-DC_EEM_J_ENVELOPE_EEM4_20260602_183444.idf,c:\Users\o_iseri\Desktop\idf_reader\0_BEM_Setup\SimResults_neighbourhoods\option_9_j3_20260602_v2\CAN_MTL\IC-DC\IC-DC_EEM_J_ENVELOPE_EEM4_20260602_183444\results
IC-DC,IC-DC,CAN_MTL,0,1,0,1,EEM_J_HVAC_ONLY_EEM4,3632.0266,19.9296,435.7086,10.5257,29.2088,2711.2555,325.4821,163.525,tier3,3,300,c:\Users\o_iseri\Desktop\idf_reader\0_BEM_Setup\SimResults_neighbourhoods\option_9_j3_20260602_v2\CAN_MTL\IC-DC\IC-DC_EEM_J_HVAC_ONLY_EEM4_20260602_183450\IC-DC_EEM_J_HVAC_ONLY_EEM4_20260602_183450.idf,c:\Users\o_iseri\Desktop\idf_reader\0_BEM_Setup\SimResults_neighbourhoods\option_9_j3_20260602_v2\CAN_MTL\IC-DC\IC-DC_EEM_J_HVAC_ONLY_EEM4_20260602_183450\results
IC-DC,IC-DC,CAN_MTL,0,0,1,1,EEM_J_DHW_ONLY_EEM4,3648.3566,46.4082,435.7009,0.762,29.2088,2711.2588,325.0504,163.525,tier3,4,340,c:\Users\o_iseri\Desktop\idf_reader\0_BEM_Setup\SimResults_neighbourhoods\option_9_j3_20260602_v2\CAN_MTL\IC-DC\IC-DC_EEM_J_DHW_ONLY_EEM4_20260602_183452\IC-DC_EEM_J_DHW_ONLY_EEM4_20260602_183452.idf,c:\Users\o_iseri\Desktop\idf_reader\0_BEM_Setup\SimResults_neighbourhoods\option_9_j3_20260602_v2\CAN_MTL\IC-DC\IC-DC_EEM_J_DHW_ONLY_EEM4_20260602_183452\results
IC-DC,IC-DC,CAN_MTL,1,1,0,1,EEM_J_ENV_HVAC_EEM4,3640.7147,16.5983,439.5868,10.5246,29.1774,2711.2403,332.3241,163.5135,tier3,1,300,c:\Users\o_iseri\Desktop\idf_reader\0_BEM_Setup\SimResults_neighbourhoods\option_9_j3_20260602_v2\CAN_MTL\IC-DC\IC-DC_EEM_J_ENV_HVAC_EEM4_20260602_183456\IC-DC_EEM_J_ENV_HVAC_EEM4_20260602_183456.idf,c:\Users\o_iseri\Desktop\idf_reader\0_BEM_Setup\SimResults_neighbourhoods\option_9_j3_20260602_v2\CAN_MTL\IC-DC\IC-DC_EEM_J_ENV_HVAC_EEM4_20260602_183456\results
IC-DC,IC-DC,CAN_MTL,1,0,1,1,EEM_J_ENV_DHW_EEM4,3651.5315,37.6364,439.5868,0.676,29.1774,2711.24,331.8887,163.5135,tier3,3,342,c:\Users\o_iseri\Desktop\idf_reader\0_BEM_Setup\SimResults_neighbourhoods\option_9_j3_20260602_v2\CAN_MTL\IC-DC\IC-DC_EEM_J_ENV_DHW_EEM4_20260602_183500\IC-DC_EEM_J_ENV_DHW_EEM4_20260602_183500.idf,c:\Users\o_iseri\Desktop\idf_reader\0_BEM_Setup\SimResults_neighbourhoods\option_9_j3_20260602_v2\CAN_MTL\IC-DC\IC-DC_EEM_J_ENV_DHW_EEM4_20260602_183500\results
IC-DC,IC-DC,CAN_MTL,0,1,1,1,EEM_J_HVAC_DHW_EEM4,3623.8563,21.3945,435.7193,0.8553,29.2088,2711.2555,325.5076,163.525,tier3,4,350,c:\Users\o_iseri\Desktop\idf_reader\0_BEM_Setup\SimResults_neighbourhoods\option_9_j3_20260602_v2\CAN_MTL\IC-DC\IC-DC_EEM_J_HVAC_DHW_EEM4_20260602_183503\IC-DC_EEM_J_HVAC_DHW_EEM4_20260602_183503.idf,c:\Users\o_iseri\Desktop\idf_reader\0_BEM_Setup\SimResults_neighbourhoods\option_9_j3_20260602_v2\CAN_MTL\IC-DC\IC-DC_EEM_J_HVAC_DHW_EEM4_20260602_183503\results
IC-DC,IC-DC,CAN_MTL,1,1,1,1,EEM_J_ENV_HVAC_DHW_EEM4,3632.5428,18.0761,439.5997,0.8343,29.1774,2711.2403,332.3507,163.5135,tier3,3,342,c:\Users\o_iseri\Desktop\idf_reader\0_BEM_Setup\SimResults_neighbourhoods\option_9_j3_20260602_v2\CAN_MTL\IC-DC\IC-DC_EEM_J_ENV_HVAC_DHW_EEM4_20260602_183504\IC-DC_EEM_J_ENV_HVAC_DHW_EEM4_20260602_183504.idf,c:\Users\o_iseri\Desktop\idf_reader\0_BEM_Setup\SimResults_neighbourhoods\option_9_j3_20260602_v2\CAN_MTL\IC-DC\IC-DC_EEM_J_ENV_HVAC_DHW_EEM4_20260602_183504\results
IC-DE,IC-DE,CAN_MTL,0,0,0,0,EEM_J_DEFAULT,11920.5584,62.4781,1357.037,13.1988,24.304,9035.3071,1109.8665,6.1734,native,2,235,c:\Users\o_iseri\Desktop\idf_reader\0_BEM_Setup\SimResults_neighbourhoods\option_9_j3_20260602_v2\CAN_MTL\IC-DE\IC-DE_EEM_J_DEFAULT_20260602_183529\IC-DE_EEM_J_DEFAULT_20260602_183529.idf,c:\Users\o_iseri\Desktop\idf_reader\0_BEM_Setup\SimResults_neighbourhoods\option_9_j3_20260602_v2\CAN_MTL\IC-DE\IC-DE_EEM_J_DEFAULT_20260602_183529\results
IC-DE,IC-DE,CAN_MTL,1,0,0,0,EEM_J_ENVELOPE,11914.6484,48.6819,1358.5494,13.1951,24.392,9035.4878,1115.0845,118.7412,tier3,5,229,c:\Users\o_iseri\Desktop\idf_reader\0_BEM_Setup\SimResults_neighbourhoods\option_9_j3_20260602_v2\CAN_MTL\IC-DE\IC-DE_EEM_J_ENVELOPE_20260602_183533\IC-DE_EEM_J_ENVELOPE_20260602_183533.idf,c:\Users\o_iseri\Desktop\idf_reader\0_BEM_Setup\SimResults_neighbourhoods\option_9_j3_20260602_v2\CAN_MTL\IC-DE\IC-DE_EEM_J_ENVELOPE_20260602_183533\results
IC-DE,IC-DE,CAN_MTL,0,1,0,0,EEM_J_HVAC_ONLY,11883.9762,25.3525,1356.7091,13.236,24.4215,9035.3009,1110.5395,118.744,tier3,2,247,c:\Users\o_iseri\Desktop\idf_reader\0_BEM_Setup\SimResults_neighbourhoods\option_9_j3_20260602_v2\CAN_MTL\IC-DE\IC-DE_EEM_J_HVAC_ONLY_20260602_183550\IC-DE_EEM_J_HVAC_ONLY_20260602_183550.idf,c:\Users\o_iseri\Desktop\idf_reader\0_BEM_Setup\SimResults_neighbourhoods\option_9_j3_20260602_v2\CAN_MTL\IC-DE\IC-DE_EEM_J_HVAC_ONLY_20260602_183550\results
IC-DE,IC-DE,CAN_MTL,0,0,1,0,EEM_J_DHW_ONLY,11910.751,64.7831,1356.7842,1.1677,24.4215,9035.3079,1109.8655,118.744,tier3,2,279,c:\Users\o_iseri\Desktop\idf_reader\0_BEM_Setup\SimResults_neighbourhoods\option_9_j3_20260602_v2\CAN_MTL\IC-DE\IC-DE_EEM_J_DHW_ONLY_20260602_183553\IC-DE_EEM_J_DHW_ONLY_20260602_183553.idf,c:\Users\o_iseri\Desktop\idf_reader\0_BEM_Setup\SimResults_neighbourhoods\option_9_j3_20260602_v2\CAN_MTL\IC-DE\IC-DE_EEM_J_DHW_ONLY_20260602_183553\results
IC-DE,IC-DE,CAN_MTL,1,1,0,0,EEM_J_ENV_HVAC,11886.6016,20.1018,1358.4515,13.234,24.392,9035.468,1115.7881,118.7412,tier3,4,245,c:\Users\o_iseri\Desktop\idf_reader\0_BEM_Setup\SimResults_neighbourhoods\option_9_j3_20260602_v2\CAN_MTL\IC-DE\IC-DE_EEM_J_ENV_HVAC_20260602_183557\IC-DE_EEM_J_ENV_HVAC_20260602_183557.idf,c:\Users\o_iseri\Desktop\idf_reader\0_BEM_Setup\SimResults_neighbourhoods\option_9_j3_20260602_v2\CAN_MTL\IC-DE\IC-DE_EEM_J_ENV_HVAC_20260602_183557\results
IC-DE,IC-DE,CAN_MTL,1,0,1,0,EEM_J_ENV_DHW,11904.5746,50.7732,1358.538,1.0837,24.392,9035.4952,1115.1048,118.7412,tier3,5,293,c:\Users\o_iseri\Desktop\idf_reader\0_BEM_Setup\SimResults_neighbourhoods\option_9_j3_20260602_v2\CAN_MTL\IC-DE\IC-DE_EEM_J_ENV_DHW_20260602_183605\IC-DE_EEM_J_ENV_DHW_20260602_183605.idf,c:\Users\o_iseri\Desktop\idf_reader\0_BEM_Setup\SimResults_neighbourhoods\option_9_j3_20260602_v2\CAN_MTL\IC-DE\IC-DE_EEM_J_ENV_DHW_20260602_183605\results
IC-DE,IC-DE,CAN_MTL,0,1,1,0,EEM_J_HVAC_DHW,11873.9892,27.4716,1356.7017,1.2151,24.4215,9035.3,1110.5755,118.744,tier3,2,293,c:\Users\o_iseri\Desktop\idf_reader\0_BEM_Setup\SimResults_neighbourhoods\option_9_j3_20260602_v2\CAN_MTL\IC-DE\IC-DE_EEM_J_HVAC_DHW_20260602_183608\IC-DE_EEM_J_HVAC_DHW_20260602_183608.idf,c:\Users\o_iseri\Desktop\idf_reader\0_BEM_Setup\SimResults_neighbourhoods\option_9_j3_20260602_v2\CAN_MTL\IC-DE\IC-DE_EEM_J_HVAC_DHW_20260602_183608\results
IC-DE,IC-DE,CAN_MTL,1,1,1,0,EEM_J_ENV_HVAC_DHW,11876.6854,22.1899,1358.455,1.218,24.392,9035.468,1115.8478,118.7412,tier3,5,300,c:\Users\o_iseri\Desktop\idf_reader\0_BEM_Setup\SimResults_neighbourhoods\option_9_j3_20260602_v2\CAN_MTL\IC-DE\IC-DE_EEM_J_ENV_HVAC_DHW_20260602_183614\IC-DE_EEM_J_ENV_HVAC_DHW_20260602_183614.idf,c:\Users\o_iseri\Desktop\idf_reader\0_BEM_Setup\SimResults_neighbourhoods\option_9_j3_20260602_v2\CAN_MTL\IC-DE\IC-DE_EEM_J_ENV_HVAC_DHW_20260602_183614\results
IC-DE,IC-DE,CAN_MTL,0,0,0,1,EEM_J_EEM4_ONLY,11911.0176,64.0337,1356.0891,13.2037,21.1537,9028.8331,1109.2762,118.744,tier3,2,247,c:\Users\o_iseri\Desktop\idf_reader\0_BEM_Setup\SimResults_neighbourhoods\option_9_j3_20260602_v2\CAN_MTL\IC-DE\IC-DE_EEM_J_EEM4_ONLY_20260602_183619\IC-DE_EEM_J_EEM4_ONLY_20260602_183619.idf,c:\Users\o_iseri\Desktop\idf_reader\0_BEM_Setup\SimResults_neighbourhoods\option_9_j3_20260602_v2\CAN_MTL\IC-DE\IC-DE_EEM_J_EEM4_ONLY_20260602_183619\results
IC-DE,IC-DE,CAN_MTL,1,0,0,1,EEM_J_ENVELOPE_EEM4,11902.7143,47.7154,1357.8964,13.1993,21.1374,9029.1456,1114.4851,118.7412,tier3,7,242,c:\Users\o_iseri\Desktop\idf_reader\0_BEM_Setup\SimResults_neighbourhoods\option_9_j3_20260602_v2\CAN_MTL\IC-DE\IC-DE_EEM_J_ENVELOPE_EEM4_20260602_183621\IC-DE_EEM_J_ENVELOPE_EEM4_20260602_183621.idf,c:\Users\o_iseri\Desktop\idf_reader\0_BEM_Setup\SimResults_neighbourhoods\option_9_j3_20260602_v2\CAN_MTL\IC-DE\IC-DE_EEM_J_ENVELOPE_EEM4_20260602_183621\results
IC-DE,IC-DE,CAN_MTL,0,1,0,1,EEM_J_HVAC_ONLY_EEM4,11875.0498,27.4684,1356.0221,13.2414,21.1537,9028.8312,1109.9901,118.744,tier3,2,262,c:\Users\o_iseri\Desktop\idf_reader\0_BEM_Setup\SimResults_neighbourhoods\option_9_j3_20260602_v2\CAN_MTL\IC-DE\IC-DE_EEM_J_HVAC_ONLY_EEM4_20260602_183626\IC-DE_EEM_J_HVAC_ONLY_EEM4_20260602_183626.idf,c:\Users\o_iseri\Desktop\idf_reader\0_BEM_Setup\SimResults_neighbourhoods\option_9_j3_20260602_v2\CAN_MTL\IC-DE\IC-DE_EEM_J_HVAC_ONLY_EEM4_20260602_183626\results
IC-DE,IC-DE,CAN_MTL,0,0,1,1,EEM_J_DHW_ONLY_EEM4,11901.1696,66.07,1356.1012,1.1957,21.1537,9028.8339,1109.3148,118.744,tier3,2,293,c:\Users\o_iseri\Desktop\idf_reader\0_BEM_Setup\SimResults_neighbourhoods\option_9_j3_20260602_v2\CAN_MTL\IC-DE\IC-DE_EEM_J_DHW_ONLY_EEM4_20260602_183629\IC-DE_EEM_J_DHW_ONLY_EEM4_20260602_183629.idf,c:\Users\o_iseri\Desktop\idf_reader\0_BEM_Setup\SimResults_neighbourhoods\option_9_j3_20260602_v2\CAN_MTL\IC-DE\IC-DE_EEM_J_DHW_ONLY_EEM4_20260602_183629\results
IC-DE,IC-DE,CAN_MTL,1,1,0,1,EEM_J_ENV_HVAC_EEM4,11875.2183,19.7033,1357.8106,13.2374,21.1374,9029.1162,1115.1782,118.7412,tier3,7,256,c:\Users\o_iseri\Desktop\idf_reader\0_BEM_Setup\SimResults_neighbourhoods\option_9_j3_20260602_v2\CAN_MTL\IC-DE\IC-DE_EEM_J_ENV_HVAC_EEM4_20260602_183644\IC-DE_EEM_J_ENV_HVAC_EEM4_20260602_183644.idf,c:\Users\o_iseri\Desktop\idf_reader\0_BEM_Setup\SimResults_neighbourhoods\option_9_j3_20260602_v2\CAN_MTL\IC-DE\IC-DE_EEM_J_ENV_HVAC_EEM4_20260602_183644\results
IC-DE,IC-DE,CAN_MTL,1,0,1,1,EEM_J_ENV_DHW_EEM4,11892.8196,49.7621,1357.9016,1.1789,21.1374,9029.1454,1114.5302,118.7412,tier3,7,290,c:\Users\o_iseri\Desktop\idf_reader\0_BEM_Setup\SimResults_neighbourhoods\option_9_j3_20260602_v2\CAN_MTL\IC-DE\IC-DE_EEM_J_ENV_DHW_EEM4_20260602_183646\IC-DE_EEM_J_ENV_DHW_EEM4_20260602_183646.idf,c:\Users\o_iseri\Desktop\idf_reader\0_BEM_Setup\SimResults_neighbourhoods\option_9_j3_20260602_v2\CAN_MTL\IC-DE\IC-DE_EEM_J_ENV_DHW_EEM4_20260602_183646\results
IC-DE,IC-DE,CAN_MTL,0,1,1,1,EEM_J_HVAC_DHW_EEM4,11865.2229,29.5607,1356.0303,1.2262,21.1537,9028.8322,1110.0362,118.744,tier3,2,308,c:\Users\o_iseri\Desktop\idf_reader\0_BEM_Setup\SimResults_neighbourhoods\option_9_j3_20260602_v2\CAN_MTL\IC-DE\IC-DE_EEM_J_HVAC_DHW_EEM4_20260602_183653\IC-DE_EEM_J_HVAC_DHW_EEM4_20260602_183653.idf,c:\Users\o_iseri\Desktop\idf_reader\0_BEM_Setup\SimResults_neighbourhoods\option_9_j3_20260602_v2\CAN_MTL\IC-DE\IC-DE_EEM_J_HVAC_DHW_EEM4_20260602_183653\results
IC-DE,IC-DE,CAN_MTL,1,1,1,1,EEM_J_ENV_HVAC_DHW_EEM4,11865.3772,21.7743,1357.8208,1.2287,21.1374,9029.1167,1115.2349,118.7412,tier3,7,304,c:\Users\o_iseri\Desktop\idf_reader\0_BEM_Setup\SimResults_neighbourhoods\option_9_j3_20260602_v2\CAN_MTL\IC-DE\IC-DE_EEM_J_ENV_HVAC_DHW_EEM4_20260602_183702\IC-DE_EEM_J_ENV_HVAC_DHW_EEM4_20260602_183702.idf,c:\Users\o_iseri\Desktop\idf_reader\0_BEM_Setup\SimResults_neighbourhoods\option_9_j3_20260602_v2\CAN_MTL\IC-DE\IC-DE_EEM_J_ENV_HVAC_DHW_EEM4_20260602_183702\results
MU-C1,MU-C1,CAN_MTL,0,0,0,0,EEM_J_DEFAULT,205.464,54.8285,10.48,41.021,11.864,57.7936,18.8997,3.4032,native,40,8163,c:\Users\o_iseri\Desktop\idf_reader\0_BEM_Setup\SimResults_neighbourhoods\option_9_j3_20260602_v2\CAN_MTL\MU-C1\MU-C1_EEM_J_DEFAULT_20260602_183716\MU-C1_EEM_J_DEFAULT_20260602_183716.idf,c:\Users\o_iseri\Desktop\idf_reader\0_BEM_Setup\SimResults_neighbourhoods\option_9_j3_20260602_v2\CAN_MTL\MU-C1\MU-C1_EEM_J_DEFAULT_20260602_183716\results
MU-C1,MU-C1,CAN_MTL,1,0,0,0,EEM_J_ENVELOPE,180.8025,29.2332,11.8645,41.0277,11.848,57.7936,18.4596,25.6556,tier3,83,8135,c:\Users\o_iseri\Desktop\idf_reader\0_BEM_Setup\SimResults_neighbourhoods\option_9_j3_20260602_v2\CAN_MTL\MU-C1\MU-C1_EEM_J_ENVELOPE_20260602_183724\MU-C1_EEM_J_ENVELOPE_20260602_183724.idf,c:\Users\o_iseri\Desktop\idf_reader\0_BEM_Setup\SimResults_neighbourhoods\option_9_j3_20260602_v2\CAN_MTL\MU-C1\MU-C1_EEM_J_ENVELOPE_20260602_183724\results
MU-C1,MU-C1,CAN_MTL,0,1,0,0,EEM_J_HVAC_ONLY,174.1589,23.4684,9.583,41.0348,11.8703,57.7936,19.877,25.7208,tier3,30,8508,c:\Users\o_iseri\Desktop\idf_reader\0_BEM_Setup\SimResults_neighbourhoods\option_9_j3_20260602_v2\CAN_MTL\MU-C1\MU-C1_EEM_J_HVAC_ONLY_20260602_183728\MU-C1_EEM_J_HVAC_ONLY_20260602_183728.idf,c:\Users\o_iseri\Desktop\idf_reader\0_BEM_Setup\SimResults_neighbourhoods\option_9_j3_20260602_v2\CAN_MTL\MU-C1\MU-C1_EEM_J_HVAC_ONLY_20260602_183728\results
MU-C1,MU-C1,CAN_MTL,0,0,1,0,EEM_J_DHW_ONLY,177.4743,62.4151,9.4397,6.6737,11.8703,57.7936,18.7203,25.7208,tier3,24,8451,c:\Users\o_iseri\Desktop\idf_reader\0_BEM_Setup\SimResults_neighbourhoods\option_9_j3_20260602_v2\CAN_MTL\MU-C1\MU-C1_EEM_J_DHW_ONLY_20260602_183730\MU-C1_EEM_J_DHW_ONLY_20260602_183730.idf,c:\Users\o_iseri\Desktop\idf_reader\0_BEM_Setup\SimResults_neighbourhoods\option_9_j3_20260602_v2\CAN_MTL\MU-C1\MU-C1_EEM_J_DHW_ONLY_20260602_183730\results
MU-C1,MU-C1,CAN_MTL,1,1,0,0,EEM_J_ENV_HVAC,167.2552,14.2773,12.0309,41.0415,11.848,57.7936,19.7065,25.6556,tier3,110,8508,c:\Users\o_iseri\Desktop\idf_reader\0_BEM_Setup\SimResults_neighbourhoods\option_9_j3_20260602_v2\CAN_MTL\MU-C1\MU-C1_EEM_J_ENV_HVAC_20260602_183741\MU-C1_EEM_J_ENV_HVAC_20260602_183741.idf,c:\Users\o_iseri\Desktop\idf_reader\0_BEM_Setup\SimResults_neighbourhoods\option_9_j3_20260602_v2\CAN_MTL\MU-C1\MU-C1_EEM_J_ENV_HVAC_20260602_183741\results
MU-C1,MU-C1,CAN_MTL,1,0,1,0,EEM_J_ENV_DHW,151.1914,34.5934,11.5361,6.828,11.8487,57.7936,17.9984,25.7056,tier3,51,8470,c:\Users\o_iseri\Desktop\idf_reader\0_BEM_Setup\SimResults_neighbourhoods\option_9_j3_20260602_v2\CAN_MTL\MU-C1\MU-C1_EEM_J_ENV_DHW_20260602_183751\MU-C1_EEM_J_ENV_DHW_20260602_183751.idf,c:\Users\o_iseri\Desktop\idf_reader\0_BEM_Setup\SimResults_neighbourhoods\option_9_j3_20260602_v2\CAN_MTL\MU-C1\MU-C1_EEM_J_ENV_DHW_20260602_183751\results
MU-C1,MU-C1,CAN_MTL,0,1,1,0,EEM_J_HVAC_DHW,144.911,28.5132,9.5528,6.6769,11.8703,57.7936,19.9709,25.7208,tier3,42,8816,c:\Users\o_iseri\Desktop\idf_reader\0_BEM_Setup\SimResults_neighbourhoods\option_9_j3_20260602_v2\CAN_MTL\MU-C1\MU-C1_EEM_J_HVAC_DHW_20260602_183753\MU-C1_EEM_J_HVAC_DHW_20260602_183753.idf,c:\Users\o_iseri\Desktop\idf_reader\0_BEM_Setup\SimResults_neighbourhoods\option_9_j3_20260602_v2\CAN_MTL\MU-C1\MU-C1_EEM_J_HVAC_DHW_20260602_183753\results
MU-C1,MU-C1,CAN_MTL,1,1,1,0,EEM_J_ENV_HVAC_DHW,138.0512,19.2699,11.9921,6.7938,11.848,57.7936,19.7955,25.6556,tier3,142,8769,c:\Users\o_iseri\Desktop\idf_reader\0_BEM_Setup\SimResults_neighbourhoods\option_9_j3_20260602_v2\CAN_MTL\MU-C1\MU-C1_EEM_J_ENV_HVAC_DHW_20260602_183754\MU-C1_EEM_J_ENV_HVAC_DHW_20260602_183754.idf,c:\Users\o_iseri\Desktop\idf_reader\0_BEM_Setup\SimResults_neighbourhoods\option_9_j3_20260602_v2\CAN_MTL\MU-C1\MU-C1_EEM_J_ENV_HVAC_DHW_20260602_183754\results
MU-C1,MU-C1,CAN_MTL,0,0,0,1,EEM_J_EEM4_ONLY,193.8155,66.2076,8.0638,41.0223,5.6408,44.7197,17.603,25.7208,tier3,40,9404,c:\Users\o_iseri\Desktop\idf_reader\0_BEM_Setup\SimResults_neighbourhoods\option_9_j3_20260602_v2\CAN_MTL\MU-C1\MU-C1_EEM_J_EEM4_ONLY_20260602_183813\MU-C1_EEM_J_EEM4_ONLY_20260602_183813.idf,c:\Users\o_iseri\Desktop\idf_reader\0_BEM_Setup\SimResults_neighbourhoods\option_9_j3_20260602_v2\CAN_MTL\MU-C1\MU-C1_EEM_J_EEM4_ONLY_20260602_183813\results
MU-C1,MU-C1,CAN_MTL,1,0,0,1,EEM_J_ENVELOPE_EEM4,161.1683,34.2811,8.7041,41.0234,5.576,44.7197,16.2827,25.7056,tier3,32,9407,c:\Users\o_iseri\Desktop\idf_reader\0_BEM_Setup\SimResults_neighbourhoods\option_9_j3_20260602_v2\CAN_MTL\MU-C1\MU-C1_EEM_J_ENVELOPE_EEM4_20260602_183848\MU-C1_EEM_J_ENVELOPE_EEM4_20260602_183848.idf,c:\Users\o_iseri\Desktop\idf_reader\0_BEM_Setup\SimResults_neighbourhoods\option_9_j3_20260602_v2\CAN_MTL\MU-C1\MU-C1_EEM_J_ENVELOPE_EEM4_20260602_183848\results
MU-C1,MU-C1,CAN_MTL,0,1,0,1,EEM_J_HVAC_ONLY_EEM4,155.2855,26.5939,7.9793,41.037,5.6408,44.7197,18.7815,25.7208,tier3,27,9762,c:\Users\o_iseri\Desktop\idf_reader\0_BEM_Setup\SimResults_neighbourhoods\option_9_j3_20260602_v2\CAN_MTL\MU-C1\MU-C1_EEM_J_HVAC_ONLY_EEM4_20260602_183850\MU-C1_EEM_J_HVAC_ONLY_EEM4_20260602_183850.idf,c:\Users\o_iseri\Desktop\idf_reader\0_BEM_Setup\SimResults_neighbourhoods\option_9_j3_20260602_v2\CAN_MTL\MU-C1\MU-C1_EEM_J_HVAC_ONLY_EEM4_20260602_183850\results
MU-C1,MU-C1,CAN_MTL,0,0,1,1,EEM_J_DHW_ONLY_EEM4,164.643,71.2901,8.0407,6.7,5.6408,44.7197,17.6923,25.7208,tier3,32,9705,c:\Users\o_iseri\Desktop\idf_reader\0_BEM_Setup\SimResults_neighbourhoods\option_9_j3_20260602_v2\CAN_MTL\MU-C1\MU-C1_EEM_J_DHW_ONLY_EEM4_20260602_183915\MU-C1_EEM_J_DHW_ONLY_EEM4_20260602_183915.idf,c:\Users\o_iseri\Desktop\idf_reader\0_BEM_Setup\SimResults_neighbourhoods\option_9_j3_20260602_v2\CAN_MTL\MU-C1\MU-C1_EEM_J_DHW_ONLY_EEM4_20260602_183915\results
MU-C1,MU-C1,CAN_MTL,1,1,0,1,EEM_J_ENV_HVAC_EEM4,142.8305,14.7798,8.725,41.0368,5.576,44.7197,17.4318,25.7056,tier3,41,9771,c:\Users\o_iseri\Desktop\idf_reader\0_BEM_Setup\SimResults_neighbourhoods\option_9_j3_20260602_v2\CAN_MTL\MU-C1\MU-C1_EEM_J_ENV_HVAC_EEM4_20260602_183916\MU-C1_EEM_J_ENV_HVAC_EEM4_20260602_183916.idf,c:\Users\o_iseri\Desktop\idf_reader\0_BEM_Setup\SimResults_neighbourhoods\option_9_j3_20260602_v2\CAN_MTL\MU-C1\MU-C1_EEM_J_ENV_HVAC_EEM4_20260602_183916\results
MU-C1,MU-C1,CAN_MTL,1,0,1,1,EEM_J_ENV_DHW_EEM4,132.0671,39.307,8.6777,6.8317,5.576,44.7197,16.3712,25.7056,tier3,37,9707,c:\Users\o_iseri\Desktop\idf_reader\0_BEM_Setup\SimResults_neighbourhoods\option_9_j3_20260602_v2\CAN_MTL\MU-C1\MU-C1_EEM_J_ENV_DHW_EEM4_20260602_183930\MU-C1_EEM_J_ENV_DHW_EEM4_20260602_183930.idf,c:\Users\o_iseri\Desktop\idf_reader\0_BEM_Setup\SimResults_neighbourhoods\option_9_j3_20260602_v2\CAN_MTL\MU-C1\MU-C1_EEM_J_ENV_DHW_EEM4_20260602_183930\results
MU-C1,MU-C1,CAN_MTL,0,1,1,1,EEM_J_HVAC_DHW_EEM4,126.0291,31.6491,7.9542,6.6601,5.6408,44.7197,18.8694,25.7208,tier3,30,10067,c:\Users\o_iseri\Desktop\idf_reader\0_BEM_Setup\SimResults_neighbourhoods\option_9_j3_20260602_v2\CAN_MTL\MU-C1\MU-C1_EEM_J_HVAC_DHW_EEM4_20260602_183936\MU-C1_EEM_J_HVAC_DHW_EEM4_20260602_183936.idf,c:\Users\o_iseri\Desktop\idf_reader\0_BEM_Setup\SimResults_neighbourhoods\option_9_j3_20260602_v2\CAN_MTL\MU-C1\MU-C1_EEM_J_HVAC_DHW_EEM4_20260602_183936\results
MU-C1,MU-C1,CAN_MTL,1,1,1,1,EEM_J_ENV_HVAC_DHW_EEM4,117.7429,23.1445,8.7627,6.7306,5.5734,44.7197,18.2664,25.6556,tier3,57,10019,c:\Users\o_iseri\Desktop\idf_reader\0_BEM_Setup\SimResults_neighbourhoods\option_9_j3_20260602_v2\CAN_MTL\MU-C1\MU-C1_EEM_J_ENV_HVAC_DHW_EEM4_20260602_183952\MU-C1_EEM_J_ENV_HVAC_DHW_EEM4_20260602_183952.idf,c:\Users\o_iseri\Desktop\idf_reader\0_BEM_Setup\SimResults_neighbourhoods\option_9_j3_20260602_v2\CAN_MTL\MU-C1\MU-C1_EEM_J_ENV_HVAC_DHW_EEM4_20260602_183952\results
MU-C2,MU-C2,CAN_MTL,0,0,0,0,EEM_J_DEFAULT,136.3685,33.4578,5.6803,33.8878,8.0172,39.0386,8.9918,2.4501,native,7,5860,c:\Users\o_iseri\Desktop\idf_reader\0_BEM_Setup\SimResults_neighbourhoods\option_9_j3_20260602_v2\CAN_MTL\MU-C2\MU-C2_EEM_J_DEFAULT_20260602_184140\MU-C2_EEM_J_DEFAULT_20260602_184140.idf,c:\Users\o_iseri\Desktop\idf_reader\0_BEM_Setup\SimResults_neighbourhoods\option_9_j3_20260602_v2\CAN_MTL\MU-C2\MU-C2_EEM_J_DEFAULT_20260602_184140\results
MU-C2,MU-C2,CAN_MTL,1,0,0,0,EEM_J_ENVELOPE,116.9878,13.2667,6.9293,33.8866,8.0096,39.0386,8.5565,21.6869,tier3,6,5863,c:\Users\o_iseri\Desktop\idf_reader\0_BEM_Setup\SimResults_neighbourhoods\option_9_j3_20260602_v2\CAN_MTL\MU-C2\MU-C2_EEM_J_ENVELOPE_20260602_184201\MU-C2_EEM_J_ENVELOPE_20260602_184201.idf,c:\Users\o_iseri\Desktop\idf_reader\0_BEM_Setup\SimResults_neighbourhoods\option_9_j3_20260602_v2\CAN_MTL\MU-C2\MU-C2_EEM_J_ENVELOPE_20260602_184201\results
MU-C2,MU-C2,CAN_MTL,0,1,0,0,EEM_J_HVAC_ONLY,112.994,10.1684,5.2895,33.8953,8.0355,39.0386,9.3215,21.6879,tier3,4,5888,c:\Users\o_iseri\Desktop\idf_reader\0_BEM_Setup\SimResults_neighbourhoods\option_9_j3_20260602_v2\CAN_MTL\MU-C2\MU-C2_EEM_J_HVAC_ONLY_20260602_184215\MU-C2_EEM_J_HVAC_ONLY_20260602_184215.idf,c:\Users\o_iseri\Desktop\idf_reader\0_BEM_Setup\SimResults_neighbourhoods\option_9_j3_20260602_v2\CAN_MTL\MU-C2\MU-C2_EEM_J_HVAC_ONLY_20260602_184215\results
MU-C2,MU-C2,CAN_MTL,0,0,1,0,EEM_J_DHW_ONLY,114.7804,41.7945,4.9267,4.798,8.0355,39.0386,8.9072,21.6879,tier3,4,6121,c:\Users\o_iseri\Desktop\idf_reader\0_BEM_Setup\SimResults_neighbourhoods\option_9_j3_20260602_v2\CAN_MTL\MU-C2\MU-C2_EEM_J_DHW_ONLY_20260602_184230\MU-C2_EEM_J_DHW_ONLY_20260602_184230.idf,c:\Users\o_iseri\Desktop\idf_reader\0_BEM_Setup\SimResults_neighbourhoods\option_9_j3_20260602_v2\CAN_MTL\MU-C2\MU-C2_EEM_J_DHW_ONLY_20260602_184230\results
MU-C2,MU-C2,CAN_MTL,1,1,0,0,EEM_J_ENV_HVAC,107.5145,2.8684,7.4827,33.8944,8.0096,39.0386,8.9508,21.6869,tier3,5,5895,c:\Users\o_iseri\Desktop\idf_reader\0_BEM_Setup\SimResults_neighbourhoods\option_9_j3_20260602_v2\CAN_MTL\MU-C2\MU-C2_EEM_J_ENV_HVAC_20260602_184234\MU-C2_EEM_J_ENV_HVAC_20260602_184234.idf,c:\Users\o_iseri\Desktop\idf_reader\0_BEM_Setup\SimResults_neighbourhoods\option_9_j3_20260602_v2\CAN_MTL\MU-C2\MU-C2_EEM_J_ENV_HVAC_20260602_184234\results
MU-C2,MU-C2,CAN_MTL,1,0,1,0,EEM_J_ENV_DHW,92.9501,18.1132,6.9085,4.9544,8.0096,39.0386,8.6255,21.6869,tier3,7,6148,c:\Users\o_iseri\Desktop\idf_reader\0_BEM_Setup\SimResults_neighbourhoods\option_9_j3_20260602_v2\CAN_MTL\MU-C2\MU-C2_EEM_J_ENV_DHW_20260602_184256\MU-C2_EEM_J_ENV_DHW_20260602_184256.idf,c:\Users\o_iseri\Desktop\idf_reader\0_BEM_Setup\SimResults_neighbourhoods\option_9_j3_20260602_v2\CAN_MTL\MU-C2\MU-C2_EEM_J_ENV_DHW_20260602_184256\results
MU-C2,MU-C2,CAN_MTL,0,1,1,0,EEM_J_HVAC_DHW,88.9489,15.0467,5.2781,4.907,8.0355,39.0386,9.3971,21.6879,tier3,4,6155,c:\Users\o_iseri\Desktop\idf_reader\0_BEM_Setup\SimResults_neighbourhoods\option_9_j3_20260602_v2\CAN_MTL\MU-C2\MU-C2_EEM_J_HVAC_DHW_20260602_184258\MU-C2_EEM_J_HVAC_DHW_20260602_184258.idf,c:\Users\o_iseri\Desktop\idf_reader\0_BEM_Setup\SimResults_neighbourhoods\option_9_j3_20260602_v2\CAN_MTL\MU-C2\MU-C2_EEM_J_HVAC_DHW_20260602_184258\results
MU-C2,MU-C2,CAN_MTL,1,1,1,0,EEM_J_ENV_HVAC_DHW,83.4567,7.7286,7.4585,4.9289,8.0096,39.0386,9.0226,21.6869,tier3,9,6186,c:\Users\o_iseri\Desktop\idf_reader\0_BEM_Setup\SimResults_neighbourhoods\option_9_j3_20260602_v2\CAN_MTL\MU-C2\MU-C2_EEM_J_ENV_HVAC_DHW_20260602_184310\MU-C2_EEM_J_ENV_HVAC_DHW_20260602_184310.idf,c:\Users\o_iseri\Desktop\idf_reader\0_BEM_Setup\SimResults_neighbourhoods\option_9_j3_20260602_v2\CAN_MTL\MU-C2\MU-C2_EEM_J_ENV_HVAC_DHW_20260602_184310\results
MU-C2,MU-C2,CAN_MTL,0,0,0,1,EEM_J_EEM4_ONLY,125.2195,46.2954,3.4021,33.8879,3.6042,23.1564,7.6369,21.6879,tier3,14,6782,c:\Users\o_iseri\Desktop\idf_reader\0_BEM_Setup\SimResults_neighbourhoods\option_9_j3_20260602_v2\CAN_MTL\MU-C2\MU-C2_EEM_J_EEM4_ONLY_20260602_184321\MU-C2_EEM_J_EEM4_ONLY_20260602_184321.idf,c:\Users\o_iseri\Desktop\idf_reader\0_BEM_Setup\SimResults_neighbourhoods\option_9_j3_20260602_v2\CAN_MTL\MU-C2\MU-C2_EEM_J_EEM4_ONLY_20260602_184321\results
MU-C2,MU-C2,CAN_MTL,1,0,0,1,EEM_J_ENVELOPE_EEM4,96.7203,18.0543,4.0672,33.8879,3.5606,23.1564,6.7445,21.6869,tier3,12,6797,c:\Users\o_iseri\Desktop\idf_reader\0_BEM_Setup\SimResults_neighbourhoods\option_9_j3_20260602_v2\CAN_MTL\MU-C2\MU-C2_EEM_J_ENVELOPE_EEM4_20260602_184323\MU-C2_EEM_J_ENVELOPE_EEM4_20260602_184323.idf,c:\Users\o_iseri\Desktop\idf_reader\0_BEM_Setup\SimResults_neighbourhoods\option_9_j3_20260602_v2\CAN_MTL\MU-C2\MU-C2_EEM_J_ENVELOPE_EEM4_20260602_184323\results
MU-C2,MU-C2,CAN_MTL,0,1,0,1,EEM_J_HVAC_ONLY_EEM4,93.0833,13.5415,3.5793,33.8966,3.6042,23.1564,8.0981,21.6879,tier3,13,6814,c:\Users\o_iseri\Desktop\idf_reader\0_BEM_Setup\SimResults_neighbourhoods\option_9_j3_20260602_v2\CAN_MTL\MU-C2\MU-C2_EEM_J_HVAC_ONLY_EEM4_20260602_184337\MU-C2_EEM_J_HVAC_ONLY_EEM4_20260602_184337.idf,c:\Users\o_iseri\Desktop\idf_reader\0_BEM_Setup\SimResults_neighbourhoods\option_9_j3_20260602_v2\CAN_MTL\MU-C2\MU-C2_EEM_J_HVAC_ONLY_EEM4_20260602_184337\results
MU-C2,MU-C2,CAN_MTL,0,0,1,1,EEM_J_DHW_ONLY_EEM4,101.2283,51.206,3.395,4.9137,3.6042,23.1564,7.7165,21.6879,tier3,14,7070,c:\Users\o_iseri\Desktop\idf_reader\0_BEM_Setup\SimResults_neighbourhoods\option_9_j3_20260602_v2\CAN_MTL\MU-C2\MU-C2_EEM_J_DHW_ONLY_EEM4_20260602_184351\MU-C2_EEM_J_DHW_ONLY_EEM4_20260602_184351.idf,c:\Users\o_iseri\Desktop\idf_reader\0_BEM_Setup\SimResults_neighbourhoods\option_9_j3_20260602_v2\CAN_MTL\MU-C2\MU-C2_EEM_J_DHW_ONLY_EEM4_20260602_184351\results
MU-C2,MU-C2,CAN_MTL,1,1,0,1,EEM_J_ENV_HVAC_EEM4,83.5453,4.2521,4.348,33.8961,3.5606,23.1564,7.1117,21.6869,tier3,14,6824,c:\Users\o_iseri\Desktop\idf_reader\0_BEM_Setup\SimResults_neighbourhoods\option_9_j3_20260602_v2\CAN_MTL\MU-C2\MU-C2_EEM_J_ENV_HVAC_EEM4_20260602_184359\MU-C2_EEM_J_ENV_HVAC_EEM4_20260602_184359.idf,c:\Users\o_iseri\Desktop\idf_reader\0_BEM_Setup\SimResults_neighbourhoods\option_9_j3_20260602_v2\CAN_MTL\MU-C2\MU-C2_EEM_J_ENV_HVAC_EEM4_20260602_184359\results
MU-C2,MU-C2,CAN_MTL,1,0,1,1,EEM_J_ENV_DHW_EEM4,72.7246,22.9416,4.0588,4.9338,3.5606,23.1564,6.8235,21.6869,tier3,12,7084,c:\Users\o_iseri\Desktop\idf_reader\0_BEM_Setup\SimResults_neighbourhoods\option_9_j3_20260602_v2\CAN_MTL\MU-C2\MU-C2_EEM_J_ENV_DHW_EEM4_20260602_184406\MU-C2_EEM_J_ENV_DHW_EEM4_20260602_184406.idf,c:\Users\o_iseri\Desktop\idf_reader\0_BEM_Setup\SimResults_neighbourhoods\option_9_j3_20260602_v2\CAN_MTL\MU-C2\MU-C2_EEM_J_ENV_DHW_EEM4_20260602_184406\results
MU-C2,MU-C2,CAN_MTL,0,1,1,1,EEM_J_HVAC_DHW_EEM4,69.1065,18.4057,3.5707,4.9835,3.6042,23.1564,8.1786,21.6879,tier3,13,7102,c:\Users\o_iseri\Desktop\idf_reader\0_BEM_Setup\SimResults_neighbourhoods\option_9_j3_20260602_v2\CAN_MTL\MU-C2\MU-C2_EEM_J_HVAC_DHW_EEM4_20260602_184421\MU-C2_EEM_J_HVAC_DHW_EEM4_20260602_184421.idf,c:\Users\o_iseri\Desktop\idf_reader\0_BEM_Setup\SimResults_neighbourhoods\option_9_j3_20260602_v2\CAN_MTL\MU-C2\MU-C2_EEM_J_HVAC_DHW_EEM4_20260602_184421\results
MU-C2,MU-C2,CAN_MTL,1,1,1,1,EEM_J_ENV_HVAC_DHW_EEM4,59.5457,9.1038,4.3357,4.9787,3.5606,23.1564,7.1894,21.6869,tier3,14,7116,c:\Users\o_iseri\Desktop\idf_reader\0_BEM_Setup\SimResults_neighbourhoods\option_9_j3_20260602_v2\CAN_MTL\MU-C2\MU-C2_EEM_J_ENV_HVAC_DHW_EEM4_20260602_184435\MU-C2_EEM_J_ENV_HVAC_DHW_EEM4_20260602_184435.idf,c:\Users\o_iseri\Desktop\idf_reader\0_BEM_Setup\SimResults_neighbourhoods\option_9_j3_20260602_v2\CAN_MTL\MU-C2\MU-C2_EEM_J_ENV_HVAC_DHW_EEM4_20260602_184435\results
MU-HC,MU-HC,CAN_MTL,0,0,0,0,EEM_J_DEFAULT,162.5011,52.6445,9.764,45.0824,8.1086,32.1765,9.6753,4.1337,native,7,9331,c:\Users\o_iseri\Desktop\idf_reader\0_BEM_Setup\SimResults_neighbourhoods\option_9_j3_20260602_v2\CAN_MTL\MU-HC\MU-HC_EEM_J_DEFAULT_20260602_184608\MU-HC_EEM_J_DEFAULT_20260602_184608.idf,c:\Users\o_iseri\Desktop\idf_reader\0_BEM_Setup\SimResults_neighbourhoods\option_9_j3_20260602_v2\CAN_MTL\MU-HC\MU-HC_EEM_J_DEFAULT_20260602_184608\results
MU-HC,MU-HC,CAN_MTL,1,0,0,0,EEM_J_ENVELOPE,152.5328,40.3538,11.5458,45.0884,8.0575,32.1765,10.3105,47.1267,tier3,26,9336,c:\Users\o_iseri\Desktop\idf_reader\0_BEM_Setup\SimResults_neighbourhoods\option_9_j3_20260602_v2\CAN_MTL\MU-HC\MU-HC_EEM_J_ENVELOPE_20260602_184624\MU-HC_EEM_J_ENVELOPE_20260602_184624.idf,c:\Users\o_iseri\Desktop\idf_reader\0_BEM_Setup\SimResults_neighbourhoods\option_9_j3_20260602_v2\CAN_MTL\MU-HC\MU-HC_EEM_J_ENVELOPE_20260602_184624\results
MU-HC,MU-HC,CAN_MTL,0,1,0,0,EEM_J_HVAC_ONLY,125.9051,15.0595,10.3223,45.1024,8.1118,32.1765,10.133,47.2478,tier3,10,9826,c:\Users\o_iseri\Desktop\idf_reader\0_BEM_Setup\SimResults_neighbourhoods\option_9_j3_20260602_v2\CAN_MTL\MU-HC\MU-HC_EEM_J_HVAC_ONLY_20260602_184625\MU-HC_EEM_J_HVAC_ONLY_20260602_184625.idf,c:\Users\o_iseri\Desktop\idf_reader\0_BEM_Setup\SimResults_neighbourhoods\option_9_j3_20260602_v2\CAN_MTL\MU-HC\MU-HC_EEM_J_HVAC_ONLY_20260602_184625\results
MU-HC,MU-HC,CAN_MTL,0,0,1,0,EEM_J_DHW_ONLY,131.0828,58.1885,9.4522,8.3985,8.1118,32.1765,9.7091,47.2478,tier3,9,10179,c:\Users\o_iseri\Desktop\idf_reader\0_BEM_Setup\SimResults_neighbourhoods\option_9_j3_20260602_v2\CAN_MTL\MU-HC\MU-HC_EEM_J_DHW_ONLY_20260602_184630\MU-HC_EEM_J_DHW_ONLY_20260602_184630.idf,c:\Users\o_iseri\Desktop\idf_reader\0_BEM_Setup\SimResults_neighbourhoods\option_9_j3_20260602_v2\CAN_MTL\MU-HC\MU-HC_EEM_J_DHW_ONLY_20260602_184630\results
MU-HC,MU-HC,CAN_MTL,1,1,0,0,EEM_J_ENV_HVAC,124.1232,10.648,12.4452,45.1074,8.0575,32.1765,10.7276,47.1267,tier3,30,9845,c:\Users\o_iseri\Desktop\idf_reader\0_BEM_Setup\SimResults_neighbourhoods\option_9_j3_20260602_v2\CAN_MTL\MU-HC\MU-HC_EEM_J_ENV_HVAC_20260602_184635\MU-HC_EEM_J_ENV_HVAC_20260602_184635.idf,c:\Users\o_iseri\Desktop\idf_reader\0_BEM_Setup\SimResults_neighbourhoods\option_9_j3_20260602_v2\CAN_MTL\MU-HC\MU-HC_EEM_J_ENV_HVAC_20260602_184635\results
MU-HC,MU-HC,CAN_MTL,1,0,1,0,EEM_J_ENV_DHW,117.0215,43.0872,10.723,8.4477,8.0583,32.1765,9.6094,47.2465,tier3,17,10207,c:\Users\o_iseri\Desktop\idf_reader\0_BEM_Setup\SimResults_neighbourhoods\option_9_j3_20260602_v2\CAN_MTL\MU-HC\MU-HC_EEM_J_ENV_DHW_20260602_184656\MU-HC_EEM_J_ENV_DHW_20260602_184656.idf,c:\Users\o_iseri\Desktop\idf_reader\0_BEM_Setup\SimResults_neighbourhoods\option_9_j3_20260602_v2\CAN_MTL\MU-HC\MU-HC_EEM_J_ENV_DHW_20260602_184656\results
MU-HC,MU-HC,CAN_MTL,0,1,1,0,EEM_J_HVAC_DHW,94.0803,20.0084,10.2364,8.3256,8.1118,32.1765,10.2212,47.2478,tier3,45,10688,c:\Users\o_iseri\Desktop\idf_reader\0_BEM_Setup\SimResults_neighbourhoods\option_9_j3_20260602_v2\CAN_MTL\MU-HC\MU-HC_EEM_J_HVAC_DHW_20260602_184702\MU-HC_EEM_J_HVAC_DHW_20260602_184702.idf,c:\Users\o_iseri\Desktop\idf_reader\0_BEM_Setup\SimResults_neighbourhoods\option_9_j3_20260602_v2\CAN_MTL\MU-HC\MU-HC_EEM_J_HVAC_DHW_20260602_184702\results
MU-HC,MU-HC,CAN_MTL,1,1,1,0,EEM_J_ENV_HVAC_DHW,92.274,15.5252,12.3469,8.4005,8.0575,32.1765,10.8078,47.1267,tier3,33,10578,c:\Users\o_iseri\Desktop\idf_reader\0_BEM_Setup\SimResults_neighbourhoods\option_9_j3_20260602_v2\CAN_MTL\MU-HC\MU-HC_EEM_J_ENV_HVAC_DHW_20260602_184704\MU-HC_EEM_J_ENV_HVAC_DHW_20260602_184704.idf,c:\Users\o_iseri\Desktop\idf_reader\0_BEM_Setup\SimResults_neighbourhoods\option_9_j3_20260602_v2\CAN_MTL\MU-HC\MU-HC_EEM_J_ENV_HVAC_DHW_20260602_184704\results
MU-HC,MU-HC,CAN_MTL,1,0,0,1,EEM_J_ENVELOPE_EEM4,134.8875,39.4295,8.3944,45.0847,3.7878,24.7577,8.537,47.2465,tier3,24,10626,c:\Users\o_iseri\Desktop\idf_reader\0_BEM_Setup\SimResults_neighbourhoods\option_9_j3_20260602_v2\CAN_MTL\MU-HC\MU-HC_EEM_J_ENVELOPE_EEM4_20260602_184732\MU-HC_EEM_J_ENVELOPE_EEM4_20260602_184732.idf,c:\Users\o_iseri\Desktop\idf_reader\0_BEM_Setup\SimResults_neighbourhoods\option_9_j3_20260602_v2\CAN_MTL\MU-HC\MU-HC_EEM_J_ENVELOPE_EEM4_20260602_184732\results
MU-HC,MU-HC,CAN_MTL,1,1,0,1,EEM_J_ENV_HVAC_EEM4,107.057,10.4608,9.1229,45.1064,3.7878,24.7577,8.9725,47.2465,tier3,46,11145,c:\Users\o_iseri\Desktop\idf_reader\0_BEM_Setup\SimResults_neighbourhoods\option_9_j3_20260602_v2\CAN_MTL\MU-HC\MU-HC_EEM_J_ENV_HVAC_EEM4_20260602_184738\MU-HC_EEM_J_ENV_HVAC_EEM4_20260602_184738.idf,c:\Users\o_iseri\Desktop\idf_reader\0_BEM_Setup\SimResults_neighbourhoods\option_9_j3_20260602_v2\CAN_MTL\MU-HC\MU-HC_EEM_J_ENV_HVAC_EEM4_20260602_184738\results
MU-HC,MU-HC,CAN_MTL,1,0,1,1,EEM_J_ENV_DHW_EEM4,103.3095,44.4816,8.3493,8.4406,3.7878,24.7577,8.5955,47.2465,tier3,22,11489,c:\Users\o_iseri\Desktop\idf_reader\0_BEM_Setup\SimResults_neighbourhoods\option_9_j3_20260602_v2\CAN_MTL\MU-HC\MU-HC_EEM_J_ENV_DHW_EEM4_20260602_184744\MU-HC_EEM_J_ENV_DHW_EEM4_20260602_184744.idf,c:\Users\o_iseri\Desktop\idf_reader\0_BEM_Setup\SimResults_neighbourhoods\option_9_j3_20260602_v2\CAN_MTL\MU-HC\MU-HC_EEM_J_ENV_DHW_EEM4_20260602_184744\results
MU-HC,MU-HC,CAN_MTL,1,1,1,1,EEM_J_ENV_HVAC_DHW_EEM4,77.3445,16.0654,9.6662,8.3569,3.7856,24.7577,9.7834,47.1267,tier3,17,11861,c:\Users\o_iseri\Desktop\idf_reader\0_BEM_Setup\SimResults_neighbourhoods\option_9_j3_20260602_v2\CAN_MTL\MU-HC\MU-HC_EEM_J_ENV_HVAC_DHW_EEM4_20260602_184808\MU-HC_EEM_J_ENV_HVAC_DHW_EEM4_20260602_184808.idf,c:\Users\o_iseri\Desktop\idf_reader\0_BEM_Setup\SimResults_neighbourhoods\option_9_j3_20260602_v2\CAN_MTL\MU-HC\MU-HC_EEM_J_ENV_HVAC_DHW_EEM4_20260602_184808\results
MU-HS,MU-HS,CAN_MTL,0,0,0,0,EEM_J_DEFAULT,197.9648,74.8797,10.5639,41.0021,10.1141,44.3614,10.4771,1.873,native,10,1287,c:\Users\o_iseri\Desktop\idf_reader\0_BEM_Setup\SimResults_neighbourhoods\option_9_j3_20260602_v2\CAN_MTL\MU-HS\MU-HS_EEM_J_DEFAULT_20260602_184817\MU-HS_EEM_J_DEFAULT_20260602_184817.idf,c:\Users\o_iseri\Desktop\idf_reader\0_BEM_Setup\SimResults_neighbourhoods\option_9_j3_20260602_v2\CAN_MTL\MU-HS\MU-HS_EEM_J_DEFAULT_20260602_184817\results
MU-HS,MU-HS,CAN_MTL,1,0,0,0,EEM_J_ENVELOPE,176.1154,53.1639,11.2595,40.7711,10.0727,44.3614,10.2622,81.8621,tier3,24,1330,c:\Users\o_iseri\Desktop\idf_reader\0_BEM_Setup\SimResults_neighbourhoods\option_9_j3_20260602_v2\CAN_MTL\MU-HS\MU-HS_EEM_J_ENVELOPE_20260602_184819\MU-HS_EEM_J_ENVELOPE_20260602_184819.idf,c:\Users\o_iseri\Desktop\idf_reader\0_BEM_Setup\SimResults_neighbourhoods\option_9_j3_20260602_v2\CAN_MTL\MU-HS\MU-HS_EEM_J_ENVELOPE_20260602_184819\results
MU-HS,MU-HS,CAN_MTL,0,1,0,0,EEM_J_HVAC_ONLY,140.917,16.3457,11.0856,41.0396,10.128,44.3614,11.4635,81.8724,tier3,8,1413,c:\Users\o_iseri\Desktop\idf_reader\0_BEM_Setup\SimResults_neighbourhoods\option_9_j3_20260602_v2\CAN_MTL\MU-HS\MU-HS_EEM_J_HVAC_ONLY_20260602_184827\MU-HS_EEM_J_HVAC_ONLY_20260602_184827.idf,c:\Users\o_iseri\Desktop\idf_reader\0_BEM_Setup\SimResults_neighbourhoods\option_9_j3_20260602_v2\CAN_MTL\MU-HS\MU-HS_EEM_J_HVAC_ONLY_20260602_184827\results
MU-HS,MU-HS,CAN_MTL,0,0,1,0,EEM_J_DHW_ONLY,172.4898,77.9785,10.3732,12.5727,10.128,44.3614,10.511,81.8724,tier3,84,2019,c:\Users\o_iseri\Desktop\idf_reader\0_BEM_Setup\SimResults_neighbourhoods\option_9_j3_20260602_v2\CAN_MTL\MU-HS\MU-HS_EEM_J_DHW_ONLY_20260602_184833\MU-HS_EEM_J_DHW_ONLY_20260602_184833.idf,c:\Users\o_iseri\Desktop\idf_reader\0_BEM_Setup\SimResults_neighbourhoods\option_9_j3_20260602_v2\CAN_MTL\MU-HS\MU-HS_EEM_J_DHW_ONLY_20260602_184833\results
MU-HS,MU-HS,CAN_MTL,1,1,0,0,EEM_J_ENV_HVAC,135.2492,10.9907,11.9649,40.8067,10.0727,44.3614,10.889,81.8621,tier3,24,1435,c:\Users\o_iseri\Desktop\idf_reader\0_BEM_Setup\SimResults_neighbourhoods\option_9_j3_20260602_v2\CAN_MTL\MU-HS\MU-HS_EEM_J_ENV_HVAC_20260602_184852\MU-HS_EEM_J_ENV_HVAC_20260602_184852.idf,c:\Users\o_iseri\Desktop\idf_reader\0_BEM_Setup\SimResults_neighbourhoods\option_9_j3_20260602_v2\CAN_MTL\MU-HS\MU-HS_EEM_J_ENV_HVAC_20260602_184852\results
MU-HS,MU-HS,CAN_MTL,1,0,1,0,EEM_J_ENV_DHW,150.2094,55.6856,11.125,12.464,10.0727,44.3614,10.2793,81.8621,tier3,263,2065,c:\Users\o_iseri\Desktop\idf_reader\0_BEM_Setup\SimResults_neighbourhoods\option_9_j3_20260602_v2\CAN_MTL\MU-HS\MU-HS_EEM_J_ENV_DHW_20260602_184937\MU-HS_EEM_J_ENV_DHW_20260602_184937.idf,c:\Users\o_iseri\Desktop\idf_reader\0_BEM_Setup\SimResults_neighbourhoods\option_9_j3_20260602_v2\CAN_MTL\MU-HS\MU-HS_EEM_J_ENV_DHW_20260602_184937\results
MU-HS,MU-HS,CAN_MTL,0,1,1,0,EEM_J_HVAC_DHW,114.9142,18.8853,10.9474,12.5594,10.128,44.3614,11.5384,81.8724,tier3,34,2141,c:\Users\o_iseri\Desktop\idf_reader\0_BEM_Setup\SimResults_neighbourhoods\option_9_j3_20260602_v2\CAN_MTL\MU-HS\MU-HS_EEM_J_HVAC_DHW_20260602_184940\MU-HS_EEM_J_HVAC_DHW_20260602_184940.idf,c:\Users\o_iseri\Desktop\idf_reader\0_BEM_Setup\SimResults_neighbourhoods\option_9_j3_20260602_v2\CAN_MTL\MU-HS\MU-HS_EEM_J_HVAC_DHW_20260602_184940\results
MU-HS,MU-HS,CAN_MTL,1,1,1,0,EEM_J_ENV_HVAC_DHW,109.2541,13.4704,11.8,12.4646,10.0727,44.3614,10.9255,81.8621,tier3,212,2170,c:\Users\o_iseri\Desktop\idf_reader\0_BEM_Setup\SimResults_neighbourhoods\option_9_j3_20260602_v2\CAN_MTL\MU-HS\MU-HS_EEM_J_ENV_HVAC_DHW_20260602_184941\MU-HS_EEM_J_ENV_HVAC_DHW_20260602_184941.idf,c:\Users\o_iseri\Desktop\idf_reader\0_BEM_Setup\SimResults_neighbourhoods\option_9_j3_20260602_v2\CAN_MTL\MU-HS\MU-HS_EEM_J_ENV_HVAC_DHW_20260602_184941\results
MU-HS,MU-HS,CAN_MTL,1,0,0,1,EEM_J_ENVELOPE_EEM4,162.7881,55.7167,9.2944,40.7906,4.9005,36.0414,9.8288,81.8621,tier3,17,1756,c:\Users\o_iseri\Desktop\idf_reader\0_BEM_Setup\SimResults_neighbourhoods\option_9_j3_20260602_v2\CAN_MTL\MU-HS\MU-HS_EEM_J_ENVELOPE_EEM4_20260602_185018\MU-HS_EEM_J_ENVELOPE_EEM4_20260602_185018.idf,c:\Users\o_iseri\Desktop\idf_reader\0_BEM_Setup\SimResults_neighbourhoods\option_9_j3_20260602_v2\CAN_MTL\MU-HS\MU-HS_EEM_J_ENVELOPE_EEM4_20260602_185018\results
MU-HS,MU-HS,CAN_MTL,1,1,0,1,EEM_J_ENV_HVAC_EEM4,120.0806,11.8135,9.7411,40.8249,4.9005,36.0414,10.6046,81.8621,tier3,16,1849,c:\Users\o_iseri\Desktop\idf_reader\0_BEM_Setup\SimResults_neighbourhoods\option_9_j3_20260602_v2\CAN_MTL\MU-HS\MU-HS_EEM_J_ENV_HVAC_EEM4_20260602_185053\MU-HS_EEM_J_ENV_HVAC_EEM4_20260602_185053.idf,c:\Users\o_iseri\Desktop\idf_reader\0_BEM_Setup\SimResults_neighbourhoods\option_9_j3_20260602_v2\CAN_MTL\MU-HS\MU-HS_EEM_J_ENV_HVAC_EEM4_20260602_185053\results
MU-HS,MU-HS,CAN_MTL,1,0,1,1,EEM_J_ENV_DHW_EEM4,136.928,58.2811,9.1714,12.4716,4.9005,36.0414,9.8479,81.8621,tier3,130,2492,c:\Users\o_iseri\Desktop\idf_reader\0_BEM_Setup\SimResults_neighbourhoods\option_9_j3_20260602_v2\CAN_MTL\MU-HS\MU-HS_EEM_J_ENV_DHW_EEM4_20260602_185102\MU-HS_EEM_J_ENV_DHW_EEM4_20260602_185102.idf,c:\Users\o_iseri\Desktop\idf_reader\0_BEM_Setup\SimResults_neighbourhoods\option_9_j3_20260602_v2\CAN_MTL\MU-HS\MU-HS_EEM_J_ENV_DHW_EEM4_20260602_185102\results
MU-HS,MU-HS,CAN_MTL,1,1,1,1,EEM_J_ENV_HVAC_DHW_EEM4,94.0939,14.2957,9.5773,12.4867,4.9005,36.0414,10.6404,81.8621,tier3,91,2581,c:\Users\o_iseri\Desktop\idf_reader\0_BEM_Setup\SimResults_neighbourhoods\option_9_j3_20260602_v2\CAN_MTL\MU-HS\MU-HS_EEM_J_ENV_HVAC_DHW_EEM4_20260602_185106\MU-HS_EEM_J_ENV_HVAC_DHW_EEM4_20260602_185106.idf,c:\Users\o_iseri\Desktop\idf_reader\0_BEM_Setup\SimResults_neighbourhoods\option_9_j3_20260602_v2\CAN_MTL\MU-HS\MU-HS_EEM_J_ENV_HVAC_DHW_EEM4_20260602_185106\results
MU-L,MU-L,CAN_MTL,0,0,0,0,EEM_J_DEFAULT,158.6039,47.7107,8.2037,43.6806,7.3566,37.3374,9.5341,0.0,native,2,5380,c:\Users\o_iseri\Desktop\idf_reader\0_BEM_Setup\SimResults_neighbourhoods\option_9_j3_20260602_v2\CAN_MTL\MU-L\MU-L_EEM_J_DEFAULT_20260602_185112\MU-L_EEM_J_DEFAULT_20260602_185112.idf,c:\Users\o_iseri\Desktop\idf_reader\0_BEM_Setup\SimResults_neighbourhoods\option_9_j3_20260602_v2\CAN_MTL\MU-L\MU-L_EEM_J_DEFAULT_20260602_185112\results
MU-L,MU-L,CAN_MTL,1,0,0,0,EEM_J_ENVELOPE,140.8606,30.2153,8.8834,43.6452,7.3406,37.3374,8.6585,77.2731,tier3,5,5352,c:\Users\o_iseri\Desktop\idf_reader\0_BEM_Setup\SimResults_neighbourhoods\option_9_j3_20260602_v2\CAN_MTL\MU-L\MU-L_EEM_J_ENVELOPE_20260602_185116\MU-L_EEM_J_ENVELOPE_20260602_185116.idf,c:\Users\o_iseri\Desktop\idf_reader\0_BEM_Setup\SimResults_neighbourhoods\option_9_j3_20260602_v2\CAN_MTL\MU-L\MU-L_EEM_J_ENVELOPE_20260602_185116\results
MU-L,MU-L,CAN_MTL,0,1,0,0,EEM_J_HVAC_ONLY,131.2101,18.52,9.5191,43.7224,7.359,37.3374,10.0497,77.2731,tier3,2,5658,c:\Users\o_iseri\Desktop\idf_reader\0_BEM_Setup\SimResults_neighbourhoods\option_9_j3_20260602_v2\CAN_MTL\MU-L\MU-L_EEM_J_HVAC_ONLY_20260602_185123\MU-L_EEM_J_HVAC_ONLY_20260602_185123.idf,c:\Users\o_iseri\Desktop\idf_reader\0_BEM_Setup\SimResults_neighbourhoods\option_9_j3_20260602_v2\CAN_MTL\MU-L\MU-L_EEM_J_HVAC_ONLY_20260602_185123\results
MU-L,MU-L,CAN_MTL,0,0,1,0,EEM_J_DHW_ONLY,131.1741,49.6447,8.0167,14.4764,7.359,37.3374,9.5587,77.2731,tier3,10,6807,c:\Users\o_iseri\Desktop\idf_reader\0_BEM_Setup\SimResults_neighbourhoods\option_9_j3_20260602_v2\CAN_MTL\MU-L\MU-L_EEM_J_DHW_ONLY_20260602_185124\MU-L_EEM_J_DHW_ONLY_20260602_185124.idf,c:\Users\o_iseri\Desktop\idf_reader\0_BEM_Setup\SimResults_neighbourhoods\option_9_j3_20260602_v2\CAN_MTL\MU-L\MU-L_EEM_J_DHW_ONLY_20260602_185124\results
MU-L,MU-L,CAN_MTL,1,1,0,0,EEM_J_ENV_HVAC,122.6741,10.5399,10.2068,43.6869,7.3406,37.3374,8.863,77.2731,tier3,3,5652,c:\Users\o_iseri\Desktop\idf_reader\0_BEM_Setup\SimResults_neighbourhoods\option_9_j3_20260602_v2\CAN_MTL\MU-L\MU-L_EEM_J_ENV_HVAC_20260602_185206\MU-L_EEM_J_ENV_HVAC_20260602_185206.idf,c:\Users\o_iseri\Desktop\idf_reader\0_BEM_Setup\SimResults_neighbourhoods\option_9_j3_20260602_v2\CAN_MTL\MU-L\MU-L_EEM_J_ENV_HVAC_20260602_185206\results
MU-L,MU-L,CAN_MTL,1,0,1,0,EEM_J_ENV_DHW,113.0752,31.9495,8.668,14.3319,7.3406,37.3374,8.6672,77.2731,tier3,16,6799,c:\Users\o_iseri\Desktop\idf_reader\0_BEM_Setup\SimResults_neighbourhoods\option_9_j3_20260602_v2\CAN_MTL\MU-L\MU-L_EEM_J_ENV_DHW_20260602_185223\MU-L_EEM_J_ENV_DHW_20260602_185223.idf,c:\Users\o_iseri\Desktop\idf_reader\0_BEM_Setup\SimResults_neighbourhoods\option_9_j3_20260602_v2\CAN_MTL\MU-L\MU-L_EEM_J_ENV_DHW_20260602_185223\results
MU-L,MU-L,CAN_MTL,0,1,1,0,EEM_J_HVAC_DHW,103.4491,20.1605,9.3037,14.4757,7.359,37.3374,10.1099,77.2731,tier3,12,7113,c:\Users\o_iseri\Desktop\idf_reader\0_BEM_Setup\SimResults_neighbourhoods\option_9_j3_20260602_v2\CAN_MTL\MU-L\MU-L_EEM_J_HVAC_DHW_20260602_185226\MU-L_EEM_J_HVAC_DHW_20260602_185226.idf,c:\Users\o_iseri\Desktop\idf_reader\0_BEM_Setup\SimResults_neighbourhoods\option_9_j3_20260602_v2\CAN_MTL\MU-L\MU-L_EEM_J_HVAC_DHW_20260602_185226\results
MU-L,MU-L,CAN_MTL,1,1,1,0,EEM_J_ENV_HVAC_DHW,94.7409,12.1427,9.9476,14.3734,7.3406,37.3374,8.899,77.2731,tier3,37,7107,c:\Users\o_iseri\Desktop\idf_reader\0_BEM_Setup\SimResults_neighbourhoods\option_9_j3_20260602_v2\CAN_MTL\MU-L\MU-L_EEM_J_ENV_HVAC_DHW_20260602_185230\MU-L_EEM_J_ENV_HVAC_DHW_20260602_185230.idf,c:\Users\o_iseri\Desktop\idf_reader\0_BEM_Setup\SimResults_neighbourhoods\option_9_j3_20260602_v2\CAN_MTL\MU-L\MU-L_EEM_J_ENV_HVAC_DHW_20260602_185230\results
MU-L,MU-L,CAN_MTL,1,0,0,1,EEM_J_ENVELOPE_EEM4,128.6172,33.9953,6.691,43.6599,3.0786,28.8515,7.5623,77.2731,tier3,6,6219,c:\Users\o_iseri\Desktop\idf_reader\0_BEM_Setup\SimResults_neighbourhoods\option_9_j3_20260602_v2\CAN_MTL\MU-L\MU-L_EEM_J_ENVELOPE_EEM4_20260602_185313\MU-L_EEM_J_ENVELOPE_EEM4_20260602_185313.idf,c:\Users\o_iseri\Desktop\idf_reader\0_BEM_Setup\SimResults_neighbourhoods\option_9_j3_20260602_v2\CAN_MTL\MU-L\MU-L_EEM_J_ENVELOPE_EEM4_20260602_185313\results
MU-L,MU-L,CAN_MTL,1,1,0,1,EEM_J_ENV_HVAC_EEM4,107.8461,11.9231,7.6205,43.7092,3.0786,28.8515,7.9671,77.2731,tier3,6,6522,c:\Users\o_iseri\Desktop\idf_reader\0_BEM_Setup\SimResults_neighbourhoods\option_9_j3_20260602_v2\CAN_MTL\MU-L\MU-L_EEM_J_ENV_HVAC_EEM4_20260602_185323\MU-L_EEM_J_ENV_HVAC_EEM4_20260602_185323.idf,c:\Users\o_iseri\Desktop\idf_reader\0_BEM_Setup\SimResults_neighbourhoods\option_9_j3_20260602_v2\CAN_MTL\MU-L\MU-L_EEM_J_ENV_HVAC_EEM4_20260602_185323\results
MU-L,MU-L,CAN_MTL,1,0,1,1,EEM_J_ENV_DHW_EEM4,100.9925,35.8249,6.5057,14.354,3.0786,28.8515,7.5988,77.2731,tier3,11,7678,c:\Users\o_iseri\Desktop\idf_reader\0_BEM_Setup\SimResults_neighbourhoods\option_9_j3_20260602_v2\CAN_MTL\MU-L\MU-L_EEM_J_ENV_DHW_EEM4_20260602_185330\MU-L_EEM_J_ENV_DHW_EEM4_20260602_185330.idf,c:\Users\o_iseri\Desktop\idf_reader\0_BEM_Setup\SimResults_neighbourhoods\option_9_j3_20260602_v2\CAN_MTL\MU-L\MU-L_EEM_J_ENV_DHW_EEM4_20260602_185330\results
MU-L,MU-L,CAN_MTL,1,1,1,1,EEM_J_ENV_HVAC_DHW_EEM4,79.9973,13.5478,7.3867,14.4058,3.0786,28.8515,8.0306,77.2731,tier3,22,7982,c:\Users\o_iseri\Desktop\idf_reader\0_BEM_Setup\SimResults_neighbourhoods\option_9_j3_20260602_v2\CAN_MTL\MU-L\MU-L_EEM_J_ENV_HVAC_DHW_EEM4_20260602_185342\MU-L_EEM_J_ENV_HVAC_DHW_EEM4_20260602_185342.idf,c:\Users\o_iseri\Desktop\idf_reader\0_BEM_Setup\SimResults_neighbourhoods\option_9_j3_20260602_v2\CAN_MTL\MU-L\MU-L_EEM_J_ENV_HVAC_DHW_EEM4_20260602_185342\results
MU-S1,MU-S1,CAN_MTL,0,0,0,0,EEM_J_DEFAULT,192.9789,58.3816,9.3863,43.4732,18.1103,40.6813,9.8869,2.7652,native,6,7731,c:\Users\o_iseri\Desktop\idf_reader\0_BEM_Setup\SimResults_neighbourhoods\option_9_j3_20260602_v2\CAN_MTL\MU-S1\MU-S1_EEM_J_DEFAULT_20260602_185351\MU-S1_EEM_J_DEFAULT_20260602_185351.idf,c:\Users\o_iseri\Desktop\idf_reader\0_BEM_Setup\SimResults_neighbourhoods\option_9_j3_20260602_v2\CAN_MTL\MU-S1\MU-S1_EEM_J_DEFAULT_20260602_185351\results
MU-S1,MU-S1,CAN_MTL,1,0,0,0,EEM_J_ENVELOPE,181.9284,46.1789,10.8533,43.47,18.0521,40.6813,9.6257,73.909,tier3,9,7755,c:\Users\o_iseri\Desktop\idf_reader\0_BEM_Setup\SimResults_neighbourhoods\option_9_j3_20260602_v2\CAN_MTL\MU-S1\MU-S1_EEM_J_ENVELOPE_20260602_185352\MU-S1_EEM_J_ENVELOPE_20260602_185352.idf,c:\Users\o_iseri\Desktop\idf_reader\0_BEM_Setup\SimResults_neighbourhoods\option_9_j3_20260602_v2\CAN_MTL\MU-S1\MU-S1_EEM_J_ENVELOPE_20260602_185352\results
MU-S1,MU-S1,CAN_MTL,0,1,0,0,EEM_J_HVAC_ONLY,153.45,18.046,9.3495,43.5163,18.166,40.6813,10.6561,74.128,tier3,6,8492,c:\Users\o_iseri\Desktop\idf_reader\0_BEM_Setup\SimResults_neighbourhoods\option_9_j3_20260602_v2\CAN_MTL\MU-S1\MU-S1_EEM_J_HVAC_ONLY_20260602_185359\MU-S1_EEM_J_HVAC_ONLY_20260602_185359.idf,c:\Users\o_iseri\Desktop\idf_reader\0_BEM_Setup\SimResults_neighbourhoods\option_9_j3_20260602_v2\CAN_MTL\MU-S1\MU-S1_EEM_J_HVAC_ONLY_20260602_185359\results
MU-S1,MU-S1,CAN_MTL,0,0,1,0,EEM_J_DHW_ONLY,164.5771,61.8708,9.0741,11.9047,18.166,40.6813,9.8174,74.128,tier3,16,9569,c:\Users\o_iseri\Desktop\idf_reader\0_BEM_Setup\SimResults_neighbourhoods\option_9_j3_20260602_v2\CAN_MTL\MU-S1\MU-S1_EEM_J_DHW_ONLY_20260602_185407\MU-S1_EEM_J_DHW_ONLY_20260602_185407.idf,c:\Users\o_iseri\Desktop\idf_reader\0_BEM_Setup\SimResults_neighbourhoods\option_9_j3_20260602_v2\CAN_MTL\MU-S1\MU-S1_EEM_J_DHW_ONLY_20260602_185407\results
MU-S1,MU-S1,CAN_MTL,1,1,0,0,EEM_J_ENV_HVAC,150.5129,13.9823,10.8793,43.512,18.0521,40.6813,10.3761,73.909,tier3,15,8508,c:\Users\o_iseri\Desktop\idf_reader\0_BEM_Setup\SimResults_neighbourhoods\option_9_j3_20260602_v2\CAN_MTL\MU-S1\MU-S1_EEM_J_ENV_HVAC_20260602_185407\MU-S1_EEM_J_ENV_HVAC_20260602_185407.idf,c:\Users\o_iseri\Desktop\idf_reader\0_BEM_Setup\SimResults_neighbourhoods\option_9_j3_20260602_v2\CAN_MTL\MU-S1\MU-S1_EEM_J_ENV_HVAC_20260602_185407\results
MU-S1,MU-S1,CAN_MTL,1,0,1,0,EEM_J_ENV_DHW,151.4177,48.525,10.0681,11.8369,18.0524,40.6813,9.1418,74.1279,tier3,37,9602,c:\Users\o_iseri\Desktop\idf_reader\0_BEM_Setup\SimResults_neighbourhoods\option_9_j3_20260602_v2\CAN_MTL\MU-S1\MU-S1_EEM_J_ENV_DHW_20260602_185515\MU-S1_EEM_J_ENV_DHW_20260602_185515.idf,c:\Users\o_iseri\Desktop\idf_reader\0_BEM_Setup\SimResults_neighbourhoods\option_9_j3_20260602_v2\CAN_MTL\MU-S1\MU-S1_EEM_J_ENV_DHW_20260602_185515\results
MU-S1,MU-S1,CAN_MTL,0,1,1,0,EEM_J_HVAC_DHW,125.3559,21.6808,9.1592,11.893,18.166,40.6813,10.7375,74.128,tier3,17,10328,c:\Users\o_iseri\Desktop\idf_reader\0_BEM_Setup\SimResults_neighbourhoods\option_9_j3_20260602_v2\CAN_MTL\MU-S1\MU-S1_EEM_J_HVAC_DHW_20260602_185525\MU-S1_EEM_J_HVAC_DHW_20260602_185525.idf,c:\Users\o_iseri\Desktop\idf_reader\0_BEM_Setup\SimResults_neighbourhoods\option_9_j3_20260602_v2\CAN_MTL\MU-S1\MU-S1_EEM_J_HVAC_DHW_20260602_185525\results
MU-S1,MU-S1,CAN_MTL,1,1,1,0,EEM_J_ENV_HVAC_DHW,122.3914,17.5643,10.6616,11.9604,18.0521,40.6813,10.4443,73.909,tier3,34,10061,c:\Users\o_iseri\Desktop\idf_reader\0_BEM_Setup\SimResults_neighbourhoods\option_9_j3_20260602_v2\CAN_MTL\MU-S1\MU-S1_EEM_J_ENV_HVAC_DHW_20260602_185539\MU-S1_EEM_J_ENV_HVAC_DHW_20260602_185539.idf,c:\Users\o_iseri\Desktop\idf_reader\0_BEM_Setup\SimResults_neighbourhoods\option_9_j3_20260602_v2\CAN_MTL\MU-S1\MU-S1_EEM_J_ENV_HVAC_DHW_20260602_185539\results
MU-S1,MU-S1,CAN_MTL,1,0,0,1,EEM_J_ENVELOPE_EEM4,159.3613,47.0598,6.8084,43.4672,8.3719,32.4675,8.1432,74.1279,tier3,16,9135,c:\Users\o_iseri\Desktop\idf_reader\0_BEM_Setup\SimResults_neighbourhoods\option_9_j3_20260602_v2\CAN_MTL\MU-S1\MU-S1_EEM_J_ENVELOPE_EEM4_20260602_185539\MU-S1_EEM_J_ENVELOPE_EEM4_20260602_185539.idf,c:\Users\o_iseri\Desktop\idf_reader\0_BEM_Setup\SimResults_neighbourhoods\option_9_j3_20260602_v2\CAN_MTL\MU-S1\MU-S1_EEM_J_ENVELOPE_EEM4_20260602_185539\results
MU-S1,MU-S1,CAN_MTL,1,1,0,1,EEM_J_ENV_HVAC_EEM4,126.4858,13.2567,6.83,43.5219,8.3719,32.4675,9.0237,74.1279,tier3,18,9888,c:\Users\o_iseri\Desktop\idf_reader\0_BEM_Setup\SimResults_neighbourhoods\option_9_j3_20260602_v2\CAN_MTL\MU-S1\MU-S1_EEM_J_ENV_HVAC_EEM4_20260602_185549\MU-S1_EEM_J_ENV_HVAC_EEM4_20260602_185549.idf,c:\Users\o_iseri\Desktop\idf_reader\0_BEM_Setup\SimResults_neighbourhoods\option_9_j3_20260602_v2\CAN_MTL\MU-S1\MU-S1_EEM_J_ENV_HVAC_EEM4_20260602_185549\results
MU-S1,MU-S1,CAN_MTL,1,0,1,1,EEM_J_ENV_DHW_EEM4,131.4161,50.8421,6.6407,11.8474,8.3719,32.4675,8.2039,74.1279,tier3,21,10972,c:\Users\o_iseri\Desktop\idf_reader\0_BEM_Setup\SimResults_neighbourhoods\option_9_j3_20260602_v2\CAN_MTL\MU-S1\MU-S1_EEM_J_ENV_DHW_EEM4_20260602_185555\MU-S1_EEM_J_ENV_DHW_EEM4_20260602_185555.idf,c:\Users\o_iseri\Desktop\idf_reader\0_BEM_Setup\SimResults_neighbourhoods\option_9_j3_20260602_v2\CAN_MTL\MU-S1\MU-S1_EEM_J_ENV_DHW_EEM4_20260602_185555\results
MU-S1,MU-S1,CAN_MTL,1,1,1,1,EEM_J_ENV_HVAC_DHW_EEM4,100.214,17.633,7.2042,11.9658,8.371,32.4675,9.5976,73.909,tier3,40,11476,c:\Users\o_iseri\Desktop\idf_reader\0_BEM_Setup\SimResults_neighbourhoods\option_9_j3_20260602_v2\CAN_MTL\MU-S1\MU-S1_EEM_J_ENV_HVAC_DHW_EEM4_20260602_185601\MU-S1_EEM_J_ENV_HVAC_DHW_EEM4_20260602_185601.idf,c:\Users\o_iseri\Desktop\idf_reader\0_BEM_Setup\SimResults_neighbourhoods\option_9_j3_20260602_v2\CAN_MTL\MU-S1\MU-S1_EEM_J_ENV_HVAC_DHW_EEM4_20260602_185601\results
MU-S2,MU-S2,CAN_MTL,0,0,0,0,EEM_J_DEFAULT,186.5831,50.8377,9.9214,44.1536,21.5337,32.4871,10.8546,0.9021,native,2,5281,c:\Users\o_iseri\Desktop\idf_reader\0_BEM_Setup\SimResults_neighbourhoods\option_9_j3_20260602_v2\CAN_MTL\MU-S2\MU-S2_EEM_J_DEFAULT_20260602_185612\MU-S2_EEM_J_DEFAULT_20260602_185612.idf,c:\Users\o_iseri\Desktop\idf_reader\0_BEM_Setup\SimResults_neighbourhoods\option_9_j3_20260602_v2\CAN_MTL\MU-S2\MU-S2_EEM_J_DEFAULT_20260602_185612\results
MU-S2,MU-S2,CAN_MTL,1,0,0,0,EEM_J_ENVELOPE,177.1879,40.6203,11.5266,44.1249,21.5228,32.4871,10.0332,100.1567,tier3,2,5312,c:\Users\o_iseri\Desktop\idf_reader\0_BEM_Setup\SimResults_neighbourhoods\option_9_j3_20260602_v2\CAN_MTL\MU-S2\MU-S2_EEM_J_ENVELOPE_20260602_185622\MU-S2_EEM_J_ENVELOPE_20260602_185622.idf,c:\Users\o_iseri\Desktop\idf_reader\0_BEM_Setup\SimResults_neighbourhoods\option_9_j3_20260602_v2\CAN_MTL\MU-S2\MU-S2_EEM_J_ENVELOPE_20260602_185622\results
MU-S2,MU-S2,CAN_MTL,0,1,0,0,EEM_J_HVAC_ONLY,151.116,14.1837,10.1452,44.1963,21.6256,32.4871,11.6626,100.1567,tier3,2,5686,c:\Users\o_iseri\Desktop\idf_reader\0_BEM_Setup\SimResults_neighbourhoods\option_9_j3_20260602_v2\CAN_MTL\MU-S2\MU-S2_EEM_J_HVAC_ONLY_20260602_185646\MU-S2_EEM_J_HVAC_ONLY_20260602_185646.idf,c:\Users\o_iseri\Desktop\idf_reader\0_BEM_Setup\SimResults_neighbourhoods\option_9_j3_20260602_v2\CAN_MTL\MU-S2\MU-S2_EEM_J_HVAC_ONLY_20260602_185646\results
MU-S2,MU-S2,CAN_MTL,0,0,1,0,EEM_J_DHW_ONLY,161.0499,54.6281,9.5616,15.1615,21.6256,32.4871,10.7924,100.1567,tier3,6,7033,c:\Users\o_iseri\Desktop\idf_reader\0_BEM_Setup\SimResults_neighbourhoods\option_9_j3_20260602_v2\CAN_MTL\MU-S2\MU-S2_EEM_J_DHW_ONLY_20260602_185655\MU-S2_EEM_J_DHW_ONLY_20260602_185655.idf,c:\Users\o_iseri\Desktop\idf_reader\0_BEM_Setup\SimResults_neighbourhoods\option_9_j3_20260602_v2\CAN_MTL\MU-S2\MU-S2_EEM_J_DHW_ONLY_20260602_185655\results
MU-S2,MU-S2,CAN_MTL,1,1,0,0,EEM_J_ENV_HVAC,147.9581,10.5495,11.618,44.1643,21.5228,32.4871,10.7438,100.1567,tier3,2,5717,c:\Users\o_iseri\Desktop\idf_reader\0_BEM_Setup\SimResults_neighbourhoods\option_9_j3_20260602_v2\CAN_MTL\MU-S2\MU-S2_EEM_J_ENV_HVAC_20260602_185724\MU-S2_EEM_J_ENV_HVAC_20260602_185724.idf,c:\Users\o_iseri\Desktop\idf_reader\0_BEM_Setup\SimResults_neighbourhoods\option_9_j3_20260602_v2\CAN_MTL\MU-S2\MU-S2_EEM_J_ENV_HVAC_20260602_185724\results
MU-S2,MU-S2,CAN_MTL,1,0,1,0,EEM_J_ENV_DHW,150.7522,43.3787,11.3253,15.0938,21.5228,32.4871,10.0715,100.1567,tier3,18,7046,c:\Users\o_iseri\Desktop\idf_reader\0_BEM_Setup\SimResults_neighbourhoods\option_9_j3_20260602_v2\CAN_MTL\MU-S2\MU-S2_EEM_J_ENV_DHW_20260602_185735\MU-S2_EEM_J_ENV_DHW_20260602_185735.idf,c:\Users\o_iseri\Desktop\idf_reader\0_BEM_Setup\SimResults_neighbourhoods\option_9_j3_20260602_v2\CAN_MTL\MU-S2\MU-S2_EEM_J_ENV_DHW_20260602_185735\results
MU-S2,MU-S2,CAN_MTL,0,1,1,0,EEM_J_HVAC_DHW,124.6183,16.8265,9.9383,15.1835,21.6256,32.4871,11.7419,100.1567,tier3,9,7428,c:\Users\o_iseri\Desktop\idf_reader\0_BEM_Setup\SimResults_neighbourhoods\option_9_j3_20260602_v2\CAN_MTL\MU-S2\MU-S2_EEM_J_HVAC_DHW_20260602_185736\MU-S2_EEM_J_HVAC_DHW_20260602_185736.idf,c:\Users\o_iseri\Desktop\idf_reader\0_BEM_Setup\SimResults_neighbourhoods\option_9_j3_20260602_v2\CAN_MTL\MU-S2\MU-S2_EEM_J_HVAC_DHW_20260602_185736\results
MU-S2,MU-S2,CAN_MTL,1,1,1,0,EEM_J_ENV_HVAC_DHW,121.3596,13.1319,11.3689,15.1719,21.5228,32.4871,10.8044,100.1567,tier3,24,7445,c:\Users\o_iseri\Desktop\idf_reader\0_BEM_Setup\SimResults_neighbourhoods\option_9_j3_20260602_v2\CAN_MTL\MU-S2\MU-S2_EEM_J_ENV_HVAC_DHW_20260602_185747\MU-S2_EEM_J_ENV_HVAC_DHW_20260602_185747.idf,c:\Users\o_iseri\Desktop\idf_reader\0_BEM_Setup\SimResults_neighbourhoods\option_9_j3_20260602_v2\CAN_MTL\MU-S2\MU-S2_EEM_J_ENV_HVAC_DHW_20260602_185747\results
MU-S2,MU-S2,CAN_MTL,1,0,0,1,EEM_J_ENVELOPE_EEM4,157.3237,45.1555,7.4219,44.1351,9.8944,24.6079,9.3434,100.1567,tier3,2,6403,c:\Users\o_iseri\Desktop\idf_reader\0_BEM_Setup\SimResults_neighbourhoods\option_9_j3_20260602_v2\CAN_MTL\MU-S2\MU-S2_EEM_J_ENVELOPE_EEM4_20260602_185826\MU-S2_EEM_J_ENVELOPE_EEM4_20260602_185826.idf,c:\Users\o_iseri\Desktop\idf_reader\0_BEM_Setup\SimResults_neighbourhoods\option_9_j3_20260602_v2\CAN_MTL\MU-S2\MU-S2_EEM_J_ENVELOPE_EEM4_20260602_185826\results
MU-S2,MU-S2,CAN_MTL,1,1,0,1,EEM_J_ENV_HVAC_EEM4,124.562,11.1627,7.6851,44.186,9.8944,24.6079,10.2415,100.1567,tier3,2,6798,c:\Users\o_iseri\Desktop\idf_reader\0_BEM_Setup\SimResults_neighbourhoods\option_9_j3_20260602_v2\CAN_MTL\MU-S2\MU-S2_EEM_J_ENV_HVAC_EEM4_20260602_185830\MU-S2_EEM_J_ENV_HVAC_EEM4_20260602_185830.idf,c:\Users\o_iseri\Desktop\idf_reader\0_BEM_Setup\SimResults_neighbourhoods\option_9_j3_20260602_v2\CAN_MTL\MU-S2\MU-S2_EEM_J_ENV_HVAC_EEM4_20260602_185830\results
MU-S2,MU-S2,CAN_MTL,1,0,1,1,EEM_J_ENV_DHW_EEM4,130.9807,47.9671,7.2334,15.1286,9.8944,24.6079,9.3839,100.1567,tier3,13,8152,c:\Users\o_iseri\Desktop\idf_reader\0_BEM_Setup\SimResults_neighbourhoods\option_9_j3_20260602_v2\CAN_MTL\MU-S2\MU-S2_EEM_J_ENV_DHW_EEM4_20260602_185839\MU-S2_EEM_J_ENV_DHW_EEM4_20260602_185839.idf,c:\Users\o_iseri\Desktop\idf_reader\0_BEM_Setup\SimResults_neighbourhoods\option_9_j3_20260602_v2\CAN_MTL\MU-S2\MU-S2_EEM_J_ENV_DHW_EEM4_20260602_185839\results
MU-S2,MU-S2,CAN_MTL,1,1,1,1,EEM_J_ENV_HVAC_DHW_EEM4,97.9415,13.7288,7.4434,15.1831,9.8944,24.6079,10.2999,100.1567,tier3,20,8548,c:\Users\o_iseri\Desktop\idf_reader\0_BEM_Setup\SimResults_neighbourhoods\option_9_j3_20260602_v2\CAN_MTL\MU-S2\MU-S2_EEM_J_ENV_HVAC_DHW_EEM4_20260602_185853\MU-S2_EEM_J_ENV_HVAC_DHW_EEM4_20260602_185853.idf,c:\Users\o_iseri\Desktop\idf_reader\0_BEM_Setup\SimResults_neighbourhoods\option_9_j3_20260602_v2\CAN_MTL\MU-S2\MU-S2_EEM_J_ENV_HVAC_DHW_EEM4_20260602_185853\results
MU-U1,MU-U1,CAN_MTL,0,0,0,0,EEM_J_DEFAULT,119.8263,28.2717,5.2422,28.2705,7.5806,35.8722,8.631,2.2702,native,2,5006,c:\Users\o_iseri\Desktop\idf_reader\0_BEM_Setup\SimResults_neighbourhoods\option_9_j3_20260602_v2\CAN_MTL\MU-U1\MU-U1_EEM_J_DEFAULT_20260602_185912\MU-U1_EEM_J_DEFAULT_20260602_185912.idf,c:\Users\o_iseri\Desktop\idf_reader\0_BEM_Setup\SimResults_neighbourhoods\option_9_j3_20260602_v2\CAN_MTL\MU-U1\MU-U1_EEM_J_DEFAULT_20260602_185912\results
MU-U1,MU-U1,CAN_MTL,1,0,0,0,EEM_J_ENVELOPE,99.4444,7.0916,6.5688,28.2713,7.5784,35.8722,8.0978,20.4701,tier3,3,5009,c:\Users\o_iseri\Desktop\idf_reader\0_BEM_Setup\SimResults_neighbourhoods\option_9_j3_20260602_v2\CAN_MTL\MU-U1\MU-U1_EEM_J_ENVELOPE_20260602_185926\MU-U1_EEM_J_ENVELOPE_20260602_185926.idf,c:\Users\o_iseri\Desktop\idf_reader\0_BEM_Setup\SimResults_neighbourhoods\option_9_j3_20260602_v2\CAN_MTL\MU-U1\MU-U1_EEM_J_ENVELOPE_20260602_185926\results
MU-U1,MU-U1,CAN_MTL,0,1,0,0,EEM_J_HVAC_ONLY,101.0755,9.7001,4.905,28.2748,7.5997,35.8722,8.8037,20.4701,tier3,2,5032,c:\Users\o_iseri\Desktop\idf_reader\0_BEM_Setup\SimResults_neighbourhoods\option_9_j3_20260602_v2\CAN_MTL\MU-U1\MU-U1_EEM_J_HVAC_ONLY_20260602_185930\MU-U1_EEM_J_HVAC_ONLY_20260602_185930.idf,c:\Users\o_iseri\Desktop\idf_reader\0_BEM_Setup\SimResults_neighbourhoods\option_9_j3_20260602_v2\CAN_MTL\MU-U1\MU-U1_EEM_J_HVAC_ONLY_20260602_185930\results
MU-U1,MU-U1,CAN_MTL,0,0,1,0,EEM_J_DHW_ONLY,101.9286,35.8482,4.4089,3.7233,7.5997,35.8722,8.5341,20.4701,tier3,2,5156,c:\Users\o_iseri\Desktop\idf_reader\0_BEM_Setup\SimResults_neighbourhoods\option_9_j3_20260602_v2\CAN_MTL\MU-U1\MU-U1_EEM_J_DHW_ONLY_20260602_185934\MU-U1_EEM_J_DHW_ONLY_20260602_185934.idf,c:\Users\o_iseri\Desktop\idf_reader\0_BEM_Setup\SimResults_neighbourhoods\option_9_j3_20260602_v2\CAN_MTL\MU-U1\MU-U1_EEM_J_DHW_ONLY_20260602_185934\results
MU-U1,MU-U1,CAN_MTL,1,1,0,0,EEM_J_ENV_HVAC,95.1798,1.8148,7.3481,28.2741,7.5784,35.8722,8.3426,20.4701,tier3,44,5028,c:\Users\o_iseri\Desktop\idf_reader\0_BEM_Setup\SimResults_neighbourhoods\option_9_j3_20260602_v2\CAN_MTL\MU-U1\MU-U1_EEM_J_ENV_HVAC_20260602_185956\MU-U1_EEM_J_ENV_HVAC_20260602_185956.idf,c:\Users\o_iseri\Desktop\idf_reader\0_BEM_Setup\SimResults_neighbourhoods\option_9_j3_20260602_v2\CAN_MTL\MU-U1\MU-U1_EEM_J_ENV_HVAC_20260602_185956\results
MU-U1,MU-U1,CAN_MTL,1,0,1,0,EEM_J_ENV_DHW,79.1535,11.0827,6.5506,3.9469,7.5784,35.8722,8.1587,20.4701,tier3,6,5163,c:\Users\o_iseri\Desktop\idf_reader\0_BEM_Setup\SimResults_neighbourhoods\option_9_j3_20260602_v2\CAN_MTL\MU-U1\MU-U1_EEM_J_ENV_DHW_20260602_190018\MU-U1_EEM_J_ENV_DHW_20260602_190018.idf,c:\Users\o_iseri\Desktop\idf_reader\0_BEM_Setup\SimResults_neighbourhoods\option_9_j3_20260602_v2\CAN_MTL\MU-U1\MU-U1_EEM_J_ENV_DHW_20260602_190018\results
MU-U1,MU-U1,CAN_MTL,0,1,1,0,EEM_J_HVAC_DHW,80.6976,13.7418,4.8956,3.7984,7.5997,35.8722,8.8702,20.4701,tier3,2,5182,c:\Users\o_iseri\Desktop\idf_reader\0_BEM_Setup\SimResults_neighbourhoods\option_9_j3_20260602_v2\CAN_MTL\MU-U1\MU-U1_EEM_J_HVAC_DHW_20260602_190021\MU-U1_EEM_J_HVAC_DHW_20260602_190021.idf,c:\Users\o_iseri\Desktop\idf_reader\0_BEM_Setup\SimResults_neighbourhoods\option_9_j3_20260602_v2\CAN_MTL\MU-U1\MU-U1_EEM_J_HVAC_DHW_20260602_190021\results
MU-U1,MU-U1,CAN_MTL,1,1,1,0,EEM_J_ENV_HVAC_DHW,74.8686,5.8004,7.325,3.9446,7.5784,35.8722,8.3986,20.4701,tier3,6,5180,c:\Users\o_iseri\Desktop\idf_reader\0_BEM_Setup\SimResults_neighbourhoods\option_9_j3_20260602_v2\CAN_MTL\MU-U1\MU-U1_EEM_J_ENV_HVAC_DHW_20260602_190026\MU-U1_EEM_J_ENV_HVAC_DHW_20260602_190026.idf,c:\Users\o_iseri\Desktop\idf_reader\0_BEM_Setup\SimResults_neighbourhoods\option_9_j3_20260602_v2\CAN_MTL\MU-U1\MU-U1_EEM_J_ENV_HVAC_DHW_20260602_190026\results
MU-U1,MU-U1,CAN_MTL,0,0,0,1,EEM_J_EEM4_ONLY,107.764,41.7309,2.8986,28.2712,3.3336,18.4113,7.1999,20.4701,tier3,8,5843,c:\Users\o_iseri\Desktop\idf_reader\0_BEM_Setup\SimResults_neighbourhoods\option_9_j3_20260602_v2\CAN_MTL\MU-U1\MU-U1_EEM_J_EEM4_ONLY_20260602_190043\MU-U1_EEM_J_EEM4_ONLY_20260602_190043.idf,c:\Users\o_iseri\Desktop\idf_reader\0_BEM_Setup\SimResults_neighbourhoods\option_9_j3_20260602_v2\CAN_MTL\MU-U1\MU-U1_EEM_J_EEM4_ONLY_20260602_190043\results
MU-U1,MU-U1,CAN_MTL,1,0,0,1,EEM_J_ENVELOPE_EEM4,77.5298,11.8815,3.5654,28.2705,3.2974,18.4113,6.168,20.4701,tier3,8,5859,c:\Users\o_iseri\Desktop\idf_reader\0_BEM_Setup\SimResults_neighbourhoods\option_9_j3_20260602_v2\CAN_MTL\MU-U1\MU-U1_EEM_J_ENVELOPE_EEM4_20260602_190046\MU-U1_EEM_J_ENVELOPE_EEM4_20260602_190046.idf,c:\Users\o_iseri\Desktop\idf_reader\0_BEM_Setup\SimResults_neighbourhoods\option_9_j3_20260602_v2\CAN_MTL\MU-U1\MU-U1_EEM_J_ENVELOPE_EEM4_20260602_190046\results
MU-U1,MU-U1,CAN_MTL,0,1,0,1,EEM_J_HVAC_ONLY_EEM4,80.0013,13.3958,3.1678,28.2762,3.3336,18.4113,7.5181,20.4701,tier3,8,5870,c:\Users\o_iseri\Desktop\idf_reader\0_BEM_Setup\SimResults_neighbourhoods\option_9_j3_20260602_v2\CAN_MTL\MU-U1\MU-U1_EEM_J_HVAC_ONLY_EEM4_20260602_190055\MU-U1_EEM_J_HVAC_ONLY_EEM4_20260602_190055.idf,c:\Users\o_iseri\Desktop\idf_reader\0_BEM_Setup\SimResults_neighbourhoods\option_9_j3_20260602_v2\CAN_MTL\MU-U1\MU-U1_EEM_J_HVAC_ONLY_EEM4_20260602_190055\results
MU-U1,MU-U1,CAN_MTL,0,0,1,1,EEM_J_DHW_ONLY_EEM4,87.4819,45.7899,2.8916,3.873,3.3336,18.4113,7.2644,20.4701,tier3,8,6001,c:\Users\o_iseri\Desktop\idf_reader\0_BEM_Setup\SimResults_neighbourhoods\option_9_j3_20260602_v2\CAN_MTL\MU-U1\MU-U1_EEM_J_DHW_ONLY_EEM4_20260602_190059\MU-U1_EEM_J_DHW_ONLY_EEM4_20260602_190059.idf,c:\Users\o_iseri\Desktop\idf_reader\0_BEM_Setup\SimResults_neighbourhoods\option_9_j3_20260602_v2\CAN_MTL\MU-U1\MU-U1_EEM_J_DHW_ONLY_EEM4_20260602_190059\results
MU-U1,MU-U1,CAN_MTL,1,1,0,1,EEM_J_ENV_HVAC_EEM4,69.5216,3.2649,3.9586,28.2767,3.2974,18.4113,6.3951,20.4701,tier3,10,5878,c:\Users\o_iseri\Desktop\idf_reader\0_BEM_Setup\SimResults_neighbourhoods\option_9_j3_20260602_v2\CAN_MTL\MU-U1\MU-U1_EEM_J_ENV_HVAC_EEM4_20260602_190108\MU-U1_EEM_J_ENV_HVAC_EEM4_20260602_190108.idf,c:\Users\o_iseri\Desktop\idf_reader\0_BEM_Setup\SimResults_neighbourhoods\option_9_j3_20260602_v2\CAN_MTL\MU-U1\MU-U1_EEM_J_ENV_HVAC_EEM4_20260602_190108\results
MU-U1,MU-U1,CAN_MTL,1,0,1,1,EEM_J_ENV_DHW_EEM4,57.1927,15.9284,3.5532,3.8362,3.2974,18.4113,6.2308,20.4701,tier3,8,6015,c:\Users\o_iseri\Desktop\idf_reader\0_BEM_Setup\SimResults_neighbourhoods\option_9_j3_20260602_v2\CAN_MTL\MU-U1\MU-U1_EEM_J_ENV_DHW_EEM4_20260602_190114\MU-U1_EEM_J_ENV_DHW_EEM4_20260602_190114.idf,c:\Users\o_iseri\Desktop\idf_reader\0_BEM_Setup\SimResults_neighbourhoods\option_9_j3_20260602_v2\CAN_MTL\MU-U1\MU-U1_EEM_J_ENV_DHW_EEM4_20260602_190114\results
MU-U1,MU-U1,CAN_MTL,0,1,1,1,EEM_J_HVAC_DHW_EEM4,59.7188,17.4087,3.1579,3.9266,3.3336,18.4113,7.5826,20.4701,tier3,8,6026,c:\Users\o_iseri\Desktop\idf_reader\0_BEM_Setup\SimResults_neighbourhoods\option_9_j3_20260602_v2\CAN_MTL\MU-U1\MU-U1_EEM_J_HVAC_DHW_EEM4_20260602_190116\MU-U1_EEM_J_HVAC_DHW_EEM4_20260602_190116.idf,c:\Users\o_iseri\Desktop\idf_reader\0_BEM_Setup\SimResults_neighbourhoods\option_9_j3_20260602_v2\CAN_MTL\MU-U1\MU-U1_EEM_J_HVAC_DHW_EEM4_20260602_190116\results
MU-U1,MU-U1,CAN_MTL,1,1,1,1,EEM_J_ENV_HVAC_DHW_EEM4,49.1829,7.2765,3.9432,3.8799,3.2974,18.4113,6.4575,20.4701,tier3,11,6034,c:\Users\o_iseri\Desktop\idf_reader\0_BEM_Setup\SimResults_neighbourhoods\option_9_j3_20260602_v2\CAN_MTL\MU-U1\MU-U1_EEM_J_ENV_HVAC_DHW_EEM4_20260602_190125\MU-U1_EEM_J_ENV_HVAC_DHW_EEM4_20260602_190125.idf,c:\Users\o_iseri\Desktop\idf_reader\0_BEM_Setup\SimResults_neighbourhoods\option_9_j3_20260602_v2\CAN_MTL\MU-U1\MU-U1_EEM_J_ENV_HVAC_DHW_EEM4_20260602_190125\results
MU-W,MU-W,CAN_MTL,0,0,0,0,EEM_J_DEFAULT,144.5816,55.4971,5.7004,31.3256,6.4081,33.5599,7.1935,2.6113,native,4,2849,c:\Users\o_iseri\Desktop\idf_reader\0_BEM_Setup\SimResults_neighbourhoods\option_9_j3_20260602_v2\CAN_MTL\MU-W\MU-W_EEM_J_DEFAULT_20260602_190239\MU-W_EEM_J_DEFAULT_20260602_190239.idf,c:\Users\o_iseri\Desktop\idf_reader\0_BEM_Setup\SimResults_neighbourhoods\option_9_j3_20260602_v2\CAN_MTL\MU-W\MU-W_EEM_J_DEFAULT_20260602_190239\results
MU-W,MU-W,CAN_MTL,1,0,0,0,EEM_J_ENVELOPE,129.683,41.3969,5.7602,31.3076,6.5296,33.5599,6.2325,78.0587,tier3,11,2853,c:\Users\o_iseri\Desktop\idf_reader\0_BEM_Setup\SimResults_neighbourhoods\option_9_j3_20260602_v2\CAN_MTL\MU-W\MU-W_EEM_J_ENVELOPE_20260602_190246\MU-W_EEM_J_ENVELOPE_20260602_190246.idf,c:\Users\o_iseri\Desktop\idf_reader\0_BEM_Setup\SimResults_neighbourhoods\option_9_j3_20260602_v2\CAN_MTL\MU-W\MU-W_EEM_J_ENVELOPE_20260602_190246\results
MU-W,MU-W,CAN_MTL,0,1,0,0,EEM_J_HVAC_ONLY,111.0758,20.4964,6.3863,31.3718,6.5708,33.5599,7.8902,78.0587,tier3,4,3019,c:\Users\o_iseri\Desktop\idf_reader\0_BEM_Setup\SimResults_neighbourhoods\option_9_j3_20260602_v2\CAN_MTL\MU-W\MU-W_EEM_J_HVAC_ONLY_20260602_190252\MU-W_EEM_J_HVAC_ONLY_20260602_190252.idf,c:\Users\o_iseri\Desktop\idf_reader\0_BEM_Setup\SimResults_neighbourhoods\option_9_j3_20260602_v2\CAN_MTL\MU-W\MU-W_EEM_J_HVAC_ONLY_20260602_190252\results
MU-W,MU-W,CAN_MTL,0,0,1,0,EEM_J_DHW_ONLY,125.0572,57.8009,5.5539,9.4667,6.5708,33.5599,7.2075,78.0587,tier3,6,3604,c:\Users\o_iseri\Desktop\idf_reader\0_BEM_Setup\SimResults_neighbourhoods\option_9_j3_20260602_v2\CAN_MTL\MU-W\MU-W_EEM_J_DHW_ONLY_20260602_190254\MU-W_EEM_J_DHW_ONLY_20260602_190254.idf,c:\Users\o_iseri\Desktop\idf_reader\0_BEM_Setup\SimResults_neighbourhoods\option_9_j3_20260602_v2\CAN_MTL\MU-W\MU-W_EEM_J_DHW_ONLY_20260602_190254\results
MU-W,MU-W,CAN_MTL,1,1,0,0,EEM_J_ENV_HVAC,103.5624,14.1126,6.4878,31.3533,6.5296,33.5599,6.7223,78.0587,tier3,12,3021,c:\Users\o_iseri\Desktop\idf_reader\0_BEM_Setup\SimResults_neighbourhoods\option_9_j3_20260602_v2\CAN_MTL\MU-W\MU-W_EEM_J_ENV_HVAC_20260602_190257\MU-W_EEM_J_ENV_HVAC_20260602_190257.idf,c:\Users\o_iseri\Desktop\idf_reader\0_BEM_Setup\SimResults_neighbourhoods\option_9_j3_20260602_v2\CAN_MTL\MU-W\MU-W_EEM_J_ENV_HVAC_20260602_190257\results
MU-W,MU-W,CAN_MTL,1,0,1,0,EEM_J_ENV_DHW,109.4942,43.3045,5.6319,9.3153,6.5296,33.5599,6.2564,78.0587,tier3,12,3601,c:\Users\o_iseri\Desktop\idf_reader\0_BEM_Setup\SimResults_neighbourhoods\option_9_j3_20260602_v2\CAN_MTL\MU-W\MU-W_EEM_J_ENV_DHW_20260602_190314\MU-W_EEM_J_ENV_DHW_20260602_190314.idf,c:\Users\o_iseri\Desktop\idf_reader\0_BEM_Setup\SimResults_neighbourhoods\option_9_j3_20260602_v2\CAN_MTL\MU-W\MU-W_EEM_J_ENV_DHW_20260602_190314\results
MU-W,MU-W,CAN_MTL,0,1,1,0,EEM_J_HVAC_DHW,90.9346,22.3528,6.2574,9.4501,6.5708,33.5599,7.9422,78.0587,tier3,15,3766,c:\Users\o_iseri\Desktop\idf_reader\0_BEM_Setup\SimResults_neighbourhoods\option_9_j3_20260602_v2\CAN_MTL\MU-W\MU-W_EEM_J_HVAC_DHW_20260602_190317\MU-W_EEM_J_HVAC_DHW_20260602_190317.idf,c:\Users\o_iseri\Desktop\idf_reader\0_BEM_Setup\SimResults_neighbourhoods\option_9_j3_20260602_v2\CAN_MTL\MU-W\MU-W_EEM_J_HVAC_DHW_20260602_190317\results
MU-W,MU-W,CAN_MTL,1,1,1,0,EEM_J_ENV_HVAC_DHW,83.3239,15.948,6.3326,9.3955,6.5296,33.5599,6.7607,78.0587,tier3,7,3771,c:\Users\o_iseri\Desktop\idf_reader\0_BEM_Setup\SimResults_neighbourhoods\option_9_j3_20260602_v2\CAN_MTL\MU-W\MU-W_EEM_J_ENV_HVAC_DHW_20260602_190323\MU-W_EEM_J_ENV_HVAC_DHW_20260602_190323.idf,c:\Users\o_iseri\Desktop\idf_reader\0_BEM_Setup\SimResults_neighbourhoods\option_9_j3_20260602_v2\CAN_MTL\MU-W\MU-W_EEM_J_ENV_HVAC_DHW_20260602_190323\results
MU-W,MU-W,CAN_MTL,1,0,0,1,EEM_J_ENVELOPE_EEM4,122.3493,44.501,4.4881,31.3186,3.0502,28.4616,5.6359,78.0587,tier3,2,3294,c:\Users\o_iseri\Desktop\idf_reader\0_BEM_Setup\SimResults_neighbourhoods\option_9_j3_20260602_v2\CAN_MTL\MU-W\MU-W_EEM_J_ENVELOPE_EEM4_20260602_190326\MU-W_EEM_J_ENVELOPE_EEM4_20260602_190326.idf,c:\Users\o_iseri\Desktop\idf_reader\0_BEM_Setup\SimResults_neighbourhoods\option_9_j3_20260602_v2\CAN_MTL\MU-W\MU-W_EEM_J_ENVELOPE_EEM4_20260602_190326\results
MU-W,MU-W,CAN_MTL,1,1,0,1,EEM_J_ENV_HVAC_EEM4,94.0289,15.1029,4.995,31.3713,3.0502,28.4616,6.2553,78.0587,tier3,6,3450,c:\Users\o_iseri\Desktop\idf_reader\0_BEM_Setup\SimResults_neighbourhoods\option_9_j3_20260602_v2\CAN_MTL\MU-W\MU-W_EEM_J_ENV_HVAC_EEM4_20260602_190330\MU-W_EEM_J_ENV_HVAC_EEM4_20260602_190330.idf,c:\Users\o_iseri\Desktop\idf_reader\0_BEM_Setup\SimResults_neighbourhoods\option_9_j3_20260602_v2\CAN_MTL\MU-W\MU-W_EEM_J_ENV_HVAC_EEM4_20260602_190330\results
MU-W,MU-W,CAN_MTL,1,0,1,1,EEM_J_ENV_DHW_EEM4,102.3061,46.4887,4.3759,9.3673,3.0502,28.4616,5.668,78.0587,tier3,6,4044,c:\Users\o_iseri\Desktop\idf_reader\0_BEM_Setup\SimResults_neighbourhoods\option_9_j3_20260602_v2\CAN_MTL\MU-W\MU-W_EEM_J_ENV_DHW_EEM4_20260602_190331\MU-W_EEM_J_ENV_DHW_EEM4_20260602_190331.idf,c:\Users\o_iseri\Desktop\idf_reader\0_BEM_Setup\SimResults_neighbourhoods\option_9_j3_20260602_v2\CAN_MTL\MU-W\MU-W_EEM_J_ENV_DHW_EEM4_20260602_190331\results
MU-W,MU-W,CAN_MTL,1,1,1,1,EEM_J_ENV_HVAC_DHW_EEM4,73.8304,16.957,4.8532,9.4109,3.0502,28.4616,6.3043,78.0587,tier3,7,4200,c:\Users\o_iseri\Desktop\idf_reader\0_BEM_Setup\SimResults_neighbourhoods\option_9_j3_20260602_v2\CAN_MTL\MU-W\MU-W_EEM_J_ENV_HVAC_DHW_EEM4_20260602_190335\MU-W_EEM_J_ENV_HVAC_DHW_EEM4_20260602_190335.idf,c:\Users\o_iseri\Desktop\idf_reader\0_BEM_Setup\SimResults_neighbourhoods\option_9_j3_20260602_v2\CAN_MTL\MU-W\MU-W_EEM_J_ENV_HVAC_DHW_EEM4_20260602_190335\results
MU-W2,MU-W2,CAN_MTL,0,0,0,0,EEM_J_DEFAULT,127.4633,67.1828,2.5499,12.9795,7.6603,27.0993,4.743,9.55,native,3,2300,c:\Users\o_iseri\Desktop\idf_reader\0_BEM_Setup\SimResults_neighbourhoods\option_9_j3_20260602_v2\CAN_MTL\MU-W2\MU-W2_EEM_J_DEFAULT_20260602_190342\MU-W2_EEM_J_DEFAULT_20260602_190342.idf,c:\Users\o_iseri\Desktop\idf_reader\0_BEM_Setup\SimResults_neighbourhoods\option_9_j3_20260602_v2\CAN_MTL\MU-W2\MU-W2_EEM_J_DEFAULT_20260602_190342\results
MU-W2,MU-W2,CAN_MTL,1,0,0,0,EEM_J_ENVELOPE,110.4607,51.8464,1.824,12.9791,8.0067,27.0993,3.4572,118.4603,tier3,12,2286,c:\Users\o_iseri\Desktop\idf_reader\0_BEM_Setup\SimResults_neighbourhoods\option_9_j3_20260602_v2\CAN_MTL\MU-W2\MU-W2_EEM_J_ENVELOPE_20260602_190350\MU-W2_EEM_J_ENVELOPE_20260602_190350.idf,c:\Users\o_iseri\Desktop\idf_reader\0_BEM_Setup\SimResults_neighbourhoods\option_9_j3_20260602_v2\CAN_MTL\MU-W2\MU-W2_EEM_J_ENVELOPE_20260602_190350\results
MU-W2,MU-W2,CAN_MTL,0,1,0,0,EEM_J_HVAC_ONLY,95.456,34.1788,2.5309,13.0112,8.0944,27.0993,5.3813,118.4603,tier3,2,2325,c:\Users\o_iseri\Desktop\idf_reader\0_BEM_Setup\SimResults_neighbourhoods\option_9_j3_20260602_v2\CAN_MTL\MU-W2\MU-W2_EEM_J_HVAC_ONLY_20260602_190354\MU-W2_EEM_J_HVAC_ONLY_20260602_190354.idf,c:\Users\o_iseri\Desktop\idf_reader\0_BEM_Setup\SimResults_neighbourhoods\option_9_j3_20260602_v2\CAN_MTL\MU-W2\MU-W2_EEM_J_HVAC_ONLY_20260602_190354\results
MU-W2,MU-W2,CAN_MTL,0,0,1,0,EEM_J_DHW_ONLY,118.532,69.7134,2.5062,1.1165,8.0944,27.0993,4.7533,118.4603,tier3,6,2496,c:\Users\o_iseri\Desktop\idf_reader\0_BEM_Setup\SimResults_neighbourhoods\option_9_j3_20260602_v2\CAN_MTL\MU-W2\MU-W2_EEM_J_DHW_ONLY_20260602_190401\MU-W2_EEM_J_DHW_ONLY_20260602_190401.idf,c:\Users\o_iseri\Desktop\idf_reader\0_BEM_Setup\SimResults_neighbourhoods\option_9_j3_20260602_v2\CAN_MTL\MU-W2\MU-W2_EEM_J_DHW_ONLY_20260602_190401\results
MU-W2,MU-W2,CAN_MTL,1,1,0,0,EEM_J_ENV_HVAC,83.1754,24.0259,1.8165,13.0117,8.0067,27.0993,4.0584,118.4603,tier3,12,2320,c:\Users\o_iseri\Desktop\idf_reader\0_BEM_Setup\SimResults_neighbourhoods\option_9_j3_20260602_v2\CAN_MTL\MU-W2\MU-W2_EEM_J_ENV_HVAC_20260602_190410\MU-W2_EEM_J_ENV_HVAC_20260602_190410.idf,c:\Users\o_iseri\Desktop\idf_reader\0_BEM_Setup\SimResults_neighbourhoods\option_9_j3_20260602_v2\CAN_MTL\MU-W2\MU-W2_EEM_J_ENV_HVAC_20260602_190410\results
MU-W2,MU-W2,CAN_MTL,1,0,1,0,EEM_J_ENV_DHW,100.403,53.6844,1.8358,1.0427,8.0067,27.0993,3.486,118.4603,tier3,20,2489,c:\Users\o_iseri\Desktop\idf_reader\0_BEM_Setup\SimResults_neighbourhoods\option_9_j3_20260602_v2\CAN_MTL\MU-W2\MU-W2_EEM_J_ENV_DHW_20260602_190449\MU-W2_EEM_J_ENV_DHW_20260602_190449.idf,c:\Users\o_iseri\Desktop\idf_reader\0_BEM_Setup\SimResults_neighbourhoods\option_9_j3_20260602_v2\CAN_MTL\MU-W2\MU-W2_EEM_J_ENV_DHW_20260602_190449\results
MU-W2,MU-W2,CAN_MTL,0,1,1,0,EEM_J_HVAC_DHW,85.4437,36.03,2.5429,1.1047,8.0944,27.0993,5.4118,118.4603,tier3,5,2540,c:\Users\o_iseri\Desktop\idf_reader\0_BEM_Setup\SimResults_neighbourhoods\option_9_j3_20260602_v2\CAN_MTL\MU-W2\MU-W2_EEM_J_HVAC_DHW_20260602_190449\MU-W2_EEM_J_HVAC_DHW_20260602_190449.idf,c:\Users\o_iseri\Desktop\idf_reader\0_BEM_Setup\SimResults_neighbourhoods\option_9_j3_20260602_v2\CAN_MTL\MU-W2\MU-W2_EEM_J_HVAC_DHW_20260602_190449\results
MU-W2,MU-W2,CAN_MTL,1,1,1,0,EEM_J_ENV_HVAC_DHW,73.1374,25.8964,1.8291,1.0616,8.0067,27.0993,4.0867,118.4603,tier3,18,2529,c:\Users\o_iseri\Desktop\idf_reader\0_BEM_Setup\SimResults_neighbourhoods\option_9_j3_20260602_v2\CAN_MTL\MU-W2\MU-W2_EEM_J_ENV_HVAC_DHW_20260602_190453\MU-W2_EEM_J_ENV_HVAC_DHW_20260602_190453.idf,c:\Users\o_iseri\Desktop\idf_reader\0_BEM_Setup\SimResults_neighbourhoods\option_9_j3_20260602_v2\CAN_MTL\MU-W2\MU-W2_EEM_J_ENV_HVAC_DHW_20260602_190453\results
MU-W2,MU-W2,CAN_MTL,0,0,0,1,EEM_J_EEM4_ONLY,123.4484,70.8593,2.1084,12.9832,3.9579,24.0088,4.2843,118.4603,tier3,5,2337,c:\Users\o_iseri\Desktop\idf_reader\0_BEM_Setup\SimResults_neighbourhoods\option_9_j3_20260602_v2\CAN_MTL\MU-W2\MU-W2_EEM_J_EEM4_ONLY_20260602_190454\MU-W2_EEM_J_EEM4_ONLY_20260602_190454.idf,c:\Users\o_iseri\Desktop\idf_reader\0_BEM_Setup\SimResults_neighbourhoods\option_9_j3_20260602_v2\CAN_MTL\MU-W2\MU-W2_EEM_J_EEM4_ONLY_20260602_190454\results
MU-W2,MU-W2,CAN_MTL,1,0,0,1,EEM_J_ENVELOPE_EEM4,105.865,55.1905,1.4056,12.9823,3.9063,24.0088,3.1257,118.4603,tier3,5,2312,c:\Users\o_iseri\Desktop\idf_reader\0_BEM_Setup\SimResults_neighbourhoods\option_9_j3_20260602_v2\CAN_MTL\MU-W2\MU-W2_EEM_J_ENVELOPE_EEM4_20260602_190457\MU-W2_EEM_J_ENVELOPE_EEM4_20260602_190457.idf,c:\Users\o_iseri\Desktop\idf_reader\0_BEM_Setup\SimResults_neighbourhoods\option_9_j3_20260602_v2\CAN_MTL\MU-W2\MU-W2_EEM_J_ENVELOPE_EEM4_20260602_190457\results
MU-W2,MU-W2,CAN_MTL,0,1,0,1,EEM_J_HVAC_ONLY_EEM4,89.1762,35.9816,2.1097,13.0157,3.9579,24.0088,4.946,118.4603,tier3,2,2369,c:\Users\o_iseri\Desktop\idf_reader\0_BEM_Setup\SimResults_neighbourhoods\option_9_j3_20260602_v2\CAN_MTL\MU-W2\MU-W2_EEM_J_HVAC_ONLY_EEM4_20260602_190500\MU-W2_EEM_J_HVAC_ONLY_EEM4_20260602_190500.idf,c:\Users\o_iseri\Desktop\idf_reader\0_BEM_Setup\SimResults_neighbourhoods\option_9_j3_20260602_v2\CAN_MTL\MU-W2\MU-W2_EEM_J_HVAC_ONLY_EEM4_20260602_190500\results
MU-W2,MU-W2,CAN_MTL,0,0,1,1,EEM_J_DHW_ONLY_EEM4,113.4368,72.6685,2.1183,1.1197,3.9579,24.0088,4.3167,118.4603,tier3,4,2538,c:\Users\o_iseri\Desktop\idf_reader\0_BEM_Setup\SimResults_neighbourhoods\option_9_j3_20260602_v2\CAN_MTL\MU-W2\MU-W2_EEM_J_DHW_ONLY_EEM4_20260602_190502\MU-W2_EEM_J_DHW_ONLY_EEM4_20260602_190502.idf,c:\Users\o_iseri\Desktop\idf_reader\0_BEM_Setup\SimResults_neighbourhoods\option_9_j3_20260602_v2\CAN_MTL\MU-W2\MU-W2_EEM_J_DHW_ONLY_EEM4_20260602_190502\results
MU-W2,MU-W2,CAN_MTL,1,1,0,1,EEM_J_ENV_HVAC_EEM4,77.2169,26.015,1.379,13.0159,3.9063,24.0088,3.7389,118.4603,tier3,5,2344,c:\Users\o_iseri\Desktop\idf_reader\0_BEM_Setup\SimResults_neighbourhoods\option_9_j3_20260602_v2\CAN_MTL\MU-W2\MU-W2_EEM_J_ENV_HVAC_EEM4_20260602_190521\MU-W2_EEM_J_ENV_HVAC_EEM4_20260602_190521.idf,c:\Users\o_iseri\Desktop\idf_reader\0_BEM_Setup\SimResults_neighbourhoods\option_9_j3_20260602_v2\CAN_MTL\MU-W2\MU-W2_EEM_J_ENV_HVAC_EEM4_20260602_190521\results
MU-W2,MU-W2,CAN_MTL,1,0,1,1,EEM_J_ENV_DHW_EEM4,95.8257,57.001,1.4153,1.0901,3.9063,24.0088,3.158,118.4603,tier3,6,2527,c:\Users\o_iseri\Desktop\idf_reader\0_BEM_Setup\SimResults_neighbourhoods\option_9_j3_20260602_v2\CAN_MTL\MU-W2\MU-W2_EEM_J_ENV_DHW_EEM4_20260602_190546\MU-W2_EEM_J_ENV_DHW_EEM4_20260602_190546.idf,c:\Users\o_iseri\Desktop\idf_reader\0_BEM_Setup\SimResults_neighbourhoods\option_9_j3_20260602_v2\CAN_MTL\MU-W2\MU-W2_EEM_J_ENV_DHW_EEM4_20260602_190546\results
MU-W2,MU-W2,CAN_MTL,0,1,1,1,EEM_J_HVAC_DHW_EEM4,79.1682,37.8313,2.1202,1.115,3.9579,24.0088,4.9777,118.4603,tier3,3,2579,c:\Users\o_iseri\Desktop\idf_reader\0_BEM_Setup\SimResults_neighbourhoods\option_9_j3_20260602_v2\CAN_MTL\MU-W2\MU-W2_EEM_J_HVAC_DHW_EEM4_20260602_190601\MU-W2_EEM_J_HVAC_DHW_EEM4_20260602_190601.idf,c:\Users\o_iseri\Desktop\idf_reader\0_BEM_Setup\SimResults_neighbourhoods\option_9_j3_20260602_v2\CAN_MTL\MU-W2\MU-W2_EEM_J_HVAC_DHW_EEM4_20260602_190601\results
MU-W2,MU-W2,CAN_MTL,1,1,1,1,EEM_J_ENV_HVAC_DHW_EEM4,67.1999,27.867,1.3891,1.1045,3.9063,24.0088,3.7706,118.4603,tier3,6,2548,c:\Users\o_iseri\Desktop\idf_reader\0_BEM_Setup\SimResults_neighbourhoods\option_9_j3_20260602_v2\CAN_MTL\MU-W2\MU-W2_EEM_J_ENV_HVAC_DHW_EEM4_20260602_190605\MU-W2_EEM_J_ENV_HVAC_DHW_EEM4_20260602_190605.idf,c:\Users\o_iseri\Desktop\idf_reader\0_BEM_Setup\SimResults_neighbourhoods\option_9_j3_20260602_v2\CAN_MTL\MU-W2\MU-W2_EEM_J_ENV_HVAC_DHW_EEM4_20260602_190605\results
CC-B,CC-B,CAN_MTL,0,0,0,0,EEM_J_DEFAULT,119.3416,24.461,5.2097,18.2977,14.6961,34.0822,7.992,3.4357,native,3,2627,c:\Users\o_iseri\Desktop\idf_reader\0_BEM_Setup\SimResults_neighbourhoods\option_9_j3_20260602_v2\CAN_MTL\CC-B\CC-B_EEM_J_DEFAULT_20260602_190654\CC-B_EEM_J_DEFAULT_20260602_190654.idf,c:\Users\o_iseri\Desktop\idf_reader\0_BEM_Setup\SimResults_neighbourhoods\option_9_j3_20260602_v2\CAN_MTL\CC-B\CC-B_EEM_J_DEFAULT_20260602_190654\results
CC-B,CC-B,CAN_MTL,1,0,0,0,EEM_J_ENVELOPE,113.1858,16.8343,6.1351,18.2953,14.6758,34.0822,8.5421,30.5406,tier3,9,2638,c:\Users\o_iseri\Desktop\idf_reader\0_BEM_Setup\SimResults_neighbourhoods\option_9_j3_20260602_v2\CAN_MTL\CC-B\CC-B_EEM_J_ENVELOPE_20260602_190700\CC-B_EEM_J_ENVELOPE_20260602_190700.idf,c:\Users\o_iseri\Desktop\idf_reader\0_BEM_Setup\SimResults_neighbourhoods\option_9_j3_20260602_v2\CAN_MTL\CC-B\CC-B_EEM_J_ENVELOPE_20260602_190700\results
CC-B,CC-B,CAN_MTL,0,1,0,0,EEM_J_HVAC_ONLY,100.3386,5.4158,4.7442,18.3056,14.7203,34.0822,8.4703,30.5413,tier3,2,2683,c:\Users\o_iseri\Desktop\idf_reader\0_BEM_Setup\SimResults_neighbourhoods\option_9_j3_20260602_v2\CAN_MTL\CC-B\CC-B_EEM_J_HVAC_ONLY_20260602_190703\CC-B_EEM_J_HVAC_ONLY_20260602_190703.idf,c:\Users\o_iseri\Desktop\idf_reader\0_BEM_Setup\SimResults_neighbourhoods\option_9_j3_20260602_v2\CAN_MTL\CC-B\CC-B_EEM_J_HVAC_ONLY_20260602_190703\results
CC-B,CC-B,CAN_MTL,0,0,1,0,EEM_J_DHW_ONLY,106.2392,27.5058,4.9855,2.5527,14.7203,34.0822,7.8004,30.5413,tier3,2,2788,c:\Users\o_iseri\Desktop\idf_reader\0_BEM_Setup\SimResults_neighbourhoods\option_9_j3_20260602_v2\CAN_MTL\CC-B\CC-B_EEM_J_DHW_ONLY_20260602_190705\CC-B_EEM_J_DHW_ONLY_20260602_190705.idf,c:\Users\o_iseri\Desktop\idf_reader\0_BEM_Setup\SimResults_neighbourhoods\option_9_j3_20260602_v2\CAN_MTL\CC-B\CC-B_EEM_J_DHW_ONLY_20260602_190705\results
CC-B,CC-B,CAN_MTL,1,1,0,0,EEM_J_ENV_HVAC,100.0108,3.527,5.7548,18.3032,14.6758,34.0822,9.0505,30.5406,tier3,10,2690,c:\Users\o_iseri\Desktop\idf_reader\0_BEM_Setup\SimResults_neighbourhoods\option_9_j3_20260602_v2\CAN_MTL\CC-B\CC-B_EEM_J_ENV_HVAC_20260602_190715\CC-B_EEM_J_ENV_HVAC_20260602_190715.idf,c:\Users\o_iseri\Desktop\idf_reader\0_BEM_Setup\SimResults_neighbourhoods\option_9_j3_20260602_v2\CAN_MTL\CC-B\CC-B_EEM_J_ENV_HVAC_20260602_190715\results
CC-B,CC-B,CAN_MTL,1,0,1,0,EEM_J_ENV_DHW,99.9647,19.3006,6.1321,2.5777,14.6758,34.0822,8.5752,30.5406,tier3,8,2802,c:\Users\o_iseri\Desktop\idf_reader\0_BEM_Setup\SimResults_neighbourhoods\option_9_j3_20260602_v2\CAN_MTL\CC-B\CC-B_EEM_J_ENV_DHW_20260602_190740\CC-B_EEM_J_ENV_DHW_20260602_190740.idf,c:\Users\o_iseri\Desktop\idf_reader\0_BEM_Setup\SimResults_neighbourhoods\option_9_j3_20260602_v2\CAN_MTL\CC-B\CC-B_EEM_J_ENV_DHW_20260602_190740\results
CC-B,CC-B,CAN_MTL,0,1,1,0,EEM_J_HVAC_DHW,87.1198,7.9113,4.7382,2.5592,14.7203,34.0822,8.5085,30.5413,tier3,4,2839,c:\Users\o_iseri\Desktop\idf_reader\0_BEM_Setup\SimResults_neighbourhoods\option_9_j3_20260602_v2\CAN_MTL\CC-B\CC-B_EEM_J_HVAC_DHW_20260602_190747\CC-B_EEM_J_HVAC_DHW_20260602_190747.idf,c:\Users\o_iseri\Desktop\idf_reader\0_BEM_Setup\SimResults_neighbourhoods\option_9_j3_20260602_v2\CAN_MTL\CC-B\CC-B_EEM_J_HVAC_DHW_20260602_190747\results
CC-B,CC-B,CAN_MTL,1,1,1,0,EEM_J_ENV_HVAC_DHW,86.7847,6.0091,5.7542,2.5678,14.6758,34.0822,9.0775,30.5406,tier3,7,2847,c:\Users\o_iseri\Desktop\idf_reader\0_BEM_Setup\SimResults_neighbourhoods\option_9_j3_20260602_v2\CAN_MTL\CC-B\CC-B_EEM_J_ENV_HVAC_DHW_20260602_190750\CC-B_EEM_J_ENV_HVAC_DHW_20260602_190750.idf,c:\Users\o_iseri\Desktop\idf_reader\0_BEM_Setup\SimResults_neighbourhoods\option_9_j3_20260602_v2\CAN_MTL\CC-B\CC-B_EEM_J_ENV_HVAC_DHW_20260602_190750\results
CC-B,CC-B,CAN_MTL,0,0,0,1,EEM_J_EEM4_ONLY,101.5712,29.451,3.8293,18.3004,6.7638,22.721,6.0141,30.5413,tier3,8,2731,c:\Users\o_iseri\Desktop\idf_reader\0_BEM_Setup\SimResults_neighbourhoods\option_9_j3_20260602_v2\CAN_MTL\CC-B\CC-B_EEM_J_EEM4_ONLY_20260602_190756\CC-B_EEM_J_EEM4_ONLY_20260602_190756.idf,c:\Users\o_iseri\Desktop\idf_reader\0_BEM_Setup\SimResults_neighbourhoods\option_9_j3_20260602_v2\CAN_MTL\CC-B\CC-B_EEM_J_EEM4_ONLY_20260602_190756\results
CC-B,CC-B,CAN_MTL,1,0,0,1,EEM_J_ENVELOPE_EEM4,91.5046,18.1076,4.547,18.2975,6.7225,22.721,6.5445,30.5406,tier3,17,2745,c:\Users\o_iseri\Desktop\idf_reader\0_BEM_Setup\SimResults_neighbourhoods\option_9_j3_20260602_v2\CAN_MTL\CC-B\CC-B_EEM_J_ENVELOPE_EEM4_20260602_190807\CC-B_EEM_J_ENVELOPE_EEM4_20260602_190807.idf,c:\Users\o_iseri\Desktop\idf_reader\0_BEM_Setup\SimResults_neighbourhoods\option_9_j3_20260602_v2\CAN_MTL\CC-B\CC-B_EEM_J_ENVELOPE_EEM4_20260602_190807\results
CC-B,CC-B,CAN_MTL,0,1,0,1,EEM_J_HVAC_ONLY_EEM4,79.1868,6.5224,3.6515,18.3086,6.7638,22.721,6.7195,30.5413,tier3,6,2779,c:\Users\o_iseri\Desktop\idf_reader\0_BEM_Setup\SimResults_neighbourhoods\option_9_j3_20260602_v2\CAN_MTL\CC-B\CC-B_EEM_J_HVAC_ONLY_EEM4_20260602_190808\CC-B_EEM_J_HVAC_ONLY_EEM4_20260602_190808.idf,c:\Users\o_iseri\Desktop\idf_reader\0_BEM_Setup\SimResults_neighbourhoods\option_9_j3_20260602_v2\CAN_MTL\CC-B\CC-B_EEM_J_HVAC_ONLY_EEM4_20260602_190808\results
CC-B,CC-B,CAN_MTL,0,0,1,1,EEM_J_DHW_ONLY_EEM4,88.3841,31.9206,3.8247,2.6098,6.7638,22.721,6.052,30.5413,tier3,8,2896,c:\Users\o_iseri\Desktop\idf_reader\0_BEM_Setup\SimResults_neighbourhoods\option_9_j3_20260602_v2\CAN_MTL\CC-B\CC-B_EEM_J_DHW_ONLY_EEM4_20260602_190812\CC-B_EEM_J_DHW_ONLY_EEM4_20260602_190812.idf,c:\Users\o_iseri\Desktop\idf_reader\0_BEM_Setup\SimResults_neighbourhoods\option_9_j3_20260602_v2\CAN_MTL\CC-B\CC-B_EEM_J_DHW_ONLY_EEM4_20260602_190812\results
CC-B,CC-B,CAN_MTL,1,1,0,1,EEM_J_ENV_HVAC_EEM4,77.4626,3.7809,4.3288,18.3056,6.7225,22.721,7.0288,30.5406,tier3,22,2801,c:\Users\o_iseri\Desktop\idf_reader\0_BEM_Setup\SimResults_neighbourhoods\option_9_j3_20260602_v2\CAN_MTL\CC-B\CC-B_EEM_J_ENV_HVAC_EEM4_20260602_190830\CC-B_EEM_J_ENV_HVAC_EEM4_20260602_190830.idf,c:\Users\o_iseri\Desktop\idf_reader\0_BEM_Setup\SimResults_neighbourhoods\option_9_j3_20260602_v2\CAN_MTL\CC-B\CC-B_EEM_J_ENV_HVAC_EEM4_20260602_190830\results
CC-B,CC-B,CAN_MTL,1,0,1,1,EEM_J_ENV_DHW_EEM4,78.2782,20.5946,4.5438,2.5507,6.7225,22.721,6.5805,30.5406,tier3,17,2914,c:\Users\o_iseri\Desktop\idf_reader\0_BEM_Setup\SimResults_neighbourhoods\option_9_j3_20260602_v2\CAN_MTL\CC-B\CC-B_EEM_J_ENV_DHW_EEM4_20260602_190834\CC-B_EEM_J_ENV_DHW_EEM4_20260602_190834.idf,c:\Users\o_iseri\Desktop\idf_reader\0_BEM_Setup\SimResults_neighbourhoods\option_9_j3_20260602_v2\CAN_MTL\CC-B\CC-B_EEM_J_ENV_DHW_EEM4_20260602_190834\results
CC-B,CC-B,CAN_MTL,0,1,1,1,EEM_J_HVAC_DHW_EEM4,65.9925,8.9975,3.6501,2.604,6.7638,22.721,6.7561,30.5413,tier3,6,2944,c:\Users\o_iseri\Desktop\idf_reader\0_BEM_Setup\SimResults_neighbourhoods\option_9_j3_20260602_v2\CAN_MTL\CC-B\CC-B_EEM_J_HVAC_DHW_EEM4_20260602_190840\CC-B_EEM_J_HVAC_DHW_EEM4_20260602_190840.idf,c:\Users\o_iseri\Desktop\idf_reader\0_BEM_Setup\SimResults_neighbourhoods\option_9_j3_20260602_v2\CAN_MTL\CC-B\CC-B_EEM_J_HVAC_DHW_EEM4_20260602_190840\results
CC-B,CC-B,CAN_MTL,1,1,1,1,EEM_J_ENV_HVAC_DHW_EEM4,64.2457,6.2631,4.326,2.5746,6.7225,22.721,7.063,30.5406,tier3,20,2956,c:\Users\o_iseri\Desktop\idf_reader\0_BEM_Setup\SimResults_neighbourhoods\option_9_j3_20260602_v2\CAN_MTL\CC-B\CC-B_EEM_J_ENV_HVAC_DHW_EEM4_20260602_190850\CC-B_EEM_J_ENV_HVAC_DHW_EEM4_20260602_190850.idf,c:\Users\o_iseri\Desktop\idf_reader\0_BEM_Setup\SimResults_neighbourhoods\option_9_j3_20260602_v2\CAN_MTL\CC-B\CC-B_EEM_J_ENV_HVAC_DHW_EEM4_20260602_190850\results
CC-S1,CC-S1,CAN_MTL,0,0,0,0,EEM_J_DEFAULT,254.9561,87.6868,9.0723,25.627,36.2972,56.2687,11.6436,4.8025,native,3,285,c:\Users\o_iseri\Desktop\idf_reader\0_BEM_Setup\SimResults_neighbourhoods\option_9_j3_20260602_v2\CAN_MTL\CC-S1\CC-S1_EEM_J_DEFAULT_20260602_190951\CC-S1_EEM_J_DEFAULT_20260602_190951.idf,c:\Users\o_iseri\Desktop\idf_reader\0_BEM_Setup\SimResults_neighbourhoods\option_9_j3_20260602_v2\CAN_MTL\CC-S1\CC-S1_EEM_J_DEFAULT_20260602_190951\results
CC-S1,CC-S1,CAN_MTL,1,0,0,0,EEM_J_ENVELOPE,232.8318,62.3038,12.8248,25.6155,36.2788,56.2687,11.0176,128.1175,tier3,14,301,c:\Users\o_iseri\Desktop\idf_reader\0_BEM_Setup\SimResults_neighbourhoods\option_9_j3_20260602_v2\CAN_MTL\CC-S1\CC-S1_EEM_J_ENVELOPE_20260602_190959\CC-S1_EEM_J_ENVELOPE_20260602_190959.idf,c:\Users\o_iseri\Desktop\idf_reader\0_BEM_Setup\SimResults_neighbourhoods\option_9_j3_20260602_v2\CAN_MTL\CC-S1\CC-S1_EEM_J_ENVELOPE_20260602_190959\results
CC-S1,CC-S1,CAN_MTL,0,1,0,0,EEM_J_HVAC_ONLY,199.9992,32.7617,7.7777,25.6872,36.461,56.2687,12.6835,128.1174,tier3,5,315,c:\Users\o_iseri\Desktop\idf_reader\0_BEM_Setup\SimResults_neighbourhoods\option_9_j3_20260602_v2\CAN_MTL\CC-S1\CC-S1_EEM_J_HVAC_ONLY_20260602_191006\CC-S1_EEM_J_HVAC_ONLY_20260602_191006.idf,c:\Users\o_iseri\Desktop\idf_reader\0_BEM_Setup\SimResults_neighbourhoods\option_9_j3_20260602_v2\CAN_MTL\CC-S1\CC-S1_EEM_J_HVAC_ONLY_20260602_191006\results
CC-S1,CC-S1,CAN_MTL,0,0,1,0,EEM_J_DHW_ONLY,237.9504,93.0541,8.8168,3.4846,36.461,56.2687,11.4999,128.1174,tier3,5,376,c:\Users\o_iseri\Desktop\idf_reader\0_BEM_Setup\SimResults_neighbourhoods\option_9_j3_20260602_v2\CAN_MTL\CC-S1\CC-S1_EEM_J_DHW_ONLY_20260602_191009\CC-S1_EEM_J_DHW_ONLY_20260602_191009.idf,c:\Users\o_iseri\Desktop\idf_reader\0_BEM_Setup\SimResults_neighbourhoods\option_9_j3_20260602_v2\CAN_MTL\CC-S1\CC-S1_EEM_J_DHW_ONLY_20260602_191009\results
CC-S1,CC-S1,CAN_MTL,1,1,0,0,EEM_J_ENV_HVAC,189.8944,20.2157,10.8684,25.6745,36.2788,56.2687,12.146,128.1175,tier3,13,328,c:\Users\o_iseri\Desktop\idf_reader\0_BEM_Setup\SimResults_neighbourhoods\option_9_j3_20260602_v2\CAN_MTL\CC-S1\CC-S1_EEM_J_ENV_HVAC_20260602_191018\CC-S1_EEM_J_ENV_HVAC_20260602_191018.idf,c:\Users\o_iseri\Desktop\idf_reader\0_BEM_Setup\SimResults_neighbourhoods\option_9_j3_20260602_v2\CAN_MTL\CC-S1\CC-S1_EEM_J_ENV_HVAC_20260602_191018\results
CC-S1,CC-S1,CAN_MTL,1,0,1,0,EEM_J_ENV_DHW,215.1124,66.712,12.8308,3.4053,36.2788,56.2687,11.095,128.1175,tier3,17,407,c:\Users\o_iseri\Desktop\idf_reader\0_BEM_Setup\SimResults_neighbourhoods\option_9_j3_20260602_v2\CAN_MTL\CC-S1\CC-S1_EEM_J_ENV_DHW_20260602_191040\CC-S1_EEM_J_ENV_DHW_20260602_191040.idf,c:\Users\o_iseri\Desktop\idf_reader\0_BEM_Setup\SimResults_neighbourhoods\option_9_j3_20260602_v2\CAN_MTL\CC-S1\CC-S1_EEM_J_ENV_DHW_20260602_191040\results
CC-S1,CC-S1,CAN_MTL,0,1,1,0,EEM_J_HVAC_DHW,182.335,37.2043,7.7837,3.4958,36.461,56.2687,12.7616,128.1174,tier3,7,396,c:\Users\o_iseri\Desktop\idf_reader\0_BEM_Setup\SimResults_neighbourhoods\option_9_j3_20260602_v2\CAN_MTL\CC-S1\CC-S1_EEM_J_HVAC_DHW_20260602_191042\CC-S1_EEM_J_HVAC_DHW_20260602_191042.idf,c:\Users\o_iseri\Desktop\idf_reader\0_BEM_Setup\SimResults_neighbourhoods\option_9_j3_20260602_v2\CAN_MTL\CC-S1\CC-S1_EEM_J_HVAC_DHW_20260602_191042\results
CC-S1,CC-S1,CAN_MTL,1,1,1,0,EEM_J_ENV_HVAC_DHW,172.2803,24.7082,10.8738,3.4827,36.2788,56.2687,12.2243,128.1175,tier3,17,425,c:\Users\o_iseri\Desktop\idf_reader\0_BEM_Setup\SimResults_neighbourhoods\option_9_j3_20260602_v2\CAN_MTL\CC-S1\CC-S1_EEM_J_ENV_HVAC_DHW_20260602_191047\CC-S1_EEM_J_ENV_HVAC_DHW_20260602_191047.idf,c:\Users\o_iseri\Desktop\idf_reader\0_BEM_Setup\SimResults_neighbourhoods\option_9_j3_20260602_v2\CAN_MTL\CC-S1\CC-S1_EEM_J_ENV_HVAC_DHW_20260602_191047\results
CC-S1,CC-S1,CAN_MTL,0,0,0,1,EEM_J_EEM4_ONLY,231.1514,98.4697,5.8277,25.6339,17.0212,45.7683,10.4063,128.1174,tier3,3,320,c:\Users\o_iseri\Desktop\idf_reader\0_BEM_Setup\SimResults_neighbourhoods\option_9_j3_20260602_v2\CAN_MTL\CC-S1\CC-S1_EEM_J_EEM4_ONLY_20260602_191100\CC-S1_EEM_J_EEM4_ONLY_20260602_191100.idf,c:\Users\o_iseri\Desktop\idf_reader\0_BEM_Setup\SimResults_neighbourhoods\option_9_j3_20260602_v2\CAN_MTL\CC-S1\CC-S1_EEM_J_EEM4_ONLY_20260602_191100\results
CC-S1,CC-S1,CAN_MTL,1,0,0,1,EEM_J_ENVELOPE_EEM4,200.2979,66.4541,7.4549,25.6208,16.8847,45.7683,9.6884,128.1175,tier3,12,326,c:\Users\o_iseri\Desktop\idf_reader\0_BEM_Setup\SimResults_neighbourhoods\option_9_j3_20260602_v2\CAN_MTL\CC-S1\CC-S1_EEM_J_ENVELOPE_EEM4_20260602_191102\CC-S1_EEM_J_ENVELOPE_EEM4_20260602_191102.idf,c:\Users\o_iseri\Desktop\idf_reader\0_BEM_Setup\SimResults_neighbourhoods\option_9_j3_20260602_v2\CAN_MTL\CC-S1\CC-S1_EEM_J_ENVELOPE_EEM4_20260602_191102\results
CC-S1,CC-S1,CAN_MTL,0,1,0,1,EEM_J_HVAC_ONLY_EEM4,170.4399,37.0436,5.1925,25.6958,17.0212,45.7683,11.7117,128.1174,tier3,3,340,c:\Users\o_iseri\Desktop\idf_reader\0_BEM_Setup\SimResults_neighbourhoods\option_9_j3_20260602_v2\CAN_MTL\CC-S1\CC-S1_EEM_J_HVAC_ONLY_EEM4_20260602_191103\CC-S1_EEM_J_HVAC_ONLY_EEM4_20260602_191103.idf,c:\Users\o_iseri\Desktop\idf_reader\0_BEM_Setup\SimResults_neighbourhoods\option_9_j3_20260602_v2\CAN_MTL\CC-S1\CC-S1_EEM_J_HVAC_ONLY_EEM4_20260602_191103\results
CC-S1,CC-S1,CAN_MTL,0,0,1,1,EEM_J_DHW_ONLY_EEM4,213.4131,102.7867,5.8344,3.4925,17.0212,45.7683,10.4849,128.1174,tier3,3,415,c:\Users\o_iseri\Desktop\idf_reader\0_BEM_Setup\SimResults_neighbourhoods\option_9_j3_20260602_v2\CAN_MTL\CC-S1\CC-S1_EEM_J_DHW_ONLY_EEM4_20260602_191106\CC-S1_EEM_J_DHW_ONLY_EEM4_20260602_191106.idf,c:\Users\o_iseri\Desktop\idf_reader\0_BEM_Setup\SimResults_neighbourhoods\option_9_j3_20260602_v2\CAN_MTL\CC-S1\CC-S1_EEM_J_DHW_ONLY_EEM4_20260602_191106\results
CC-S1,CC-S1,CAN_MTL,1,1,0,1,EEM_J_ENV_HVAC_EEM4,156.5535,22.4387,6.5249,25.6819,16.8847,45.7683,10.8547,128.1175,tier3,13,352,c:\Users\o_iseri\Desktop\idf_reader\0_BEM_Setup\SimResults_neighbourhoods\option_9_j3_20260602_v2\CAN_MTL\CC-S1\CC-S1_EEM_J_ENV_HVAC_EEM4_20260602_191125\CC-S1_EEM_J_ENV_HVAC_EEM4_20260602_191125.idf,c:\Users\o_iseri\Desktop\idf_reader\0_BEM_Setup\SimResults_neighbourhoods\option_9_j3_20260602_v2\CAN_MTL\CC-S1\CC-S1_EEM_J_ENV_HVAC_EEM4_20260602_191125\results
CC-S1,CC-S1,CAN_MTL,1,0,1,1,EEM_J_ENV_DHW_EEM4,182.5167,70.7362,7.4644,3.4765,16.8847,45.7683,9.7633,128.1175,tier3,17,422,c:\Users\o_iseri\Desktop\idf_reader\0_BEM_Setup\SimResults_neighbourhoods\option_9_j3_20260602_v2\CAN_MTL\CC-S1\CC-S1_EEM_J_ENV_DHW_EEM4_20260602_191133\CC-S1_EEM_J_ENV_DHW_EEM4_20260602_191133.idf,c:\Users\o_iseri\Desktop\idf_reader\0_BEM_Setup\SimResults_neighbourhoods\option_9_j3_20260602_v2\CAN_MTL\CC-S1\CC-S1_EEM_J_ENV_DHW_EEM4_20260602_191133\results
CC-S1,CC-S1,CAN_MTL,0,1,1,1,EEM_J_HVAC_DHW_EEM4,152.699,41.421,5.1988,3.4932,17.0212,45.7683,11.7891,128.1174,tier3,3,437,c:\Users\o_iseri\Desktop\idf_reader\0_BEM_Setup\SimResults_neighbourhoods\option_9_j3_20260602_v2\CAN_MTL\CC-S1\CC-S1_EEM_J_HVAC_DHW_EEM4_20260602_191145\CC-S1_EEM_J_HVAC_DHW_EEM4_20260602_191145.idf,c:\Users\o_iseri\Desktop\idf_reader\0_BEM_Setup\SimResults_neighbourhoods\option_9_j3_20260602_v2\CAN_MTL\CC-S1\CC-S1_EEM_J_HVAC_DHW_EEM4_20260602_191145\results
CC-S1,CC-S1,CAN_MTL,1,1,1,1,EEM_J_ENV_HVAC_DHW_EEM4,138.8233,26.7674,6.534,3.535,16.8847,45.7683,10.929,128.1175,tier3,19,449,c:\Users\o_iseri\Desktop\idf_reader\0_BEM_Setup\SimResults_neighbourhoods\option_9_j3_20260602_v2\CAN_MTL\CC-S1\CC-S1_EEM_J_ENV_HVAC_DHW_EEM4_20260602_191152\CC-S1_EEM_J_ENV_HVAC_DHW_EEM4_20260602_191152.idf,c:\Users\o_iseri\Desktop\idf_reader\0_BEM_Setup\SimResults_neighbourhoods\option_9_j3_20260602_v2\CAN_MTL\CC-S1\CC-S1_EEM_J_ENV_HVAC_DHW_EEM4_20260602_191152\results
CC-S2,CC-S2,CAN_MTL,0,0,0,0,EEM_J_DEFAULT,342.8887,104.4064,11.2771,25.5267,63.5291,67.5671,16.6286,3.1292,native,2,149,c:\Users\o_iseri\Desktop\idf_reader\0_BEM_Setup\SimResults_neighbourhoods\option_9_j3_20260602_v2\CAN_MTL\CC-S2\CC-S2_EEM_J_DEFAULT_20260602_191250\CC-S2_EEM_J_DEFAULT_20260602_191250.idf,c:\Users\o_iseri\Desktop\idf_reader\0_BEM_Setup\SimResults_neighbourhoods\option_9_j3_20260602_v2\CAN_MTL\CC-S2\CC-S2_EEM_J_DEFAULT_20260602_191250\results
CC-S2,CC-S2,CAN_MTL,1,0,0,0,EEM_J_ENVELOPE,315.6358,71.2819,18.8162,25.5198,63.4931,67.5671,14.6736,185.5179,tier3,14,162,c:\Users\o_iseri\Desktop\idf_reader\0_BEM_Setup\SimResults_neighbourhoods\option_9_j3_20260602_v2\CAN_MTL\CC-S2\CC-S2_EEM_J_ENVELOPE_20260602_191253\CC-S2_EEM_J_ENVELOPE_20260602_191253.idf,c:\Users\o_iseri\Desktop\idf_reader\0_BEM_Setup\SimResults_neighbourhoods\option_9_j3_20260602_v2\CAN_MTL\CC-S2\CC-S2_EEM_J_ENVELOPE_20260602_191253\results
CC-S2,CC-S2,CAN_MTL,0,1,0,0,EEM_J_HVAC_ONLY,275.3156,37.2193,8.9785,25.6003,63.8366,67.5671,18.0819,185.5179,tier3,2,160,c:\Users\o_iseri\Desktop\idf_reader\0_BEM_Setup\SimResults_neighbourhoods\option_9_j3_20260602_v2\CAN_MTL\CC-S2\CC-S2_EEM_J_HVAC_ONLY_20260602_191255\CC-S2_EEM_J_HVAC_ONLY_20260602_191255.idf,c:\Users\o_iseri\Desktop\idf_reader\0_BEM_Setup\SimResults_neighbourhoods\option_9_j3_20260602_v2\CAN_MTL\CC-S2\CC-S2_EEM_J_HVAC_ONLY_20260602_191255\results
CC-S2,CC-S2,CAN_MTL,0,0,1,0,EEM_J_DHW_ONLY,325.1562,110.0808,10.8986,2.4456,63.8366,67.5671,16.378,185.5179,tier3,2,211,c:\Users\o_iseri\Desktop\idf_reader\0_BEM_Setup\SimResults_neighbourhoods\option_9_j3_20260602_v2\CAN_MTL\CC-S2\CC-S2_EEM_J_DHW_ONLY_20260602_191256\CC-S2_EEM_J_DHW_ONLY_20260602_191256.idf,c:\Users\o_iseri\Desktop\idf_reader\0_BEM_Setup\SimResults_neighbourhoods\option_9_j3_20260602_v2\CAN_MTL\CC-S2\CC-S2_EEM_J_DHW_ONLY_20260602_191256\results
CC-S2,CC-S2,CAN_MTL,1,1,0,0,EEM_J_ENV_HVAC,264.1713,22.2506,14.8996,25.5904,63.4931,67.5671,16.1707,185.5179,tier3,14,174,c:\Users\o_iseri\Desktop\idf_reader\0_BEM_Setup\SimResults_neighbourhoods\option_9_j3_20260602_v2\CAN_MTL\CC-S2\CC-S2_EEM_J_ENV_HVAC_20260602_191307\CC-S2_EEM_J_ENV_HVAC_20260602_191307.idf,c:\Users\o_iseri\Desktop\idf_reader\0_BEM_Setup\SimResults_neighbourhoods\option_9_j3_20260602_v2\CAN_MTL\CC-S2\CC-S2_EEM_J_ENV_HVAC_20260602_191307\results
CC-S2,CC-S2,CAN_MTL,1,0,1,0,EEM_J_ENV_DHW,296.6025,75.3199,18.8206,2.3814,63.4931,67.5671,14.7347,185.5179,tier3,16,219,c:\Users\o_iseri\Desktop\idf_reader\0_BEM_Setup\SimResults_neighbourhoods\option_9_j3_20260602_v2\CAN_MTL\CC-S2\CC-S2_EEM_J_ENV_DHW_20260602_191328\CC-S2_EEM_J_ENV_DHW_20260602_191328.idf,c:\Users\o_iseri\Desktop\idf_reader\0_BEM_Setup\SimResults_neighbourhoods\option_9_j3_20260602_v2\CAN_MTL\CC-S2\CC-S2_EEM_J_ENV_DHW_20260602_191328\results
CC-S2,CC-S2,CAN_MTL,0,1,1,0,EEM_J_HVAC_DHW,256.4279,41.314,8.9854,2.5408,63.8366,67.5671,18.1505,185.5179,tier3,2,223,c:\Users\o_iseri\Desktop\idf_reader\0_BEM_Setup\SimResults_neighbourhoods\option_9_j3_20260602_v2\CAN_MTL\CC-S2\CC-S2_EEM_J_HVAC_DHW_20260602_191329\CC-S2_EEM_J_HVAC_DHW_20260602_191329.idf,c:\Users\o_iseri\Desktop\idf_reader\0_BEM_Setup\SimResults_neighbourhoods\option_9_j3_20260602_v2\CAN_MTL\CC-S2\CC-S2_EEM_J_HVAC_DHW_20260602_191329\results
CC-S2,CC-S2,CAN_MTL,1,1,1,0,EEM_J_ENV_HVAC_DHW,245.2594,26.3444,14.903,2.5231,63.4931,67.5671,16.2309,185.5179,tier3,17,237,c:\Users\o_iseri\Desktop\idf_reader\0_BEM_Setup\SimResults_neighbourhoods\option_9_j3_20260602_v2\CAN_MTL\CC-S2\CC-S2_EEM_J_ENV_HVAC_DHW_20260602_191334\CC-S2_EEM_J_ENV_HVAC_DHW_20260602_191334.idf,c:\Users\o_iseri\Desktop\idf_reader\0_BEM_Setup\SimResults_neighbourhoods\option_9_j3_20260602_v2\CAN_MTL\CC-S2\CC-S2_EEM_J_ENV_HVAC_DHW_20260602_191334\results
CC-S2,CC-S2,CAN_MTL,0,0,0,1,EEM_J_EEM4_ONLY,306.7284,116.8861,6.4056,25.5302,29.7345,59.4818,15.4705,185.5179,tier3,2,170,c:\Users\o_iseri\Desktop\idf_reader\0_BEM_Setup\SimResults_neighbourhoods\option_9_j3_20260602_v2\CAN_MTL\CC-S2\CC-S2_EEM_J_EEM4_ONLY_20260602_191334\CC-S2_EEM_J_EEM4_ONLY_20260602_191334.idf,c:\Users\o_iseri\Desktop\idf_reader\0_BEM_Setup\SimResults_neighbourhoods\option_9_j3_20260602_v2\CAN_MTL\CC-S2\CC-S2_EEM_J_EEM4_ONLY_20260602_191334\results
CC-S2,CC-S2,CAN_MTL,1,0,0,1,EEM_J_ENVELOPE_EEM4,266.1906,74.7554,9.3708,25.5223,29.4557,59.4818,13.5371,185.5179,tier3,8,173,c:\Users\o_iseri\Desktop\idf_reader\0_BEM_Setup\SimResults_neighbourhoods\option_9_j3_20260602_v2\CAN_MTL\CC-S2\CC-S2_EEM_J_ENVELOPE_EEM4_20260602_191337\CC-S2_EEM_J_ENVELOPE_EEM4_20260602_191337.idf,c:\Users\o_iseri\Desktop\idf_reader\0_BEM_Setup\SimResults_neighbourhoods\option_9_j3_20260602_v2\CAN_MTL\CC-S2\CC-S2_EEM_J_ENVELOPE_EEM4_20260602_191337\results
CC-S2,CC-S2,CAN_MTL,0,1,0,1,EEM_J_HVAC_ONLY_EEM4,229.7608,38.9804,5.3422,25.6067,29.7345,59.4818,17.3155,185.5179,tier3,2,180,c:\Users\o_iseri\Desktop\idf_reader\0_BEM_Setup\SimResults_neighbourhoods\option_9_j3_20260602_v2\CAN_MTL\CC-S2\CC-S2_EEM_J_HVAC_ONLY_EEM4_20260602_191340\CC-S2_EEM_J_HVAC_ONLY_EEM4_20260602_191340.idf,c:\Users\o_iseri\Desktop\idf_reader\0_BEM_Setup\SimResults_neighbourhoods\option_9_j3_20260602_v2\CAN_MTL\CC-S2\CC-S2_EEM_J_HVAC_ONLY_EEM4_20260602_191340\results
CC-S2,CC-S2,CAN_MTL,0,0,1,1,EEM_J_DHW_ONLY_EEM4,287.8535,120.8949,6.416,2.5601,29.7345,59.4818,15.542,185.5179,tier3,2,217,c:\Users\o_iseri\Desktop\idf_reader\0_BEM_Setup\SimResults_neighbourhoods\option_9_j3_20260602_v2\CAN_MTL\CC-S2\CC-S2_EEM_J_DHW_ONLY_EEM4_20260602_191348\CC-S2_EEM_J_DHW_ONLY_EEM4_20260602_191348.idf,c:\Users\o_iseri\Desktop\idf_reader\0_BEM_Setup\SimResults_neighbourhoods\option_9_j3_20260602_v2\CAN_MTL\CC-S2\CC-S2_EEM_J_DHW_ONLY_EEM4_20260602_191348\results
CC-S2,CC-S2,CAN_MTL,1,1,0,1,EEM_J_ENV_HVAC_EEM4,214.8479,23.5514,7.5781,25.5978,29.4557,59.4818,15.0594,185.5179,tier3,8,186,c:\Users\o_iseri\Desktop\idf_reader\0_BEM_Setup\SimResults_neighbourhoods\option_9_j3_20260602_v2\CAN_MTL\CC-S2\CC-S2_EEM_J_ENV_HVAC_EEM4_20260602_191359\CC-S2_EEM_J_ENV_HVAC_EEM4_20260602_191359.idf,c:\Users\o_iseri\Desktop\idf_reader\0_BEM_Setup\SimResults_neighbourhoods\option_9_j3_20260602_v2\CAN_MTL\CC-S2\CC-S2_EEM_J_ENV_HVAC_EEM4_20260602_191359\results
CC-S2,CC-S2,CAN_MTL,1,0,1,1,EEM_J_ENV_DHW_EEM4,247.2905,78.7006,9.3743,2.5971,29.4557,59.4818,13.6106,185.5179,tier3,12,234,c:\Users\o_iseri\Desktop\idf_reader\0_BEM_Setup\SimResults_neighbourhoods\option_9_j3_20260602_v2\CAN_MTL\CC-S2\CC-S2_EEM_J_ENV_DHW_EEM4_20260602_191402\CC-S2_EEM_J_ENV_DHW_EEM4_20260602_191402.idf,c:\Users\o_iseri\Desktop\idf_reader\0_BEM_Setup\SimResults_neighbourhoods\option_9_j3_20260602_v2\CAN_MTL\CC-S2\CC-S2_EEM_J_ENV_DHW_EEM4_20260602_191402\results
CC-S2,CC-S2,CAN_MTL,0,1,1,1,EEM_J_HVAC_DHW_EEM4,210.8667,43.0821,5.3491,2.5305,29.7345,59.4818,17.3846,185.5179,tier3,2,235,c:\Users\o_iseri\Desktop\idf_reader\0_BEM_Setup\SimResults_neighbourhoods\option_9_j3_20260602_v2\CAN_MTL\CC-S2\CC-S2_EEM_J_HVAC_DHW_EEM4_20260602_191410\CC-S2_EEM_J_HVAC_DHW_EEM4_20260602_191410.idf,c:\Users\o_iseri\Desktop\idf_reader\0_BEM_Setup\SimResults_neighbourhoods\option_9_j3_20260602_v2\CAN_MTL\CC-S2\CC-S2_EEM_J_HVAC_DHW_EEM4_20260602_191410\results
CC-S2,CC-S2,CAN_MTL,1,1,1,1,EEM_J_ENV_HVAC_DHW_EEM4,196.0234,27.6338,7.585,2.6104,29.4557,59.4818,15.1315,185.5179,tier3,13,250,c:\Users\o_iseri\Desktop\idf_reader\0_BEM_Setup\SimResults_neighbourhoods\option_9_j3_20260602_v2\CAN_MTL\CC-S2\CC-S2_EEM_J_ENV_HVAC_DHW_EEM4_20260602_191416\CC-S2_EEM_J_ENV_HVAC_DHW_EEM4_20260602_191416.idf,c:\Users\o_iseri\Desktop\idf_reader\0_BEM_Setup\SimResults_neighbourhoods\option_9_j3_20260602_v2\CAN_MTL\CC-S2\CC-S2_EEM_J_ENV_HVAC_DHW_EEM4_20260602_191416\results
CC-E1,CC-E1,CAN_MTL,0,0,0,0,EEM_J_DEFAULT,95.0591,16.9272,4.5719,12.4241,16.4199,28.8048,7.1778,1.6879,native,25,1581,c:\Users\o_iseri\Desktop\idf_reader\0_BEM_Setup\SimResults_neighbourhoods\option_9_j3_20260602_v2\CAN_MTL\CC-E1\CC-E1_EEM_J_DEFAULT_20260602_191453\CC-E1_EEM_J_DEFAULT_20260602_191453.idf,c:\Users\o_iseri\Desktop\idf_reader\0_BEM_Setup\SimResults_neighbourhoods\option_9_j3_20260602_v2\CAN_MTL\CC-E1\CC-E1_EEM_J_DEFAULT_20260602_191453\results
CC-E1,CC-E1,CAN_MTL,1,0,0,0,EEM_J_ENVELOPE,89.0336,10.5386,4.516,12.4242,16.4123,28.8055,7.5805,28.0209,tier3,105,1601,c:\Users\o_iseri\Desktop\idf_reader\0_BEM_Setup\SimResults_neighbourhoods\option_9_j3_20260602_v2\CAN_MTL\CC-E1\CC-E1_EEM_J_ENVELOPE_20260602_191459\CC-E1_EEM_J_ENVELOPE_20260602_191459.idf,c:\Users\o_iseri\Desktop\idf_reader\0_BEM_Setup\SimResults_neighbourhoods\option_9_j3_20260602_v2\CAN_MTL\CC-E1\CC-E1_EEM_J_ENVELOPE_20260602_191459\results
CC-E1,CC-E1,CAN_MTL,0,1,0,0,EEM_J_HVAC_ONLY,81.2983,2.8533,4.3799,12.4351,16.4194,28.8048,7.7065,28.021,tier3,9,1618,c:\Users\o_iseri\Desktop\idf_reader\0_BEM_Setup\SimResults_neighbourhoods\option_9_j3_20260602_v2\CAN_MTL\CC-E1\CC-E1_EEM_J_HVAC_ONLY_20260602_191505\CC-E1_EEM_J_HVAC_ONLY_20260602_191505.idf,c:\Users\o_iseri\Desktop\idf_reader\0_BEM_Setup\SimResults_neighbourhoods\option_9_j3_20260602_v2\CAN_MTL\CC-E1\CC-E1_EEM_J_HVAC_ONLY_20260602_191505\results
CC-E1,CC-E1,CAN_MTL,0,0,1,0,EEM_J_DHW_ONLY,85.7367,18.6224,4.4726,1.6633,16.4194,28.8048,7.0297,28.021,tier3,13,1899,c:\Users\o_iseri\Desktop\idf_reader\0_BEM_Setup\SimResults_neighbourhoods\option_9_j3_20260602_v2\CAN_MTL\CC-E1\CC-E1_EEM_J_DHW_ONLY_20260602_191507\CC-E1_EEM_J_DHW_ONLY_20260602_191507.idf,c:\Users\o_iseri\Desktop\idf_reader\0_BEM_Setup\SimResults_neighbourhoods\option_9_j3_20260602_v2\CAN_MTL\CC-E1\CC-E1_EEM_J_DHW_ONLY_20260602_191507\results
CC-E1,CC-E1,CAN_MTL,1,1,0,0,EEM_J_ENV_HVAC,80.9112,2.1559,4.4428,12.4342,16.4123,28.8055,7.9262,28.0209,tier3,109,1635,c:\Users\o_iseri\Desktop\idf_reader\0_BEM_Setup\SimResults_neighbourhoods\option_9_j3_20260602_v2\CAN_MTL\CC-E1\CC-E1_EEM_J_ENV_HVAC_20260602_191525\CC-E1_EEM_J_ENV_HVAC_20260602_191525.idf,c:\Users\o_iseri\Desktop\idf_reader\0_BEM_Setup\SimResults_neighbourhoods\option_9_j3_20260602_v2\CAN_MTL\CC-E1\CC-E1_EEM_J_ENV_HVAC_20260602_191525\results
CC-E1,CC-E1,CAN_MTL,1,0,1,0,EEM_J_ENV_DHW,79.3884,11.6507,4.5098,1.6616,16.4123,28.8055,7.5888,28.0209,tier3,102,1908,c:\Users\o_iseri\Desktop\idf_reader\0_BEM_Setup\SimResults_neighbourhoods\option_9_j3_20260602_v2\CAN_MTL\CC-E1\CC-E1_EEM_J_ENV_DHW_20260602_191526\CC-E1_EEM_J_ENV_DHW_20260602_191526.idf,c:\Users\o_iseri\Desktop\idf_reader\0_BEM_Setup\SimResults_neighbourhoods\option_9_j3_20260602_v2\CAN_MTL\CC-E1\CC-E1_EEM_J_ENV_DHW_20260602_191526\results
CC-E1,CC-E1,CAN_MTL,0,1,1,0,EEM_J_HVAC_DHW,71.6655,3.9752,4.3775,1.6691,16.4194,28.8048,7.7178,28.021,tier3,12,1929,c:\Users\o_iseri\Desktop\idf_reader\0_BEM_Setup\SimResults_neighbourhoods\option_9_j3_20260602_v2\CAN_MTL\CC-E1\CC-E1_EEM_J_HVAC_DHW_20260602_191527\CC-E1_EEM_J_HVAC_DHW_20260602_191527.idf,c:\Users\o_iseri\Desktop\idf_reader\0_BEM_Setup\SimResults_neighbourhoods\option_9_j3_20260602_v2\CAN_MTL\CC-E1\CC-E1_EEM_J_HVAC_DHW_20260602_191527\results
CC-E1,CC-E1,CAN_MTL,1,1,1,0,EEM_J_ENV_HVAC_DHW,71.2657,3.2721,4.4344,1.6664,16.4123,28.8055,7.9379,28.0209,tier3,100,1950,c:\Users\o_iseri\Desktop\idf_reader\0_BEM_Setup\SimResults_neighbourhoods\option_9_j3_20260602_v2\CAN_MTL\CC-E1\CC-E1_EEM_J_ENV_HVAC_DHW_20260602_191529\CC-E1_EEM_J_ENV_HVAC_DHW_20260602_191529.idf,c:\Users\o_iseri\Desktop\idf_reader\0_BEM_Setup\SimResults_neighbourhoods\option_9_j3_20260602_v2\CAN_MTL\CC-E1\CC-E1_EEM_J_ENV_HVAC_DHW_20260602_191529\results
CC-E1,CC-E1,CAN_MTL,1,0,0,1,EEM_J_ENVELOPE_EEM4,68.9074,13.4397,3.4204,12.4294,8.3081,17.3696,5.2685,28.0209,tier3,381,3153,c:\Users\o_iseri\Desktop\idf_reader\0_BEM_Setup\SimResults_neighbourhoods\option_9_j3_20260602_v2\CAN_MTL\CC-E1\CC-E1_EEM_J_ENVELOPE_EEM4_20260602_191541\CC-E1_EEM_J_ENVELOPE_EEM4_20260602_191541.idf,c:\Users\o_iseri\Desktop\idf_reader\0_BEM_Setup\SimResults_neighbourhoods\option_9_j3_20260602_v2\CAN_MTL\CC-E1\CC-E1_EEM_J_ENVELOPE_EEM4_20260602_191541\results
CC-E1,CC-E1,CAN_MTL,1,1,0,1,EEM_J_ENV_HVAC_EEM4,58.3211,2.5093,3.3274,12.4403,8.3081,17.3696,5.7147,28.0209,tier3,379,3180,c:\Users\o_iseri\Desktop\idf_reader\0_BEM_Setup\SimResults_neighbourhoods\option_9_j3_20260602_v2\CAN_MTL\CC-E1\CC-E1_EEM_J_ENV_HVAC_EEM4_20260602_191640\CC-E1_EEM_J_ENV_HVAC_EEM4_20260602_191640.idf,c:\Users\o_iseri\Desktop\idf_reader\0_BEM_Setup\SimResults_neighbourhoods\option_9_j3_20260602_v2\CAN_MTL\CC-E1\CC-E1_EEM_J_ENV_HVAC_EEM4_20260602_191640\results
CC-E1,CC-E1,CAN_MTL,1,0,1,1,EEM_J_ENV_DHW_EEM4,59.2533,14.5438,3.4089,1.6644,8.3081,17.3696,5.2821,28.0209,tier3,384,3467,c:\Users\o_iseri\Desktop\idf_reader\0_BEM_Setup\SimResults_neighbourhoods\option_9_j3_20260602_v2\CAN_MTL\CC-E1\CC-E1_EEM_J_ENV_DHW_EEM4_20260602_191643\CC-E1_EEM_J_ENV_DHW_EEM4_20260602_191643.idf,c:\Users\o_iseri\Desktop\idf_reader\0_BEM_Setup\SimResults_neighbourhoods\option_9_j3_20260602_v2\CAN_MTL\CC-E1\CC-E1_EEM_J_ENV_DHW_EEM4_20260602_191643\results
CC-E1,CC-E1,CAN_MTL,1,1,1,1,EEM_J_ENV_HVAC_DHW_EEM4,48.6718,3.6272,3.3192,1.6713,8.3081,17.3696,5.7213,28.0209,tier3,376,3500,c:\Users\o_iseri\Desktop\idf_reader\0_BEM_Setup\SimResults_neighbourhoods\option_9_j3_20260602_v2\CAN_MTL\CC-E1\CC-E1_EEM_J_ENV_HVAC_DHW_EEM4_20260602_191657\CC-E1_EEM_J_ENV_HVAC_DHW_EEM4_20260602_191657.idf,c:\Users\o_iseri\Desktop\idf_reader\0_BEM_Setup\SimResults_neighbourhoods\option_9_j3_20260602_v2\CAN_MTL\CC-E1\CC-E1_EEM_J_ENV_HVAC_DHW_EEM4_20260602_191657\results
CC-E2,CC-E2,CAN_MTL,0,0,0,0,EEM_J_DEFAULT,299.1731,173.3701,13.5887,20.926,22.9778,32.5849,28.5479,1.0239,native,22,1381,c:\Users\o_iseri\Desktop\idf_reader\0_BEM_Setup\SimResults_neighbourhoods\option_9_j3_20260602_v2\CAN_MTL\CC-E2\CC-E2_EEM_J_DEFAULT_20260602_191704\CC-E2_EEM_J_DEFAULT_20260602_191704.idf,c:\Users\o_iseri\Desktop\idf_reader\0_BEM_Setup\SimResults_neighbourhoods\option_9_j3_20260602_v2\CAN_MTL\CC-E2\CC-E2_EEM_J_DEFAULT_20260602_191704\results
CC-E2,CC-E2,CAN_MTL,1,0,0,0,EEM_J_ENVELOPE,279.2325,154.3795,12.9761,20.9231,22.9424,32.5851,28.1314,51.2203,tier3,99,1381,c:\Users\o_iseri\Desktop\idf_reader\0_BEM_Setup\SimResults_neighbourhoods\option_9_j3_20260602_v2\CAN_MTL\CC-E2\CC-E2_EEM_J_ENVELOPE_20260602_191723\CC-E2_EEM_J_ENVELOPE_20260602_191723.idf,c:\Users\o_iseri\Desktop\idf_reader\0_BEM_Setup\SimResults_neighbourhoods\option_9_j3_20260602_v2\CAN_MTL\CC-E2\CC-E2_EEM_J_ENVELOPE_20260602_191723\results
CC-E2,CC-E2,CAN_MTL,0,1,0,0,EEM_J_HVAC_ONLY,149.4159,20.7345,13.4656,20.9477,22.9973,32.5849,31.5847,51.2203,tier3,15,1430,c:\Users\o_iseri\Desktop\idf_reader\0_BEM_Setup\SimResults_neighbourhoods\option_9_j3_20260602_v2\CAN_MTL\CC-E2\CC-E2_EEM_J_HVAC_ONLY_20260602_191727\CC-E2_EEM_J_HVAC_ONLY_20260602_191727.idf,c:\Users\o_iseri\Desktop\idf_reader\0_BEM_Setup\SimResults_neighbourhoods\option_9_j3_20260602_v2\CAN_MTL\CC-E2\CC-E2_EEM_J_HVAC_ONLY_20260602_191727\results
CC-E2,CC-E2,CAN_MTL,0,0,1,0,EEM_J_DHW_ONLY,284.0056,175.9822,13.4395,3.4973,22.9973,32.5849,28.3495,51.2203,tier3,12,1729,c:\Users\o_iseri\Desktop\idf_reader\0_BEM_Setup\SimResults_neighbourhoods\option_9_j3_20260602_v2\CAN_MTL\CC-E2\CC-E2_EEM_J_DHW_ONLY_20260602_191732\CC-E2_EEM_J_DHW_ONLY_20260602_191732.idf,c:\Users\o_iseri\Desktop\idf_reader\0_BEM_Setup\SimResults_neighbourhoods\option_9_j3_20260602_v2\CAN_MTL\CC-E2\CC-E2_EEM_J_DHW_ONLY_20260602_191732\results
CC-E2,CC-E2,CAN_MTL,1,1,0,0,EEM_J_ENV_HVAC,144.1265,16.2588,13.0199,20.9457,22.9424,32.5852,31.1285,51.2203,tier3,95,1418,c:\Users\o_iseri\Desktop\idf_reader\0_BEM_Setup\SimResults_neighbourhoods\option_9_j3_20260602_v2\CAN_MTL\CC-E2\CC-E2_EEM_J_ENV_HVAC_20260602_191732\CC-E2_EEM_J_ENV_HVAC_20260602_191732.idf,c:\Users\o_iseri\Desktop\idf_reader\0_BEM_Setup\SimResults_neighbourhoods\option_9_j3_20260602_v2\CAN_MTL\CC-E2\CC-E2_EEM_J_ENV_HVAC_20260602_191732\results
CC-E2,CC-E2,CAN_MTL,1,0,1,0,EEM_J_ENV_DHW,263.8929,156.4131,12.9615,3.5214,22.9424,32.5851,28.1685,51.2203,tier3,71,1715,c:\Users\o_iseri\Desktop\idf_reader\0_BEM_Setup\SimResults_neighbourhoods\option_9_j3_20260602_v2\CAN_MTL\CC-E2\CC-E2_EEM_J_ENV_DHW_20260602_191837\CC-E2_EEM_J_ENV_DHW_20260602_191837.idf,c:\Users\o_iseri\Desktop\idf_reader\0_BEM_Setup\SimResults_neighbourhoods\option_9_j3_20260602_v2\CAN_MTL\CC-E2\CC-E2_EEM_J_ENV_DHW_20260602_191837\results
CC-E2,CC-E2,CAN_MTL,0,1,1,0,EEM_J_HVAC_DHW,134.1435,22.8921,13.4566,3.4918,22.9973,32.5849,31.6171,51.2203,tier3,12,1773,c:\Users\o_iseri\Desktop\idf_reader\0_BEM_Setup\SimResults_neighbourhoods\option_9_j3_20260602_v2\CAN_MTL\CC-E2\CC-E2_EEM_J_HVAC_DHW_20260602_191911\CC-E2_EEM_J_HVAC_DHW_20260602_191911.idf,c:\Users\o_iseri\Desktop\idf_reader\0_BEM_Setup\SimResults_neighbourhoods\option_9_j3_20260602_v2\CAN_MTL\CC-E2\CC-E2_EEM_J_HVAC_DHW_20260602_191911\results
CC-E2,CC-E2,CAN_MTL,1,1,1,0,EEM_J_ENV_HVAC_DHW,128.8339,18.3764,13.0026,3.5143,22.9424,32.5852,31.1601,51.2203,tier3,71,1758,c:\Users\o_iseri\Desktop\idf_reader\0_BEM_Setup\SimResults_neighbourhoods\option_9_j3_20260602_v2\CAN_MTL\CC-E2\CC-E2_EEM_J_ENV_HVAC_DHW_20260602_191918\CC-E2_EEM_J_ENV_HVAC_DHW_20260602_191918.idf,c:\Users\o_iseri\Desktop\idf_reader\0_BEM_Setup\SimResults_neighbourhoods\option_9_j3_20260602_v2\CAN_MTL\CC-E2\CC-E2_EEM_J_ENV_HVAC_DHW_20260602_191918\results
CC-E2,CC-E2,CAN_MTL,1,0,0,1,EEM_J_ENVELOPE_EEM4,251.4539,148.653,11.3978,20.9314,12.7619,23.6901,26.6949,51.2203,tier3,255,2578,c:\Users\o_iseri\Desktop\idf_reader\0_BEM_Setup\SimResults_neighbourhoods\option_9_j3_20260602_v2\CAN_MTL\CC-E2\CC-E2_EEM_J_ENVELOPE_EEM4_20260602_191931\CC-E2_EEM_J_ENVELOPE_EEM4_20260602_191931.idf,c:\Users\o_iseri\Desktop\idf_reader\0_BEM_Setup\SimResults_neighbourhoods\option_9_j3_20260602_v2\CAN_MTL\CC-E2\CC-E2_EEM_J_ENVELOPE_EEM4_20260602_191931\results
CC-E2,CC-E2,CAN_MTL,1,1,0,1,EEM_J_ENV_HVAC_EEM4,121.6818,15.755,11.4128,20.9542,12.7619,23.6902,29.8314,51.2203,tier3,264,2605,c:\Users\o_iseri\Desktop\idf_reader\0_BEM_Setup\SimResults_neighbourhoods\option_9_j3_20260602_v2\CAN_MTL\CC-E2\CC-E2_EEM_J_ENV_HVAC_EEM4_20260602_191940\CC-E2_EEM_J_ENV_HVAC_EEM4_20260602_191940.idf,c:\Users\o_iseri\Desktop\idf_reader\0_BEM_Setup\SimResults_neighbourhoods\option_9_j3_20260602_v2\CAN_MTL\CC-E2\CC-E2_EEM_J_ENV_HVAC_EEM4_20260602_191940\results
CC-E2,CC-E2,CAN_MTL,1,0,1,1,EEM_J_ENV_DHW_EEM4,236.2705,150.8614,11.3865,3.5182,12.7619,23.6901,26.7246,51.2203,tier3,237,2919,c:\Users\o_iseri\Desktop\idf_reader\0_BEM_Setup\SimResults_neighbourhoods\option_9_j3_20260602_v2\CAN_MTL\CC-E2\CC-E2_EEM_J_ENV_DHW_EEM4_20260602_191949\CC-E2_EEM_J_ENV_DHW_EEM4_20260602_191949.idf,c:\Users\o_iseri\Desktop\idf_reader\0_BEM_Setup\SimResults_neighbourhoods\option_9_j3_20260602_v2\CAN_MTL\CC-E2\CC-E2_EEM_J_ENV_DHW_EEM4_20260602_191949\results
CC-E2,CC-E2,CAN_MTL,1,1,1,1,EEM_J_ENV_HVAC_DHW_EEM4,106.3909,17.887,11.3974,3.5077,12.7619,23.6902,29.8675,51.2203,tier3,235,2953,c:\Users\o_iseri\Desktop\idf_reader\0_BEM_Setup\SimResults_neighbourhoods\option_9_j3_20260602_v2\CAN_MTL\CC-E2\CC-E2_EEM_J_ENV_HVAC_DHW_EEM4_20260602_191954\CC-E2_EEM_J_ENV_HVAC_DHW_EEM4_20260602_191954.idf,c:\Users\o_iseri\Desktop\idf_reader\0_BEM_Setup\SimResults_neighbourhoods\option_9_j3_20260602_v2\CAN_MTL\CC-E2\CC-E2_EEM_J_ENV_HVAC_DHW_EEM4_20260602_191954\results
CC-E3,CC-E3,CAN_MTL,0,0,0,0,EEM_J_DEFAULT,284.7203,155.9228,14.5606,23.2637,21.694,34.4957,27.5724,0.7028,native,27,1807,c:\Users\o_iseri\Desktop\idf_reader\0_BEM_Setup\SimResults_neighbourhoods\option_9_j3_20260602_v2\CAN_MTL\CC-E3\CC-E3_EEM_J_DEFAULT_20260602_192006\CC-E3_EEM_J_DEFAULT_20260602_192006.idf,c:\Users\o_iseri\Desktop\idf_reader\0_BEM_Setup\SimResults_neighbourhoods\option_9_j3_20260602_v2\CAN_MTL\CC-E3\CC-E3_EEM_J_DEFAULT_20260602_192006\results
CC-E3,CC-E3,CAN_MTL,1,0,0,0,EEM_J_ENVELOPE,268.9817,140.9795,14.0555,23.2558,21.6386,34.4955,27.2726,54.3915,tier3,82,1826,c:\Users\o_iseri\Desktop\idf_reader\0_BEM_Setup\SimResults_neighbourhoods\option_9_j3_20260602_v2\CAN_MTL\CC-E3\CC-E3_EEM_J_ENVELOPE_20260602_192049\CC-E3_EEM_J_ENVELOPE_20260602_192049.idf,c:\Users\o_iseri\Desktop\idf_reader\0_BEM_Setup\SimResults_neighbourhoods\option_9_j3_20260602_v2\CAN_MTL\CC-E3\CC-E3_EEM_J_ENVELOPE_20260602_192049\results
CC-E3,CC-E3,CAN_MTL,0,1,0,0,EEM_J_HVAC_ONLY,145.5164,13.8615,14.689,23.2795,21.7015,34.4956,30.3438,54.396,tier3,20,1887,c:\Users\o_iseri\Desktop\idf_reader\0_BEM_Setup\SimResults_neighbourhoods\option_9_j3_20260602_v2\CAN_MTL\CC-E3\CC-E3_EEM_J_HVAC_ONLY_20260602_192051\CC-E3_EEM_J_HVAC_ONLY_20260602_192051.idf,c:\Users\o_iseri\Desktop\idf_reader\0_BEM_Setup\SimResults_neighbourhoods\option_9_j3_20260602_v2\CAN_MTL\CC-E3\CC-E3_EEM_J_HVAC_ONLY_20260602_192051\results
CC-E3,CC-E3,CAN_MTL,0,0,1,0,EEM_J_DHW_ONLY,268.0244,157.7027,14.3893,5.1302,21.7015,34.4956,27.4118,54.396,tier3,18,2558,c:\Users\o_iseri\Desktop\idf_reader\0_BEM_Setup\SimResults_neighbourhoods\option_9_j3_20260602_v2\CAN_MTL\CC-E3\CC-E3_EEM_J_DHW_ONLY_20260602_192053\CC-E3_EEM_J_DHW_ONLY_20260602_192053.idf,c:\Users\o_iseri\Desktop\idf_reader\0_BEM_Setup\SimResults_neighbourhoods\option_9_j3_20260602_v2\CAN_MTL\CC-E3\CC-E3_EEM_J_DHW_ONLY_20260602_192053\results
CC-E3,CC-E3,CAN_MTL,1,1,0,0,EEM_J_ENV_HVAC,143.3623,12.448,14.3392,23.272,21.6386,34.4955,29.9182,54.3915,tier3,73,1907,c:\Users\o_iseri\Desktop\idf_reader\0_BEM_Setup\SimResults_neighbourhoods\option_9_j3_20260602_v2\CAN_MTL\CC-E3\CC-E3_EEM_J_ENV_HVAC_20260602_192123\CC-E3_EEM_J_ENV_HVAC_20260602_192123.idf,c:\Users\o_iseri\Desktop\idf_reader\0_BEM_Setup\SimResults_neighbourhoods\option_9_j3_20260602_v2\CAN_MTL\CC-E3\CC-E3_EEM_J_ENV_HVAC_20260602_192123\results
CC-E3,CC-E3,CAN_MTL,1,0,1,0,EEM_J_ENV_DHW,252.3944,142.4786,14.0068,5.1289,21.6386,34.4955,27.3477,54.3915,tier3,112,2579,c:\Users\o_iseri\Desktop\idf_reader\0_BEM_Setup\SimResults_neighbourhoods\option_9_j3_20260602_v2\CAN_MTL\CC-E3\CC-E3_EEM_J_ENV_DHW_20260602_192237\CC-E3_EEM_J_ENV_DHW_20260602_192237.idf,c:\Users\o_iseri\Desktop\idf_reader\0_BEM_Setup\SimResults_neighbourhoods\option_9_j3_20260602_v2\CAN_MTL\CC-E3\CC-E3_EEM_J_ENV_DHW_20260602_192237\results
CC-E3,CC-E3,CAN_MTL,0,1,1,0,EEM_J_HVAC_DHW,128.7292,15.2142,14.6205,5.1261,21.7015,34.4956,30.4169,54.396,tier3,14,2636,c:\Users\o_iseri\Desktop\idf_reader\0_BEM_Setup\SimResults_neighbourhoods\option_9_j3_20260602_v2\CAN_MTL\CC-E3\CC-E3_EEM_J_HVAC_DHW_20260602_192246\CC-E3_EEM_J_HVAC_DHW_20260602_192246.idf,c:\Users\o_iseri\Desktop\idf_reader\0_BEM_Setup\SimResults_neighbourhoods\option_9_j3_20260602_v2\CAN_MTL\CC-E3\CC-E3_EEM_J_HVAC_DHW_20260602_192246\results
CC-E3,CC-E3,CAN_MTL,1,1,1,0,EEM_J_ENV_HVAC_DHW,126.5904,13.7872,14.2777,5.1195,21.6386,34.4955,30.0082,54.3915,tier3,68,2646,c:\Users\o_iseri\Desktop\idf_reader\0_BEM_Setup\SimResults_neighbourhoods\option_9_j3_20260602_v2\CAN_MTL\CC-E3\CC-E3_EEM_J_ENV_HVAC_DHW_20260602_192249\CC-E3_EEM_J_ENV_HVAC_DHW_20260602_192249.idf,c:\Users\o_iseri\Desktop\idf_reader\0_BEM_Setup\SimResults_neighbourhoods\option_9_j3_20260602_v2\CAN_MTL\CC-E3\CC-E3_EEM_J_ENV_HVAC_DHW_20260602_192249\results
CC-E3,CC-E3,CAN_MTL,1,0,0,1,EEM_J_ENVELOPE_EEM4,244.8492,136.7762,12.447,23.2645,12.0365,26.9979,26.0342,54.3915,tier3,242,3352,c:\Users\o_iseri\Desktop\idf_reader\0_BEM_Setup\SimResults_neighbourhoods\option_9_j3_20260602_v2\CAN_MTL\CC-E3\CC-E3_EEM_J_ENVELOPE_EEM4_20260602_192255\CC-E3_EEM_J_ENVELOPE_EEM4_20260602_192255.idf,c:\Users\o_iseri\Desktop\idf_reader\0_BEM_Setup\SimResults_neighbourhoods\option_9_j3_20260602_v2\CAN_MTL\CC-E3\CC-E3_EEM_J_ENVELOPE_EEM4_20260602_192255\results
CC-E3,CC-E3,CAN_MTL,1,1,0,1,EEM_J_ENV_HVAC_EEM4,122.9345,11.9245,12.6067,23.286,12.0365,26.9979,28.8214,54.3915,tier3,242,3424,c:\Users\o_iseri\Desktop\idf_reader\0_BEM_Setup\SimResults_neighbourhoods\option_9_j3_20260602_v2\CAN_MTL\CC-E3\CC-E3_EEM_J_ENV_HVAC_EEM4_20260602_192257\CC-E3_EEM_J_ENV_HVAC_EEM4_20260602_192257.idf,c:\Users\o_iseri\Desktop\idf_reader\0_BEM_Setup\SimResults_neighbourhoods\option_9_j3_20260602_v2\CAN_MTL\CC-E3\CC-E3_EEM_J_ENV_HVAC_EEM4_20260602_192257\results
CC-E3,CC-E3,CAN_MTL,1,0,1,1,EEM_J_ENV_DHW_EEM4,229.9768,140.0879,12.4963,5.131,12.0365,26.998,25.9368,54.3915,tier3,267,4088,c:\Users\o_iseri\Desktop\idf_reader\0_BEM_Setup\SimResults_neighbourhoods\option_9_j3_20260602_v2\CAN_MTL\CC-E3\CC-E3_EEM_J_ENV_DHW_EEM4_20260602_192306\CC-E3_EEM_J_ENV_DHW_EEM4_20260602_192306.idf,c:\Users\o_iseri\Desktop\idf_reader\0_BEM_Setup\SimResults_neighbourhoods\option_9_j3_20260602_v2\CAN_MTL\CC-E3\CC-E3_EEM_J_ENV_DHW_EEM4_20260602_192306\results
CC-E3,CC-E3,CAN_MTL,1,1,1,1,EEM_J_ENV_HVAC_DHW_EEM4,106.2527,13.436,12.639,5.1297,12.0365,26.998,28.7544,54.3915,tier3,236,4167,c:\Users\o_iseri\Desktop\idf_reader\0_BEM_Setup\SimResults_neighbourhoods\option_9_j3_20260602_v2\CAN_MTL\CC-E3\CC-E3_EEM_J_ENV_HVAC_DHW_EEM4_20260602_192313\CC-E3_EEM_J_ENV_HVAC_DHW_EEM4_20260602_192313.idf,c:\Users\o_iseri\Desktop\idf_reader\0_BEM_Setup\SimResults_neighbourhoods\option_9_j3_20260602_v2\CAN_MTL\CC-E3\CC-E3_EEM_J_ENV_HVAC_DHW_EEM4_20260602_192313\results
CC-FD1,CC-FD1,CAN_MTL,0,0,0,0,EEM_J_DEFAULT,124.9661,28.1406,6.7066,29.1789,12.6646,31.0327,11.4374,0.1885,native,6,1882,c:\Users\o_iseri\Desktop\idf_reader\0_BEM_Setup\SimResults_neighbourhoods\option_9_j3_20260602_v2\CAN_MTL\CC-FD1\CC-FD1_EEM_J_DEFAULT_20260602_192356\CC-FD1_EEM_J_DEFAULT_20260602_192356.idf,c:\Users\o_iseri\Desktop\idf_reader\0_BEM_Setup\SimResults_neighbourhoods\option_9_j3_20260602_v2\CAN_MTL\CC-FD1\CC-FD1_EEM_J_DEFAULT_20260602_192356\results
CC-FD1,CC-FD1,CAN_MTL,1,0,0,0,EEM_J_ENVELOPE,112.6999,14.221,7.6316,29.1802,12.33,31.0327,12.7129,8.9286,tier3,67,1962,c:\Users\o_iseri\Desktop\idf_reader\0_BEM_Setup\SimResults_neighbourhoods\option_9_j3_20260602_v2\CAN_MTL\CC-FD1\CC-FD1_EEM_J_ENVELOPE_20260602_192428\CC-FD1_EEM_J_ENVELOPE_20260602_192428.idf,c:\Users\o_iseri\Desktop\idf_reader\0_BEM_Setup\SimResults_neighbourhoods\option_9_j3_20260602_v2\CAN_MTL\CC-FD1\CC-FD1_EEM_J_ENVELOPE_20260602_192428\results
CC-FD1,CC-FD1,CAN_MTL,0,1,0,0,EEM_J_HVAC_ONLY,101.0292,2.8478,6.5908,29.1837,12.6774,31.0327,12.901,8.954,tier3,6,1956,c:\Users\o_iseri\Desktop\idf_reader\0_BEM_Setup\SimResults_neighbourhoods\option_9_j3_20260602_v2\CAN_MTL\CC-FD1\CC-FD1_EEM_J_HVAC_ONLY_20260602_192500\CC-FD1_EEM_J_HVAC_ONLY_20260602_192500.idf,c:\Users\o_iseri\Desktop\idf_reader\0_BEM_Setup\SimResults_neighbourhoods\option_9_j3_20260602_v2\CAN_MTL\CC-FD1\CC-FD1_EEM_J_HVAC_ONLY_20260602_192500\results
CC-FD1,CC-FD1,CAN_MTL,0,0,1,0,EEM_J_DHW_ONLY,105.2732,28.7465,6.6627,8.9133,12.6774,31.0327,11.4342,8.954,tier3,8,2114,c:\Users\o_iseri\Desktop\idf_reader\0_BEM_Setup\SimResults_neighbourhoods\option_9_j3_20260602_v2\CAN_MTL\CC-FD1\CC-FD1_EEM_J_DHW_ONLY_20260602_192516\CC-FD1_EEM_J_DHW_ONLY_20260602_192516.idf,c:\Users\o_iseri\Desktop\idf_reader\0_BEM_Setup\SimResults_neighbourhoods\option_9_j3_20260602_v2\CAN_MTL\CC-FD1\CC-FD1_EEM_J_DHW_ONLY_20260602_192516\results
CC-FD1,CC-FD1,CAN_MTL,1,1,0,0,EEM_J_ENV_HVAC,101.4242,1.6648,7.5774,29.1837,12.33,31.0327,14.0537,8.9286,tier3,25,2038,c:\Users\o_iseri\Desktop\idf_reader\0_BEM_Setup\SimResults_neighbourhoods\option_9_j3_20260602_v2\CAN_MTL\CC-FD1\CC-FD1_EEM_J_ENV_HVAC_20260602_192530\CC-FD1_EEM_J_ENV_HVAC_20260602_192530.idf,c:\Users\o_iseri\Desktop\idf_reader\0_BEM_Setup\SimResults_neighbourhoods\option_9_j3_20260602_v2\CAN_MTL\CC-FD1\CC-FD1_EEM_J_ENV_HVAC_20260602_192530\results
CC-FD1,CC-FD1,CAN_MTL,1,0,1,0,EEM_J_ENV_DHW,90.8735,13.2741,7.4941,8.894,12.3318,31.0327,12.0876,8.9548,tier3,34,2192,c:\Users\o_iseri\Desktop\idf_reader\0_BEM_Setup\SimResults_neighbourhoods\option_9_j3_20260602_v2\CAN_MTL\CC-FD1\CC-FD1_EEM_J_ENV_DHW_20260602_192644\CC-FD1_EEM_J_ENV_DHW_20260602_192644.idf,c:\Users\o_iseri\Desktop\idf_reader\0_BEM_Setup\SimResults_neighbourhoods\option_9_j3_20260602_v2\CAN_MTL\CC-FD1\CC-FD1_EEM_J_ENV_DHW_20260602_192644\results
CC-FD1,CC-FD1,CAN_MTL,0,1,1,0,EEM_J_HVAC_DHW,81.2706,3.3177,6.5849,8.9165,12.6774,31.0327,12.9455,8.954,tier3,9,2165,c:\Users\o_iseri\Desktop\idf_reader\0_BEM_Setup\SimResults_neighbourhoods\option_9_j3_20260602_v2\CAN_MTL\CC-FD1\CC-FD1_EEM_J_HVAC_DHW_20260602_192701\CC-FD1_EEM_J_HVAC_DHW_20260602_192701.idf,c:\Users\o_iseri\Desktop\idf_reader\0_BEM_Setup\SimResults_neighbourhoods\option_9_j3_20260602_v2\CAN_MTL\CC-FD1\CC-FD1_EEM_J_HVAC_DHW_20260602_192701\results
CC-FD1,CC-FD1,CAN_MTL,1,1,1,0,EEM_J_ENV_HVAC_DHW,81.681,2.127,7.5726,8.9372,12.33,31.0327,14.1004,8.9286,tier3,15,2200,c:\Users\o_iseri\Desktop\idf_reader\0_BEM_Setup\SimResults_neighbourhoods\option_9_j3_20260602_v2\CAN_MTL\CC-FD1\CC-FD1_EEM_J_ENV_HVAC_DHW_20260602_192712\CC-FD1_EEM_J_ENV_HVAC_DHW_20260602_192712.idf,c:\Users\o_iseri\Desktop\idf_reader\0_BEM_Setup\SimResults_neighbourhoods\option_9_j3_20260602_v2\CAN_MTL\CC-FD1\CC-FD1_EEM_J_ENV_HVAC_DHW_20260602_192712\results
CC-FD1,CC-FD1,CAN_MTL,0,0,0,1,EEM_J_EEM4_ONLY,110.1399,34.0767,5.4189,29.1795,6.4187,19.5945,9.4692,8.954,tier3,24,2354,c:\Users\o_iseri\Desktop\idf_reader\0_BEM_Setup\SimResults_neighbourhoods\option_9_j3_20260602_v2\CAN_MTL\CC-FD1\CC-FD1_EEM_J_EEM4_ONLY_20260602_192740\CC-FD1_EEM_J_EEM4_ONLY_20260602_192740.idf,c:\Users\o_iseri\Desktop\idf_reader\0_BEM_Setup\SimResults_neighbourhoods\option_9_j3_20260602_v2\CAN_MTL\CC-FD1\CC-FD1_EEM_J_EEM4_ONLY_20260602_192740\results
CC-FD1,CC-FD1,CAN_MTL,1,0,0,1,EEM_J_ENVELOPE_EEM4,93.2078,16.2654,6.1113,29.1794,6.1395,19.5945,9.9825,8.9548,tier3,8,2348,c:\Users\o_iseri\Desktop\idf_reader\0_BEM_Setup\SimResults_neighbourhoods\option_9_j3_20260602_v2\CAN_MTL\CC-FD1\CC-FD1_EEM_J_ENVELOPE_EEM4_20260602_192741\CC-FD1_EEM_J_ENVELOPE_EEM4_20260602_192741.idf,c:\Users\o_iseri\Desktop\idf_reader\0_BEM_Setup\SimResults_neighbourhoods\option_9_j3_20260602_v2\CAN_MTL\CC-FD1\CC-FD1_EEM_J_ENVELOPE_EEM4_20260602_192741\results
CC-FD1,CC-FD1,CAN_MTL,0,1,0,1,EEM_J_HVAC_ONLY_EEM4,80.9427,3.3593,5.3735,29.1843,6.4187,19.5945,11.0404,8.954,tier3,24,2433,c:\Users\o_iseri\Desktop\idf_reader\0_BEM_Setup\SimResults_neighbourhoods\option_9_j3_20260602_v2\CAN_MTL\CC-FD1\CC-FD1_EEM_J_HVAC_ONLY_EEM4_20260602_192757\CC-FD1_EEM_J_HVAC_ONLY_EEM4_20260602_192757.idf,c:\Users\o_iseri\Desktop\idf_reader\0_BEM_Setup\SimResults_neighbourhoods\option_9_j3_20260602_v2\CAN_MTL\CC-FD1\CC-FD1_EEM_J_HVAC_ONLY_EEM4_20260602_192757\results
CC-FD1,CC-FD1,CAN_MTL,0,0,1,1,EEM_J_DHW_ONLY_EEM4,90.379,34.544,5.4129,8.9101,6.4187,19.5945,9.5162,8.954,tier3,25,2594,c:\Users\o_iseri\Desktop\idf_reader\0_BEM_Setup\SimResults_neighbourhoods\option_9_j3_20260602_v2\CAN_MTL\CC-FD1\CC-FD1_EEM_J_DHW_ONLY_EEM4_20260602_192802\CC-FD1_EEM_J_DHW_ONLY_EEM4_20260602_192802.idf,c:\Users\o_iseri\Desktop\idf_reader\0_BEM_Setup\SimResults_neighbourhoods\option_9_j3_20260602_v2\CAN_MTL\CC-FD1\CC-FD1_EEM_J_DHW_ONLY_EEM4_20260602_192802\results
CC-FD1,CC-FD1,CAN_MTL,1,1,0,1,EEM_J_ENV_HVAC_EEM4,79.8769,1.9273,6.0803,29.1851,6.1395,19.5945,11.0259,8.9548,tier3,7,2408,c:\Users\o_iseri\Desktop\idf_reader\0_BEM_Setup\SimResults_neighbourhoods\option_9_j3_20260602_v2\CAN_MTL\CC-FD1\CC-FD1_EEM_J_ENV_HVAC_EEM4_20260602_192816\CC-FD1_EEM_J_ENV_HVAC_EEM4_20260602_192816.idf,c:\Users\o_iseri\Desktop\idf_reader\0_BEM_Setup\SimResults_neighbourhoods\option_9_j3_20260602_v2\CAN_MTL\CC-FD1\CC-FD1_EEM_J_ENV_HVAC_EEM4_20260602_192816\results
CC-FD1,CC-FD1,CAN_MTL,1,0,1,1,EEM_J_ENV_DHW_EEM4,73.4524,16.7355,6.1058,8.9075,6.1395,19.5945,10.034,8.9548,tier3,9,2568,c:\Users\o_iseri\Desktop\idf_reader\0_BEM_Setup\SimResults_neighbourhoods\option_9_j3_20260602_v2\CAN_MTL\CC-FD1\CC-FD1_EEM_J_ENV_DHW_EEM4_20260602_192903\CC-FD1_EEM_J_ENV_DHW_EEM4_20260602_192903.idf,c:\Users\o_iseri\Desktop\idf_reader\0_BEM_Setup\SimResults_neighbourhoods\option_9_j3_20260602_v2\CAN_MTL\CC-FD1\CC-FD1_EEM_J_ENV_DHW_EEM4_20260602_192903\results
CC-FD1,CC-FD1,CAN_MTL,0,1,1,1,EEM_J_HVAC_DHW_EEM4,61.181,3.8303,5.3679,8.9174,6.4187,19.5945,11.0802,8.954,tier3,25,2661,c:\Users\o_iseri\Desktop\idf_reader\0_BEM_Setup\SimResults_neighbourhoods\option_9_j3_20260602_v2\CAN_MTL\CC-FD1\CC-FD1_EEM_J_HVAC_DHW_EEM4_20260602_192913\CC-FD1_EEM_J_HVAC_DHW_EEM4_20260602_192913.idf,c:\Users\o_iseri\Desktop\idf_reader\0_BEM_Setup\SimResults_neighbourhoods\option_9_j3_20260602_v2\CAN_MTL\CC-FD1\CC-FD1_EEM_J_HVAC_DHW_EEM4_20260602_192913\results
CC-FD1,CC-FD1,CAN_MTL,1,1,1,1,EEM_J_ENV_HVAC_DHW_EEM4,61.3892,2.4272,6.2159,8.9797,6.1362,19.5945,12.3346,8.9286,tier3,20,2637,c:\Users\o_iseri\Desktop\idf_reader\0_BEM_Setup\SimResults_neighbourhoods\option_9_j3_20260602_v2\CAN_MTL\CC-FD1\CC-FD1_EEM_J_ENV_HVAC_DHW_EEM4_20260602_193008\CC-FD1_EEM_J_ENV_HVAC_DHW_EEM4_20260602_193008.idf,c:\Users\o_iseri\Desktop\idf_reader\0_BEM_Setup\SimResults_neighbourhoods\option_9_j3_20260602_v2\CAN_MTL\CC-FD1\CC-FD1_EEM_J_ENV_HVAC_DHW_EEM4_20260602_193008\results
CC-FD2,CC-FD2,CAN_MTL,0,0,0,0,EEM_J_DEFAULT,117.3766,22.6066,6.5988,22.9077,13.3599,33.3833,8.8494,1.1901,native,20,10609,c:\Users\o_iseri\Desktop\idf_reader\0_BEM_Setup\SimResults_neighbourhoods\option_9_j3_20260602_v2\CAN_MTL\CC-FD2\CC-FD2_EEM_J_DEFAULT_20260602_193101\CC-FD2_EEM_J_DEFAULT_20260602_193101.idf,c:\Users\o_iseri\Desktop\idf_reader\0_BEM_Setup\SimResults_neighbourhoods\option_9_j3_20260602_v2\CAN_MTL\CC-FD2\CC-FD2_EEM_J_DEFAULT_20260602_193101\results
CC-FD2,CC-FD2,CAN_MTL,1,0,0,0,EEM_J_ENVELOPE,109.4332,12.7127,7.4001,22.9094,13.184,33.3833,10.2712,15.5138,tier3,76,10618,c:\Users\o_iseri\Desktop\idf_reader\0_BEM_Setup\SimResults_neighbourhoods\option_9_j3_20260602_v2\CAN_MTL\CC-FD2\CC-FD2_EEM_J_ENVELOPE_20260602_193123\CC-FD2_EEM_J_ENVELOPE_20260602_193123.idf,c:\Users\o_iseri\Desktop\idf_reader\0_BEM_Setup\SimResults_neighbourhoods\option_9_j3_20260602_v2\CAN_MTL\CC-FD2\CC-FD2_EEM_J_ENVELOPE_20260602_193123\results
CC-FD2,CC-FD2,CAN_MTL,0,1,0,0,EEM_J_HVAC_ONLY,99.191,3.8926,6.3539,22.9158,13.375,33.3833,9.6137,15.5544,tier3,13,10976,c:\Users\o_iseri\Desktop\idf_reader\0_BEM_Setup\SimResults_neighbourhoods\option_9_j3_20260602_v2\CAN_MTL\CC-FD2\CC-FD2_EEM_J_HVAC_ONLY_20260602_193125\CC-FD2_EEM_J_HVAC_ONLY_20260602_193125.idf,c:\Users\o_iseri\Desktop\idf_reader\0_BEM_Setup\SimResults_neighbourhoods\option_9_j3_20260602_v2\CAN_MTL\CC-FD2\CC-FD2_EEM_J_HVAC_ONLY_20260602_193125\results
CC-FD2,CC-FD2,CAN_MTL,0,0,1,0,EEM_J_DHW_ONLY,101.8438,23.7758,6.5103,6.3661,13.375,33.3833,8.7575,15.5544,tier3,12,10886,c:\Users\o_iseri\Desktop\idf_reader\0_BEM_Setup\SimResults_neighbourhoods\option_9_j3_20260602_v2\CAN_MTL\CC-FD2\CC-FD2_EEM_J_DHW_ONLY_20260602_193134\CC-FD2_EEM_J_DHW_ONLY_20260602_193134.idf,c:\Users\o_iseri\Desktop\idf_reader\0_BEM_Setup\SimResults_neighbourhoods\option_9_j3_20260602_v2\CAN_MTL\CC-FD2\CC-FD2_EEM_J_DHW_ONLY_20260602_193134\results
CC-FD2,CC-FD2,CAN_MTL,1,1,0,0,EEM_J_ENV_HVAC,100.0626,2.7216,7.2579,22.9175,13.184,33.3833,11.042,15.5138,tier3,75,10997,c:\Users\o_iseri\Desktop\idf_reader\0_BEM_Setup\SimResults_neighbourhoods\option_9_j3_20260602_v2\CAN_MTL\CC-FD2\CC-FD2_EEM_J_ENV_HVAC_20260602_193137\CC-FD2_EEM_J_ENV_HVAC_20260602_193137.idf,c:\Users\o_iseri\Desktop\idf_reader\0_BEM_Setup\SimResults_neighbourhoods\option_9_j3_20260602_v2\CAN_MTL\CC-FD2\CC-FD2_EEM_J_ENV_HVAC_20260602_193137\results
CC-FD2,CC-FD2,CAN_MTL,1,0,1,0,EEM_J_ENV_DHW,92.4864,13.3229,7.1443,6.3343,13.1855,33.3833,9.4215,15.5548,tier3,25,10919,c:\Users\o_iseri\Desktop\idf_reader\0_BEM_Setup\SimResults_neighbourhoods\option_9_j3_20260602_v2\CAN_MTL\CC-FD2\CC-FD2_EEM_J_ENV_DHW_20260602_193210\CC-FD2_EEM_J_ENV_DHW_20260602_193210.idf,c:\Users\o_iseri\Desktop\idf_reader\0_BEM_Setup\SimResults_neighbourhoods\option_9_j3_20260602_v2\CAN_MTL\CC-FD2\CC-FD2_EEM_J_ENV_DHW_20260602_193210\results
CC-FD2,CC-FD2,CAN_MTL,0,1,1,0,EEM_J_HVAC_DHW,83.6697,4.8902,6.3463,6.3627,13.375,33.3833,9.654,15.5544,tier3,10,11242,c:\Users\o_iseri\Desktop\idf_reader\0_BEM_Setup\SimResults_neighbourhoods\option_9_j3_20260602_v2\CAN_MTL\CC-FD2\CC-FD2_EEM_J_HVAC_DHW_20260602_193248\CC-FD2_EEM_J_HVAC_DHW_20260602_193248.idf,c:\Users\o_iseri\Desktop\idf_reader\0_BEM_Setup\SimResults_neighbourhoods\option_9_j3_20260602_v2\CAN_MTL\CC-FD2\CC-FD2_EEM_J_HVAC_DHW_20260602_193248\results
CC-FD2,CC-FD2,CAN_MTL,1,1,1,0,EEM_J_ENV_HVAC_DHW,84.5239,3.7126,7.2447,6.3926,13.184,33.3833,11.0456,15.5138,tier3,38,11240,c:\Users\o_iseri\Desktop\idf_reader\0_BEM_Setup\SimResults_neighbourhoods\option_9_j3_20260602_v2\CAN_MTL\CC-FD2\CC-FD2_EEM_J_ENV_HVAC_DHW_20260602_193252\CC-FD2_EEM_J_ENV_HVAC_DHW_20260602_193252.idf,c:\Users\o_iseri\Desktop\idf_reader\0_BEM_Setup\SimResults_neighbourhoods\option_9_j3_20260602_v2\CAN_MTL\CC-FD2\CC-FD2_EEM_J_ENV_HVAC_DHW_20260602_193252\results
CC-FD2,CC-FD2,CAN_MTL,0,0,0,1,EEM_J_EEM4_ONLY,100.0667,27.7241,5.0833,22.9089,6.435,21.363,6.8766,15.5544,tier3,21,11241,c:\Users\o_iseri\Desktop\idf_reader\0_BEM_Setup\SimResults_neighbourhoods\option_9_j3_20260602_v2\CAN_MTL\CC-FD2\CC-FD2_EEM_J_EEM4_ONLY_20260602_193302\CC-FD2_EEM_J_EEM4_ONLY_20260602_193302.idf,c:\Users\o_iseri\Desktop\idf_reader\0_BEM_Setup\SimResults_neighbourhoods\option_9_j3_20260602_v2\CAN_MTL\CC-FD2\CC-FD2_EEM_J_EEM4_ONLY_20260602_193302\results
CC-FD2,CC-FD2,CAN_MTL,1,0,0,1,EEM_J_ENVELOPE_EEM4,88.3419,15.0784,5.617,22.9103,6.2784,21.363,7.4208,15.5548,tier3,30,11244,c:\Users\o_iseri\Desktop\idf_reader\0_BEM_Setup\SimResults_neighbourhoods\option_9_j3_20260602_v2\CAN_MTL\CC-FD2\CC-FD2_EEM_J_ENVELOPE_EEM4_20260602_193308\CC-FD2_EEM_J_ENVELOPE_EEM4_20260602_193308.idf,c:\Users\o_iseri\Desktop\idf_reader\0_BEM_Setup\SimResults_neighbourhoods\option_9_j3_20260602_v2\CAN_MTL\CC-FD2\CC-FD2_EEM_J_ENVELOPE_EEM4_20260602_193308\results
CC-FD2,CC-FD2,CAN_MTL,0,1,0,1,EEM_J_HVAC_ONLY_EEM4,77.7576,4.5869,4.9759,22.9171,6.435,21.363,7.821,15.5544,tier3,20,11603,c:\Users\o_iseri\Desktop\idf_reader\0_BEM_Setup\SimResults_neighbourhoods\option_9_j3_20260602_v2\CAN_MTL\CC-FD2\CC-FD2_EEM_J_HVAC_ONLY_EEM4_20260602_193324\CC-FD2_EEM_J_HVAC_ONLY_EEM4_20260602_193324.idf,c:\Users\o_iseri\Desktop\idf_reader\0_BEM_Setup\SimResults_neighbourhoods\option_9_j3_20260602_v2\CAN_MTL\CC-FD2\CC-FD2_EEM_J_HVAC_ONLY_EEM4_20260602_193324\results
CC-FD2,CC-FD2,CAN_MTL,0,0,1,1,EEM_J_DHW_ONLY_EEM4,84.5457,28.7276,5.0744,6.3527,6.435,21.363,6.9168,15.5544,tier3,23,11523,c:\Users\o_iseri\Desktop\idf_reader\0_BEM_Setup\SimResults_neighbourhoods\option_9_j3_20260602_v2\CAN_MTL\CC-FD2\CC-FD2_EEM_J_DHW_ONLY_EEM4_20260602_193339\CC-FD2_EEM_J_DHW_ONLY_EEM4_20260602_193339.idf,c:\Users\o_iseri\Desktop\idf_reader\0_BEM_Setup\SimResults_neighbourhoods\option_9_j3_20260602_v2\CAN_MTL\CC-FD2\CC-FD2_EEM_J_DHW_ONLY_EEM4_20260602_193339\results
CC-FD2,CC-FD2,CAN_MTL,1,1,0,1,EEM_J_ENV_HVAC_EEM4,76.8589,3.019,5.5337,22.9187,6.2784,21.363,8.0889,15.5548,tier3,34,11606,c:\Users\o_iseri\Desktop\idf_reader\0_BEM_Setup\SimResults_neighbourhoods\option_9_j3_20260602_v2\CAN_MTL\CC-FD2\CC-FD2_EEM_J_ENV_HVAC_EEM4_20260602_193357\CC-FD2_EEM_J_ENV_HVAC_EEM4_20260602_193357.idf,c:\Users\o_iseri\Desktop\idf_reader\0_BEM_Setup\SimResults_neighbourhoods\option_9_j3_20260602_v2\CAN_MTL\CC-FD2\CC-FD2_EEM_J_ENV_HVAC_EEM4_20260602_193357\results
CC-FD2,CC-FD2,CAN_MTL,1,0,1,1,EEM_J_ENV_DHW_EEM4,72.7698,16.0734,5.6035,6.319,6.2784,21.363,7.4582,15.5548,tier3,39,11523,c:\Users\o_iseri\Desktop\idf_reader\0_BEM_Setup\SimResults_neighbourhoods\option_9_j3_20260602_v2\CAN_MTL\CC-FD2\CC-FD2_EEM_J_ENV_DHW_EEM4_20260602_193414\CC-FD2_EEM_J_ENV_DHW_EEM4_20260602_193414.idf,c:\Users\o_iseri\Desktop\idf_reader\0_BEM_Setup\SimResults_neighbourhoods\option_9_j3_20260602_v2\CAN_MTL\CC-FD2\CC-FD2_EEM_J_ENV_DHW_EEM4_20260602_193414\results
CC-FD2,CC-FD2,CAN_MTL,0,1,1,1,EEM_J_HVAC_DHW_EEM4,62.2235,5.5835,4.9671,6.3541,6.435,21.363,7.8613,15.5544,tier3,23,11877,c:\Users\o_iseri\Desktop\idf_reader\0_BEM_Setup\SimResults_neighbourhoods\option_9_j3_20260602_v2\CAN_MTL\CC-FD2\CC-FD2_EEM_J_HVAC_DHW_EEM4_20260602_193442\CC-FD2_EEM_J_HVAC_DHW_EEM4_20260602_193442.idf,c:\Users\o_iseri\Desktop\idf_reader\0_BEM_Setup\SimResults_neighbourhoods\option_9_j3_20260602_v2\CAN_MTL\CC-FD2\CC-FD2_EEM_J_HVAC_DHW_EEM4_20260602_193442\results
CC-FD2,CC-FD2,CAN_MTL,1,1,1,1,EEM_J_ENV_HVAC_DHW_EEM4,62.336,4.1818,5.7365,6.3877,6.2768,21.363,8.7804,15.5138,tier3,35,11834,c:\Users\o_iseri\Desktop\idf_reader\0_BEM_Setup\SimResults_neighbourhoods\option_9_j3_20260602_v2\CAN_MTL\CC-FD2\CC-FD2_EEM_J_ENV_HVAC_DHW_EEM4_20260602_193453\CC-FD2_EEM_J_ENV_HVAC_DHW_EEM4_20260602_193453.idf,c:\Users\o_iseri\Desktop\idf_reader\0_BEM_Setup\SimResults_neighbourhoods\option_9_j3_20260602_v2\CAN_MTL\CC-FD2\CC-FD2_EEM_J_ENV_HVAC_DHW_EEM4_20260602_193453\results
CC-FD3,CC-FD3,CAN_MTL,0,0,0,0,EEM_J_DEFAULT,132.9026,29.1202,7.948,29.4989,13.7242,34.7873,10.4301,0.3485,native,11,15795,c:\Users\o_iseri\Desktop\idf_reader\0_BEM_Setup\SimResults_neighbourhoods\option_9_j3_20260602_v2\CAN_MTL\CC-FD3\CC-FD3_EEM_J_DEFAULT_20260602_193537\CC-FD3_EEM_J_DEFAULT_20260602_193537.idf,c:\Users\o_iseri\Desktop\idf_reader\0_BEM_Setup\SimResults_neighbourhoods\option_9_j3_20260602_v2\CAN_MTL\CC-FD3\CC-FD3_EEM_J_DEFAULT_20260602_193537\results
CC-FD3,CC-FD3,CAN_MTL,1,0,0,0,EEM_J_ENVELOPE,119.5968,14.7378,8.8586,29.4984,13.4494,34.7873,10.8768,13.2194,tier3,16,15880,c:\Users\o_iseri\Desktop\idf_reader\0_BEM_Setup\SimResults_neighbourhoods\option_9_j3_20260602_v2\CAN_MTL\CC-FD3\CC-FD3_EEM_J_ENVELOPE_20260602_193604\CC-FD3_EEM_J_ENVELOPE_20260602_193604.idf,c:\Users\o_iseri\Desktop\idf_reader\0_BEM_Setup\SimResults_neighbourhoods\option_9_j3_20260602_v2\CAN_MTL\CC-FD3\CC-FD3_EEM_J_ENVELOPE_20260602_193604\results
CC-FD3,CC-FD3,CAN_MTL,0,1,0,0,EEM_J_HVAC_ONLY,108.8207,3.9688,7.7805,29.5055,13.745,34.7873,11.6537,13.2192,tier3,7,15884,c:\Users\o_iseri\Desktop\idf_reader\0_BEM_Setup\SimResults_neighbourhoods\option_9_j3_20260602_v2\CAN_MTL\CC-FD3\CC-FD3_EEM_J_HVAC_ONLY_20260602_193605\CC-FD3_EEM_J_HVAC_ONLY_20260602_193605.idf,c:\Users\o_iseri\Desktop\idf_reader\0_BEM_Setup\SimResults_neighbourhoods\option_9_j3_20260602_v2\CAN_MTL\CC-FD3\CC-FD3_EEM_J_HVAC_ONLY_20260602_193605\results
CC-FD3,CC-FD3,CAN_MTL,0,0,1,0,EEM_J_DHW_ONLY,113.4202,29.8702,7.864,9.3776,13.745,34.7873,10.3774,13.2192,tier3,8,16176,c:\Users\o_iseri\Desktop\idf_reader\0_BEM_Setup\SimResults_neighbourhoods\option_9_j3_20260602_v2\CAN_MTL\CC-FD3\CC-FD3_EEM_J_DHW_ONLY_20260602_193608\CC-FD3_EEM_J_DHW_ONLY_20260602_193608.idf,c:\Users\o_iseri\Desktop\idf_reader\0_BEM_Setup\SimResults_neighbourhoods\option_9_j3_20260602_v2\CAN_MTL\CC-FD3\CC-FD3_EEM_J_DHW_ONLY_20260602_193608\results
CC-FD3,CC-FD3,CAN_MTL,1,1,0,0,EEM_J_ENV_HVAC,108.0387,2.3367,8.783,29.5055,13.4494,34.7873,11.8065,13.2194,tier3,14,15973,c:\Users\o_iseri\Desktop\idf_reader\0_BEM_Setup\SimResults_neighbourhoods\option_9_j3_20260602_v2\CAN_MTL\CC-FD3\CC-FD3_EEM_J_ENV_HVAC_20260602_193621\CC-FD3_EEM_J_ENV_HVAC_20260602_193621.idf,c:\Users\o_iseri\Desktop\idf_reader\0_BEM_Setup\SimResults_neighbourhoods\option_9_j3_20260602_v2\CAN_MTL\CC-FD3\CC-FD3_EEM_J_ENV_HVAC_20260602_193621\results
CC-FD3,CC-FD3,CAN_MTL,1,0,1,0,EEM_J_ENV_DHW,99.9118,15.1656,8.8592,9.3351,13.4494,34.7873,10.9264,13.2194,tier3,32,16267,c:\Users\o_iseri\Desktop\idf_reader\0_BEM_Setup\SimResults_neighbourhoods\option_9_j3_20260602_v2\CAN_MTL\CC-FD3\CC-FD3_EEM_J_ENV_DHW_20260602_193701\CC-FD3_EEM_J_ENV_DHW_20260602_193701.idf,c:\Users\o_iseri\Desktop\idf_reader\0_BEM_Setup\SimResults_neighbourhoods\option_9_j3_20260602_v2\CAN_MTL\CC-FD3\CC-FD3_EEM_J_ENV_DHW_20260602_193701\results
CC-FD3,CC-FD3,CAN_MTL,0,1,1,0,EEM_J_HVAC_DHW,89.176,4.3984,7.7807,9.3815,13.745,34.7873,11.703,13.2192,tier3,8,16266,c:\Users\o_iseri\Desktop\idf_reader\0_BEM_Setup\SimResults_neighbourhoods\option_9_j3_20260602_v2\CAN_MTL\CC-FD3\CC-FD3_EEM_J_HVAC_DHW_20260602_193722\CC-FD3_EEM_J_HVAC_DHW_20260602_193722.idf,c:\Users\o_iseri\Desktop\idf_reader\0_BEM_Setup\SimResults_neighbourhoods\option_9_j3_20260602_v2\CAN_MTL\CC-FD3\CC-FD3_EEM_J_HVAC_DHW_20260602_193722\results
CC-FD3,CC-FD3,CAN_MTL,1,1,1,0,EEM_J_ENV_HVAC_DHW,88.3708,2.765,8.7833,9.3594,13.4494,34.7873,11.8559,13.2194,tier3,15,16354,c:\Users\o_iseri\Desktop\idf_reader\0_BEM_Setup\SimResults_neighbourhoods\option_9_j3_20260602_v2\CAN_MTL\CC-FD3\CC-FD3_EEM_J_ENV_HVAC_DHW_20260602_193735\CC-FD3_EEM_J_ENV_HVAC_DHW_20260602_193735.idf,c:\Users\o_iseri\Desktop\idf_reader\0_BEM_Setup\SimResults_neighbourhoods\option_9_j3_20260602_v2\CAN_MTL\CC-FD3\CC-FD3_EEM_J_ENV_HVAC_DHW_20260602_193735\results
CC-FD3,CC-FD3,CAN_MTL,0,0,0,1,EEM_J_EEM4_ONLY,116.4643,34.8058,6.292,29.5008,6.9207,23.0718,8.3167,13.2192,tier3,20,16552,c:\Users\o_iseri\Desktop\idf_reader\0_BEM_Setup\SimResults_neighbourhoods\option_9_j3_20260602_v2\CAN_MTL\CC-FD3\CC-FD3_EEM_J_EEM4_ONLY_20260602_193743\CC-FD3_EEM_J_EEM4_ONLY_20260602_193743.idf,c:\Users\o_iseri\Desktop\idf_reader\0_BEM_Setup\SimResults_neighbourhoods\option_9_j3_20260602_v2\CAN_MTL\CC-FD3\CC-FD3_EEM_J_EEM4_ONLY_20260602_193743\results
CC-FD3,CC-FD3,CAN_MTL,1,0,0,1,EEM_J_ENVELOPE_EEM4,100.3736,17.8394,7.0496,29.5001,6.6697,23.0718,8.6885,13.2194,tier3,42,16562,c:\Users\o_iseri\Desktop\idf_reader\0_BEM_Setup\SimResults_neighbourhoods\option_9_j3_20260602_v2\CAN_MTL\CC-FD3\CC-FD3_EEM_J_ENVELOPE_EEM4_20260602_193756\CC-FD3_EEM_J_ENVELOPE_EEM4_20260602_193756.idf,c:\Users\o_iseri\Desktop\idf_reader\0_BEM_Setup\SimResults_neighbourhoods\option_9_j3_20260602_v2\CAN_MTL\CC-FD3\CC-FD3_EEM_J_ENVELOPE_EEM4_20260602_193756\results
CC-FD3,CC-FD3,CAN_MTL,0,1,0,1,EEM_J_HVAC_ONLY_EEM4,87.6407,4.6991,6.2519,29.5082,6.9207,23.0718,9.6514,13.2192,tier3,20,16635,c:\Users\o_iseri\Desktop\idf_reader\0_BEM_Setup\SimResults_neighbourhoods\option_9_j3_20260602_v2\CAN_MTL\CC-FD3\CC-FD3_EEM_J_HVAC_ONLY_EEM4_20260602_193809\CC-FD3_EEM_J_HVAC_ONLY_EEM4_20260602_193809.idf,c:\Users\o_iseri\Desktop\idf_reader\0_BEM_Setup\SimResults_neighbourhoods\option_9_j3_20260602_v2\CAN_MTL\CC-FD3\CC-FD3_EEM_J_HVAC_ONLY_EEM4_20260602_193809\results
CC-FD3,CC-FD3,CAN_MTL,0,0,1,1,EEM_J_DHW_ONLY_EEM4,96.7957,35.232,6.293,9.3549,6.9207,23.0718,8.367,13.2192,tier3,20,16944,c:\Users\o_iseri\Desktop\idf_reader\0_BEM_Setup\SimResults_neighbourhoods\option_9_j3_20260602_v2\CAN_MTL\CC-FD3\CC-FD3_EEM_J_DHW_ONLY_EEM4_20260602_193824\CC-FD3_EEM_J_DHW_ONLY_EEM4_20260602_193824.idf,c:\Users\o_iseri\Desktop\idf_reader\0_BEM_Setup\SimResults_neighbourhoods\option_9_j3_20260602_v2\CAN_MTL\CC-FD3\CC-FD3_EEM_J_DHW_ONLY_EEM4_20260602_193824\results
CC-FD3,CC-FD3,CAN_MTL,1,1,0,1,EEM_J_ENV_HVAC_EEM4,86.1297,2.7055,7.0196,29.5091,6.6697,23.0718,9.6189,13.2194,tier3,24,16649,c:\Users\o_iseri\Desktop\idf_reader\0_BEM_Setup\SimResults_neighbourhoods\option_9_j3_20260602_v2\CAN_MTL\CC-FD3\CC-FD3_EEM_J_ENV_HVAC_EEM4_20260602_193827\CC-FD3_EEM_J_ENV_HVAC_EEM4_20260602_193827.idf,c:\Users\o_iseri\Desktop\idf_reader\0_BEM_Setup\SimResults_neighbourhoods\option_9_j3_20260602_v2\CAN_MTL\CC-FD3\CC-FD3_EEM_J_ENV_HVAC_EEM4_20260602_193827\results
CC-FD3,CC-FD3,CAN_MTL,1,0,1,1,EEM_J_ENV_DHW_EEM4,80.717,18.2921,7.0524,9.3332,6.6697,23.0718,8.7443,13.2194,tier3,21,16954,c:\Users\o_iseri\Desktop\idf_reader\0_BEM_Setup\SimResults_neighbourhoods\option_9_j3_20260602_v2\CAN_MTL\CC-FD3\CC-FD3_EEM_J_ENV_DHW_EEM4_20260602_193908\CC-FD3_EEM_J_ENV_DHW_EEM4_20260602_193908.idf,c:\Users\o_iseri\Desktop\idf_reader\0_BEM_Setup\SimResults_neighbourhoods\option_9_j3_20260602_v2\CAN_MTL\CC-FD3\CC-FD3_EEM_J_ENV_DHW_EEM4_20260602_193908\results
CC-FD3,CC-FD3,CAN_MTL,0,1,1,1,EEM_J_HVAC_DHW_EEM4,67.9746,5.1257,6.2529,9.3654,6.9207,23.0718,9.7006,13.2192,tier3,20,17025,c:\Users\o_iseri\Desktop\idf_reader\0_BEM_Setup\SimResults_neighbourhoods\option_9_j3_20260602_v2\CAN_MTL\CC-FD3\CC-FD3_EEM_J_HVAC_DHW_EEM4_20260602_193914\CC-FD3_EEM_J_HVAC_DHW_EEM4_20260602_193914.idf,c:\Users\o_iseri\Desktop\idf_reader\0_BEM_Setup\SimResults_neighbourhoods\option_9_j3_20260602_v2\CAN_MTL\CC-FD3\CC-FD3_EEM_J_HVAC_DHW_EEM4_20260602_193914\results
CC-FD3,CC-FD3,CAN_MTL,1,1,1,1,EEM_J_ENV_HVAC_DHW_EEM4,66.4818,3.1355,7.0224,9.3538,6.6697,23.0718,9.6941,13.2194,tier3,31,17051,c:\Users\o_iseri\Desktop\idf_reader\0_BEM_Setup\SimResults_neighbourhoods\option_9_j3_20260602_v2\CAN_MTL\CC-FD3\CC-FD3_EEM_J_ENV_HVAC_DHW_EEM4_20260602_193947\CC-FD3_EEM_J_ENV_HVAC_DHW_EEM4_20260602_193947.idf,c:\Users\o_iseri\Desktop\idf_reader\0_BEM_Setup\SimResults_neighbourhoods\option_9_j3_20260602_v2\CAN_MTL\CC-FD3\CC-FD3_EEM_J_ENV_HVAC_DHW_EEM4_20260602_193947\results
RS-I1,RS-I1,US_ASHRAE,0,0,0,0,EEM_J_DEFAULT,190.6303,44.4673,8.7898,40.2094,8.7811,73.0075,10.6509,3.5262,native,8,800,c:\Users\o_iseri\Desktop\idf_reader\0_BEM_Setup\SimResults_neighbourhoods\option_9_j3_20260602_v2\US_ASHRAE\RS-I1\RS-I1_EEM_J_DEFAULT_20260604_183841\RS-I1_EEM_J_DEFAULT_20260604_183841.idf,c:\Users\o_iseri\Desktop\idf_reader\0_BEM_Setup\SimResults_neighbourhoods\option_9_j3_20260602_v2\US_ASHRAE\RS-I1\RS-I1_EEM_J_DEFAULT_20260604_183841\results
RS-I1,RS-I1,US_ASHRAE,1,0,0,0,EEM_J_ENVELOPE,163.4505,15.4977,11.1458,39.8922,8.67,73.0075,10.4674,104.7583,tier3,5,986,c:\Users\o_iseri\Desktop\idf_reader\0_BEM_Setup\SimResults_neighbourhoods\option_9_j3_20260602_v2\US_ASHRAE\RS-I1\RS-I1_EEM_J_ENVELOPE_20260604_183841\RS-I1_EEM_J_ENVELOPE_20260604_183841.idf,c:\Users\o_iseri\Desktop\idf_reader\0_BEM_Setup\SimResults_neighbourhoods\option_9_j3_20260602_v2\US_ASHRAE\RS-I1\RS-I1_EEM_J_ENVELOPE_20260604_183841\results
RS-I1,RS-I1,US_ASHRAE,0,1,0,0,EEM_J_HVAC_ONLY,159.2282,11.8219,8.9366,40.2204,8.8487,73.0075,11.6726,104.7634,tier3,39,929,c:\Users\o_iseri\Desktop\idf_reader\0_BEM_Setup\SimResults_neighbourhoods\option_9_j3_20260602_v2\US_ASHRAE\RS-I1\RS-I1_EEM_J_HVAC_ONLY_20260604_183841\RS-I1_EEM_J_HVAC_ONLY_20260604_183841.idf,c:\Users\o_iseri\Desktop\idf_reader\0_BEM_Setup\SimResults_neighbourhoods\option_9_j3_20260602_v2\US_ASHRAE\RS-I1\RS-I1_EEM_J_HVAC_ONLY_20260604_183841\results
RS-I1,RS-I1,US_ASHRAE,0,0,1,0,EEM_J_DHW_ONLY,167.7415,47.809,8.5101,14.208,8.8487,73.0075,10.6162,104.7634,tier3,24,1519,c:\Users\o_iseri\Desktop\idf_reader\0_BEM_Setup\SimResults_neighbourhoods\option_9_j3_20260602_v2\US_ASHRAE\RS-I1\RS-I1_EEM_J_DHW_ONLY_20260604_183841\RS-I1_EEM_J_DHW_ONLY_20260604_183841.idf,c:\Users\o_iseri\Desktop\idf_reader\0_BEM_Setup\SimResults_neighbourhoods\option_9_j3_20260602_v2\US_ASHRAE\RS-I1\RS-I1_EEM_J_DHW_ONLY_20260604_183841\results
RS-I1,RS-I1,US_ASHRAE,1,1,0,0,EEM_J_ENV_HVAC,153.195,4.6215,11.7484,39.8977,8.67,73.0075,10.4931,104.7583,tier3,5,1090,c:\Users\o_iseri\Desktop\idf_reader\0_BEM_Setup\SimResults_neighbourhoods\option_9_j3_20260602_v2\US_ASHRAE\RS-I1\RS-I1_EEM_J_ENV_HVAC_20260604_183841\RS-I1_EEM_J_ENV_HVAC_20260604_183841.idf,c:\Users\o_iseri\Desktop\idf_reader\0_BEM_Setup\SimResults_neighbourhoods\option_9_j3_20260602_v2\US_ASHRAE\RS-I1\RS-I1_EEM_J_ENV_HVAC_20260604_183841\results
RS-I1,RS-I1,US_ASHRAE,1,0,1,0,EEM_J_ENV_DHW,139.8668,17.8187,10.9846,14.1168,8.67,73.0075,10.4985,104.7583,tier3,4,1718,c:\Users\o_iseri\Desktop\idf_reader\0_BEM_Setup\SimResults_neighbourhoods\option_9_j3_20260602_v2\US_ASHRAE\RS-I1\RS-I1_EEM_J_ENV_DHW_20260604_183841\RS-I1_EEM_J_ENV_DHW_20260604_183841.idf,c:\Users\o_iseri\Desktop\idf_reader\0_BEM_Setup\SimResults_neighbourhoods\option_9_j3_20260602_v2\US_ASHRAE\RS-I1\RS-I1_EEM_J_ENV_DHW_20260604_183841\results
RS-I1,RS-I1,US_ASHRAE,0,1,1,0,EEM_J_HVAC_DHW,135.5999,14.1565,8.8427,14.2353,8.8487,73.0075,11.787,104.7634,tier3,48,1644,c:\Users\o_iseri\Desktop\idf_reader\0_BEM_Setup\SimResults_neighbourhoods\option_9_j3_20260602_v2\US_ASHRAE\RS-I1\RS-I1_EEM_J_HVAC_DHW_20260604_183841\RS-I1_EEM_J_HVAC_DHW_20260604_183841.idf,c:\Users\o_iseri\Desktop\idf_reader\0_BEM_Setup\SimResults_neighbourhoods\option_9_j3_20260602_v2\US_ASHRAE\RS-I1\RS-I1_EEM_J_HVAC_DHW_20260604_183841\results
RS-I1,RS-I1,US_ASHRAE,1,1,1,0,EEM_J_ENV_HVAC_DHW,129.6104,6.9069,11.5714,14.1462,8.67,73.0075,10.5515,104.7583,tier3,6,1822,c:\Users\o_iseri\Desktop\idf_reader\0_BEM_Setup\SimResults_neighbourhoods\option_9_j3_20260602_v2\US_ASHRAE\RS-I1\RS-I1_EEM_J_ENV_HVAC_DHW_20260604_183841\RS-I1_EEM_J_ENV_HVAC_DHW_20260604_183841.idf,c:\Users\o_iseri\Desktop\idf_reader\0_BEM_Setup\SimResults_neighbourhoods\option_9_j3_20260602_v2\US_ASHRAE\RS-I1\RS-I1_EEM_J_ENV_HVAC_DHW_20260604_183841\results
RS-I1,RS-I1,US_ASHRAE,1,0,0,1,EEM_J_ENVELOPE_EEM4,138.4169,20.5932,7.4801,39.9565,3.772,52.8946,8.7694,104.7583,tier3,4,1256,c:\Users\o_iseri\Desktop\idf_reader\0_BEM_Setup\SimResults_neighbourhoods\option_9_j3_20260602_v2\US_ASHRAE\RS-I1\RS-I1_EEM_J_ENVELOPE_EEM4_20260604_183850\RS-I1_EEM_J_ENVELOPE_EEM4_20260604_183850.idf,c:\Users\o_iseri\Desktop\idf_reader\0_BEM_Setup\SimResults_neighbourhoods\option_9_j3_20260602_v2\US_ASHRAE\RS-I1\RS-I1_EEM_J_ENVELOPE_EEM4_20260604_183850\results
RS-I1,RS-I1,US_ASHRAE,1,1,0,1,EEM_J_ENV_HVAC_EEM4,124.5262,5.9578,7.79,39.9632,3.772,52.8946,9.2126,104.7583,tier3,15,1357,c:\Users\o_iseri\Desktop\idf_reader\0_BEM_Setup\SimResults_neighbourhoods\option_9_j3_20260602_v2\US_ASHRAE\RS-I1\RS-I1_EEM_J_ENV_HVAC_EEM4_20260604_183931\RS-I1_EEM_J_ENV_HVAC_EEM4_20260604_183931.idf,c:\Users\o_iseri\Desktop\idf_reader\0_BEM_Setup\SimResults_neighbourhoods\option_9_j3_20260602_v2\US_ASHRAE\RS-I1\RS-I1_EEM_J_ENV_HVAC_EEM4_20260604_183931\results
RS-I1,RS-I1,US_ASHRAE,1,0,1,1,EEM_J_ENV_DHW_EEM4,115.0784,23.1498,7.3614,14.1294,3.772,52.8946,8.8197,104.7583,tier3,78,1981,c:\Users\o_iseri\Desktop\idf_reader\0_BEM_Setup\SimResults_neighbourhoods\option_9_j3_20260602_v2\US_ASHRAE\RS-I1\RS-I1_EEM_J_ENV_DHW_EEM4_20260604_183932\RS-I1_EEM_J_ENV_DHW_EEM4_20260604_183932.idf,c:\Users\o_iseri\Desktop\idf_reader\0_BEM_Setup\SimResults_neighbourhoods\option_9_j3_20260602_v2\US_ASHRAE\RS-I1\RS-I1_EEM_J_ENV_DHW_EEM4_20260604_183932\results
RS-I1,RS-I1,US_ASHRAE,1,1,1,1,EEM_J_ENV_HVAC_DHW_EEM4,101.0126,8.3138,7.6513,14.1503,3.772,52.8946,9.2948,104.7583,tier3,88,2079,c:\Users\o_iseri\Desktop\idf_reader\0_BEM_Setup\SimResults_neighbourhoods\option_9_j3_20260602_v2\US_ASHRAE\RS-I1\RS-I1_EEM_J_ENV_HVAC_DHW_EEM4_20260604_183935\RS-I1_EEM_J_ENV_HVAC_DHW_EEM4_20260604_183935.idf,c:\Users\o_iseri\Desktop\idf_reader\0_BEM_Setup\SimResults_neighbourhoods\option_9_j3_20260602_v2\US_ASHRAE\RS-I1\RS-I1_EEM_J_ENV_HVAC_DHW_EEM4_20260604_183935\results
RS-S,RS-S,US_ASHRAE,0,0,0,0,EEM_J_DEFAULT,199.9649,38.8772,8.9529,37.4191,7.7992,92.5438,9.7947,0.0,native,3,1177,c:\Users\o_iseri\Desktop\idf_reader\0_BEM_Setup\SimResults_neighbourhoods\option_9_j3_20260602_v2\US_ASHRAE\RS-S\RS-S_EEM_J_DEFAULT_20260604_183938\RS-S_EEM_J_DEFAULT_20260604_183938.idf,c:\Users\o_iseri\Desktop\idf_reader\0_BEM_Setup\SimResults_neighbourhoods\option_9_j3_20260602_v2\US_ASHRAE\RS-S\RS-S_EEM_J_DEFAULT_20260604_183938\results
RS-S,RS-S,US_ASHRAE,1,0,0,0,EEM_J_ENVELOPE,183.466,22.8664,9.8831,36.4419,7.7876,92.5438,9.3543,93.7672,tier3,4,1224,c:\Users\o_iseri\Desktop\idf_reader\0_BEM_Setup\SimResults_neighbourhoods\option_9_j3_20260602_v2\US_ASHRAE\RS-S\RS-S_EEM_J_ENVELOPE_20260604_183944\RS-S_EEM_J_ENVELOPE_20260604_183944.idf,c:\Users\o_iseri\Desktop\idf_reader\0_BEM_Setup\SimResults_neighbourhoods\option_9_j3_20260602_v2\US_ASHRAE\RS-S\RS-S_EEM_J_ENVELOPE_20260604_183944\results
RS-S,RS-S,US_ASHRAE,0,1,0,0,EEM_J_HVAC_ONLY,175.2746,13.8968,8.1744,37.4301,7.7995,92.5438,10.8794,93.8258,tier3,3,1268,c:\Users\o_iseri\Desktop\idf_reader\0_BEM_Setup\SimResults_neighbourhoods\option_9_j3_20260602_v2\US_ASHRAE\RS-S\RS-S_EEM_J_HVAC_ONLY_20260604_183944\RS-S_EEM_J_HVAC_ONLY_20260604_183944.idf,c:\Users\o_iseri\Desktop\idf_reader\0_BEM_Setup\SimResults_neighbourhoods\option_9_j3_20260602_v2\US_ASHRAE\RS-S\RS-S_EEM_J_HVAC_ONLY_20260604_183944\results
RS-S,RS-S,US_ASHRAE,0,0,1,0,EEM_J_DHW_ONLY,177.6993,42.9883,8.9755,10.8913,7.7995,92.5438,9.9221,93.8258,tier3,4,1419,c:\Users\o_iseri\Desktop\idf_reader\0_BEM_Setup\SimResults_neighbourhoods\option_9_j3_20260602_v2\US_ASHRAE\RS-S\RS-S_EEM_J_DHW_ONLY_20260604_183948\RS-S_EEM_J_DHW_ONLY_20260604_183948.idf,c:\Users\o_iseri\Desktop\idf_reader\0_BEM_Setup\SimResults_neighbourhoods\option_9_j3_20260602_v2\US_ASHRAE\RS-S\RS-S_EEM_J_DHW_ONLY_20260604_183948\results
RS-S,RS-S,US_ASHRAE,1,1,0,0,EEM_J_ENV_HVAC,168.489,8.009,9.0199,36.4502,7.7876,92.5438,10.1114,93.7672,tier3,3,1291,c:\Users\o_iseri\Desktop\idf_reader\0_BEM_Setup\SimResults_neighbourhoods\option_9_j3_20260602_v2\US_ASHRAE\RS-S\RS-S_EEM_J_ENV_HVAC_20260604_183950\RS-S_EEM_J_ENV_HVAC_20260604_183950.idf,c:\Users\o_iseri\Desktop\idf_reader\0_BEM_Setup\SimResults_neighbourhoods\option_9_j3_20260602_v2\US_ASHRAE\RS-S\RS-S_EEM_J_ENV_HVAC_20260604_183950\results
RS-S,RS-S,US_ASHRAE,1,0,1,0,EEM_J_ENV_DHW,161.8483,26.9977,9.9028,10.547,7.7876,92.5438,9.4796,93.7672,tier3,4,1497,c:\Users\o_iseri\Desktop\idf_reader\0_BEM_Setup\SimResults_neighbourhoods\option_9_j3_20260602_v2\US_ASHRAE\RS-S\RS-S_EEM_J_ENV_DHW_20260604_184059\RS-S_EEM_J_ENV_DHW_20260604_184059.idf,c:\Users\o_iseri\Desktop\idf_reader\0_BEM_Setup\SimResults_neighbourhoods\option_9_j3_20260602_v2\US_ASHRAE\RS-S\RS-S_EEM_J_ENV_DHW_20260604_184059\results
RS-S,RS-S,US_ASHRAE,0,1,1,0,EEM_J_HVAC_DHW,153.095,18.101,8.206,10.8877,7.7995,92.5438,11.0068,93.8258,tier3,5,1527,c:\Users\o_iseri\Desktop\idf_reader\0_BEM_Setup\SimResults_neighbourhoods\option_9_j3_20260602_v2\US_ASHRAE\RS-S\RS-S_EEM_J_HVAC_DHW_20260604_184108\RS-S_EEM_J_HVAC_DHW_20260604_184108.idf,c:\Users\o_iseri\Desktop\idf_reader\0_BEM_Setup\SimResults_neighbourhoods\option_9_j3_20260602_v2\US_ASHRAE\RS-S\RS-S_EEM_J_HVAC_DHW_20260604_184108\results
RS-S,RS-S,US_ASHRAE,1,1,1,0,EEM_J_ENV_HVAC_DHW,146.9432,12.2001,9.0425,10.5637,7.7876,92.5438,10.2384,93.7672,tier3,3,1567,c:\Users\o_iseri\Desktop\idf_reader\0_BEM_Setup\SimResults_neighbourhoods\option_9_j3_20260602_v2\US_ASHRAE\RS-S\RS-S_EEM_J_ENV_HVAC_DHW_20260604_184108\RS-S_EEM_J_ENV_HVAC_DHW_20260604_184108.idf,c:\Users\o_iseri\Desktop\idf_reader\0_BEM_Setup\SimResults_neighbourhoods\option_9_j3_20260602_v2\US_ASHRAE\RS-S\RS-S_EEM_J_ENV_HVAC_DHW_20260604_184108\results
RS-S,RS-S,US_ASHRAE,0,0,0,1,EEM_J_EEM4_ONLY,180.3147,45.5852,7.1395,37.4337,3.9605,72.2478,9.3731,93.8258,tier3,19,1159,c:\Users\o_iseri\Desktop\idf_reader\0_BEM_Setup\SimResults_neighbourhoods\option_9_j3_20260602_v2\US_ASHRAE\RS-S\RS-S_EEM_J_EEM4_ONLY_20260604_184122\RS-S_EEM_J_EEM4_ONLY_20260604_184122.idf,c:\Users\o_iseri\Desktop\idf_reader\0_BEM_Setup\SimResults_neighbourhoods\option_9_j3_20260602_v2\US_ASHRAE\RS-S\RS-S_EEM_J_EEM4_ONLY_20260604_184122\results
RS-S,RS-S,US_ASHRAE,1,0,0,1,EEM_J_ENVELOPE_EEM4,161.7364,27.9812,7.6596,36.4934,3.9542,72.2478,8.8145,93.7672,tier3,9,1232,c:\Users\o_iseri\Desktop\idf_reader\0_BEM_Setup\SimResults_neighbourhoods\option_9_j3_20260602_v2\US_ASHRAE\RS-S\RS-S_EEM_J_ENVELOPE_EEM4_20260604_184137\RS-S_EEM_J_ENVELOPE_EEM4_20260604_184137.idf,c:\Users\o_iseri\Desktop\idf_reader\0_BEM_Setup\SimResults_neighbourhoods\option_9_j3_20260602_v2\US_ASHRAE\RS-S\RS-S_EEM_J_ENVELOPE_EEM4_20260604_184137\results
RS-S,RS-S,US_ASHRAE,0,1,0,1,EEM_J_HVAC_ONLY_EEM4,151.4762,16.1096,6.5128,37.4459,3.9605,72.2478,10.655,93.8258,tier3,3,1266,c:\Users\o_iseri\Desktop\idf_reader\0_BEM_Setup\SimResults_neighbourhoods\option_9_j3_20260602_v2\US_ASHRAE\RS-S\RS-S_EEM_J_HVAC_ONLY_EEM4_20260604_184146\RS-S_EEM_J_HVAC_ONLY_EEM4_20260604_184146.idf,c:\Users\o_iseri\Desktop\idf_reader\0_BEM_Setup\SimResults_neighbourhoods\option_9_j3_20260602_v2\US_ASHRAE\RS-S\RS-S_EEM_J_HVAC_ONLY_EEM4_20260604_184146\results
RS-S,RS-S,US_ASHRAE,0,0,1,1,EEM_J_DHW_ONLY_EEM4,158.0149,49.6576,7.1704,10.902,3.9605,72.2478,9.501,93.8258,tier3,21,1421,c:\Users\o_iseri\Desktop\idf_reader\0_BEM_Setup\SimResults_neighbourhoods\option_9_j3_20260602_v2\US_ASHRAE\RS-S\RS-S_EEM_J_DHW_ONLY_EEM4_20260604_184149\RS-S_EEM_J_DHW_ONLY_EEM4_20260604_184149.idf,c:\Users\o_iseri\Desktop\idf_reader\0_BEM_Setup\SimResults_neighbourhoods\option_9_j3_20260602_v2\US_ASHRAE\RS-S\RS-S_EEM_J_DHW_ONLY_EEM4_20260604_184149\results
RS-S,RS-S,US_ASHRAE,1,1,0,1,EEM_J_ENV_HVAC_EEM4,143.7374,9.815,6.9615,36.5032,3.9542,72.2478,9.6942,93.7672,tier3,7,1294,c:\Users\o_iseri\Desktop\idf_reader\0_BEM_Setup\SimResults_neighbourhoods\option_9_j3_20260602_v2\US_ASHRAE\RS-S\RS-S_EEM_J_ENV_HVAC_EEM4_20260604_184154\RS-S_EEM_J_ENV_HVAC_EEM4_20260604_184154.idf,c:\Users\o_iseri\Desktop\idf_reader\0_BEM_Setup\SimResults_neighbourhoods\option_9_j3_20260602_v2\US_ASHRAE\RS-S\RS-S_EEM_J_ENV_HVAC_EEM4_20260604_184154\results
RS-S,RS-S,US_ASHRAE,1,0,1,1,EEM_J_ENV_DHW_EEM4,140.1055,32.1166,7.6781,10.5821,3.9542,72.2478,8.9401,93.7672,tier3,8,1498,c:\Users\o_iseri\Desktop\idf_reader\0_BEM_Setup\SimResults_neighbourhoods\option_9_j3_20260602_v2\US_ASHRAE\RS-S\RS-S_EEM_J_ENV_DHW_EEM4_20260604_184238\RS-S_EEM_J_ENV_DHW_EEM4_20260604_184238.idf,c:\Users\o_iseri\Desktop\idf_reader\0_BEM_Setup\SimResults_neighbourhoods\option_9_j3_20260602_v2\US_ASHRAE\RS-S\RS-S_EEM_J_ENV_DHW_EEM4_20260604_184238\results
RS-S,RS-S,US_ASHRAE,0,1,1,1,EEM_J_HVAC_DHW_EEM4,129.271,20.3007,6.5425,10.8961,3.9605,72.2478,10.7791,93.8258,tier3,4,1526,c:\Users\o_iseri\Desktop\idf_reader\0_BEM_Setup\SimResults_neighbourhoods\option_9_j3_20260602_v2\US_ASHRAE\RS-S\RS-S_EEM_J_HVAC_DHW_EEM4_20260604_184241\RS-S_EEM_J_HVAC_DHW_EEM4_20260604_184241.idf,c:\Users\o_iseri\Desktop\idf_reader\0_BEM_Setup\SimResults_neighbourhoods\option_9_j3_20260602_v2\US_ASHRAE\RS-S\RS-S_EEM_J_HVAC_DHW_EEM4_20260604_184241\results
RS-S,RS-S,US_ASHRAE,1,1,1,1,EEM_J_ENV_HVAC_DHW_EEM4,122.1771,14.0123,6.9803,10.597,3.9542,72.2478,9.8245,93.7672,tier3,7,1557,c:\Users\o_iseri\Desktop\idf_reader\0_BEM_Setup\SimResults_neighbourhoods\option_9_j3_20260602_v2\US_ASHRAE\RS-S\RS-S_EEM_J_ENV_HVAC_DHW_EEM4_20260604_184300\RS-S_EEM_J_ENV_HVAC_DHW_EEM4_20260604_184300.idf,c:\Users\o_iseri\Desktop\idf_reader\0_BEM_Setup\SimResults_neighbourhoods\option_9_j3_20260602_v2\US_ASHRAE\RS-S\RS-S_EEM_J_ENV_HVAC_DHW_EEM4_20260604_184300\results
RS-I2,RS-I2,US_ASHRAE,0,0,0,0,EEM_J_DEFAULT,158.1561,40.2201,9.2006,31.137,9.856,53.1357,9.768,6.1704,native,6,6471,c:\Users\o_iseri\Desktop\idf_reader\0_BEM_Setup\SimResults_neighbourhoods\option_9_j3_20260602_v2\US_ASHRAE\RS-I2\RS-I2_EEM_J_DEFAULT_20260604_184300\RS-I2_EEM_J_DEFAULT_20260604_184300.idf,c:\Users\o_iseri\Desktop\idf_reader\0_BEM_Setup\SimResults_neighbourhoods\option_9_j3_20260602_v2\US_ASHRAE\RS-I2\RS-I2_EEM_J_DEFAULT_20260604_184300\results
RS-I2,RS-I2,US_ASHRAE,1,0,0,0,EEM_J_ENVELOPE,132.3626,14.1606,10.1594,31.0634,9.7469,53.1357,9.2243,81.0948,tier3,9,6744,c:\Users\o_iseri\Desktop\idf_reader\0_BEM_Setup\SimResults_neighbourhoods\option_9_j3_20260602_v2\US_ASHRAE\RS-I2\RS-I2_EEM_J_ENVELOPE_20260604_184314\RS-I2_EEM_J_ENVELOPE_20260604_184314.idf,c:\Users\o_iseri\Desktop\idf_reader\0_BEM_Setup\SimResults_neighbourhoods\option_9_j3_20260602_v2\US_ASHRAE\RS-I2\RS-I2_EEM_J_ENVELOPE_20260604_184314\results
RS-I2,RS-I2,US_ASHRAE,0,1,0,0,EEM_J_HVAC_ONLY,131.1966,12.8326,8.9916,31.1441,9.9558,53.1357,10.244,81.0961,tier3,8,6886,c:\Users\o_iseri\Desktop\idf_reader\0_BEM_Setup\SimResults_neighbourhoods\option_9_j3_20260602_v2\US_ASHRAE\RS-I2\RS-I2_EEM_J_HVAC_ONLY_20260604_184332\RS-I2_EEM_J_HVAC_ONLY_20260604_184332.idf,c:\Users\o_iseri\Desktop\idf_reader\0_BEM_Setup\SimResults_neighbourhoods\option_9_j3_20260602_v2\US_ASHRAE\RS-I2\RS-I2_EEM_J_HVAC_ONLY_20260604_184332\results
RS-I2,RS-I2,US_ASHRAE,0,0,1,0,EEM_J_DHW_ONLY,140.8512,43.2308,8.7179,11.4104,9.9558,53.1357,9.483,81.0961,tier3,69,8275,c:\Users\o_iseri\Desktop\idf_reader\0_BEM_Setup\SimResults_neighbourhoods\option_9_j3_20260602_v2\US_ASHRAE\RS-I2\RS-I2_EEM_J_DHW_ONLY_20260604_184332\RS-I2_EEM_J_DHW_ONLY_20260604_184332.idf,c:\Users\o_iseri\Desktop\idf_reader\0_BEM_Setup\SimResults_neighbourhoods\option_9_j3_20260602_v2\US_ASHRAE\RS-I2\RS-I2_EEM_J_DHW_ONLY_20260604_184332\results
RS-I2,RS-I2,US_ASHRAE,1,1,0,0,EEM_J_ENV_HVAC,123.0369,4.4999,10.5851,31.0676,9.7469,53.1357,9.1582,81.0948,tier3,9,7176,c:\Users\o_iseri\Desktop\idf_reader\0_BEM_Setup\SimResults_neighbourhoods\option_9_j3_20260602_v2\US_ASHRAE\RS-I2\RS-I2_EEM_J_ENV_HVAC_20260604_184336\RS-I2_EEM_J_ENV_HVAC_20260604_184336.idf,c:\Users\o_iseri\Desktop\idf_reader\0_BEM_Setup\SimResults_neighbourhoods\option_9_j3_20260602_v2\US_ASHRAE\RS-I2\RS-I2_EEM_J_ENV_HVAC_20260604_184336\results
RS-I2,RS-I2,US_ASHRAE,1,0,1,0,EEM_J_ENV_DHW,114.3254,15.877,10.0196,11.4209,9.7469,53.1357,9.2537,81.0948,tier3,28,8537,c:\Users\o_iseri\Desktop\idf_reader\0_BEM_Setup\SimResults_neighbourhoods\option_9_j3_20260602_v2\US_ASHRAE\RS-I2\RS-I2_EEM_J_ENV_DHW_20260604_184402\RS-I2_EEM_J_ENV_DHW_20260604_184402.idf,c:\Users\o_iseri\Desktop\idf_reader\0_BEM_Setup\SimResults_neighbourhoods\option_9_j3_20260602_v2\US_ASHRAE\RS-I2\RS-I2_EEM_J_ENV_DHW_20260604_184402\results
RS-I2,RS-I2,US_ASHRAE,0,1,1,0,EEM_J_HVAC_DHW,113.1608,14.5327,8.9051,11.4161,9.9558,53.1357,10.3232,81.0961,tier3,54,8683,c:\Users\o_iseri\Desktop\idf_reader\0_BEM_Setup\SimResults_neighbourhoods\option_9_j3_20260602_v2\US_ASHRAE\RS-I2\RS-I2_EEM_J_HVAC_DHW_20260604_184430\RS-I2_EEM_J_HVAC_DHW_20260604_184430.idf,c:\Users\o_iseri\Desktop\idf_reader\0_BEM_Setup\SimResults_neighbourhoods\option_9_j3_20260602_v2\US_ASHRAE\RS-I2\RS-I2_EEM_J_HVAC_DHW_20260604_184430\results
RS-I2,RS-I2,US_ASHRAE,1,1,1,0,EEM_J_ENV_HVAC_DHW,104.9287,6.1236,10.4309,11.4374,9.7469,53.1357,9.21,81.0948,tier3,24,8959,c:\Users\o_iseri\Desktop\idf_reader\0_BEM_Setup\SimResults_neighbourhoods\option_9_j3_20260602_v2\US_ASHRAE\RS-I2\RS-I2_EEM_J_ENV_HVAC_DHW_20260604_184436\RS-I2_EEM_J_ENV_HVAC_DHW_20260604_184436.idf,c:\Users\o_iseri\Desktop\idf_reader\0_BEM_Setup\SimResults_neighbourhoods\option_9_j3_20260602_v2\US_ASHRAE\RS-I2\RS-I2_EEM_J_ENV_HVAC_DHW_20260604_184436\results
RS-I2,RS-I2,US_ASHRAE,1,0,0,1,EEM_J_ENVELOPE_EEM4,109.1901,17.9461,7.121,31.1066,4.1642,35.8174,7.4669,81.0948,tier3,19,7717,c:\Users\o_iseri\Desktop\idf_reader\0_BEM_Setup\SimResults_neighbourhoods\option_9_j3_20260602_v2\US_ASHRAE\RS-I2\RS-I2_EEM_J_ENVELOPE_EEM4_20260604_184437\RS-I2_EEM_J_ENVELOPE_EEM4_20260604_184437.idf,c:\Users\o_iseri\Desktop\idf_reader\0_BEM_Setup\SimResults_neighbourhoods\option_9_j3_20260602_v2\US_ASHRAE\RS-I2\RS-I2_EEM_J_ENVELOPE_EEM4_20260604_184437\results
RS-I2,RS-I2,US_ASHRAE,1,1,0,1,EEM_J_ENV_HVAC_EEM4,97.312,5.5951,7.3125,31.1109,4.1642,35.8174,7.78,81.0948,tier3,34,8138,c:\Users\o_iseri\Desktop\idf_reader\0_BEM_Setup\SimResults_neighbourhoods\option_9_j3_20260602_v2\US_ASHRAE\RS-I2\RS-I2_EEM_J_ENV_HVAC_EEM4_20260604_184441\RS-I2_EEM_J_ENV_HVAC_EEM4_20260604_184441.idf,c:\Users\o_iseri\Desktop\idf_reader\0_BEM_Setup\SimResults_neighbourhoods\option_9_j3_20260602_v2\US_ASHRAE\RS-I2\RS-I2_EEM_J_ENV_HVAC_EEM4_20260604_184441\results
RS-I2,RS-I2,US_ASHRAE,1,0,1,1,EEM_J_ENV_DHW_EEM4,91.3359,19.8546,7.0152,11.4069,4.1642,35.8174,7.51,81.0948,tier3,81,9515,c:\Users\o_iseri\Desktop\idf_reader\0_BEM_Setup\SimResults_neighbourhoods\option_9_j3_20260602_v2\US_ASHRAE\RS-I2\RS-I2_EEM_J_ENV_DHW_EEM4_20260604_184442\RS-I2_EEM_J_ENV_DHW_EEM4_20260604_184442.idf,c:\Users\o_iseri\Desktop\idf_reader\0_BEM_Setup\SimResults_neighbourhoods\option_9_j3_20260602_v2\US_ASHRAE\RS-I2\RS-I2_EEM_J_ENV_DHW_EEM4_20260604_184442\results
RS-I2,RS-I2,US_ASHRAE,1,1,1,1,EEM_J_ENV_HVAC_DHW_EEM4,79.235,7.2849,7.1893,11.406,4.1642,35.8174,7.8414,81.0948,tier3,81,9937,c:\Users\o_iseri\Desktop\idf_reader\0_BEM_Setup\SimResults_neighbourhoods\option_9_j3_20260602_v2\US_ASHRAE\RS-I2\RS-I2_EEM_J_ENV_HVAC_DHW_EEM4_20260604_184459\RS-I2_EEM_J_ENV_HVAC_DHW_EEM4_20260604_184459.idf,c:\Users\o_iseri\Desktop\idf_reader\0_BEM_Setup\SimResults_neighbourhoods\option_9_j3_20260602_v2\US_ASHRAE\RS-I2\RS-I2_EEM_J_ENV_HVAC_DHW_EEM4_20260604_184459\results
RS-I3,RS-I3,US_ASHRAE,0,0,0,0,EEM_J_DEFAULT,179.0631,43.3889,8.7198,24.3304,10.4105,76.4544,10.7101,6.0684,native,4,732,c:\Users\o_iseri\Desktop\idf_reader\0_BEM_Setup\SimResults_neighbourhoods\option_9_j3_20260602_v2\US_ASHRAE\RS-I3\RS-I3_EEM_J_DEFAULT_20260604_184514\RS-I3_EEM_J_DEFAULT_20260604_184514.idf,c:\Users\o_iseri\Desktop\idf_reader\0_BEM_Setup\SimResults_neighbourhoods\option_9_j3_20260602_v2\US_ASHRAE\RS-I3\RS-I3_EEM_J_DEFAULT_20260604_184514\results
RS-I3,RS-I3,US_ASHRAE,1,0,0,0,EEM_J_ENVELOPE,149.3172,15.8074,8.8488,23.5754,10.221,76.4544,9.3117,128.5095,tier3,4,783,c:\Users\o_iseri\Desktop\idf_reader\0_BEM_Setup\SimResults_neighbourhoods\option_9_j3_20260602_v2\US_ASHRAE\RS-I3\RS-I3_EEM_J_ENVELOPE_20260604_184521\RS-I3_EEM_J_ENVELOPE_20260604_184521.idf,c:\Users\o_iseri\Desktop\idf_reader\0_BEM_Setup\SimResults_neighbourhoods\option_9_j3_20260602_v2\US_ASHRAE\RS-I3\RS-I3_EEM_J_ENVELOPE_20260604_184521\results
RS-I3,RS-I3,US_ASHRAE,0,1,0,0,EEM_J_HVAC_ONLY,147.1493,10.2302,7.9894,24.3422,10.5119,76.4544,12.5738,128.5307,tier3,24,815,c:\Users\o_iseri\Desktop\idf_reader\0_BEM_Setup\SimResults_neighbourhoods\option_9_j3_20260602_v2\US_ASHRAE\RS-I3\RS-I3_EEM_J_HVAC_ONLY_20260604_184529\RS-I3_EEM_J_HVAC_ONLY_20260604_184529.idf,c:\Users\o_iseri\Desktop\idf_reader\0_BEM_Setup\SimResults_neighbourhoods\option_9_j3_20260602_v2\US_ASHRAE\RS-I3\RS-I3_EEM_J_HVAC_ONLY_20260604_184529\results
RS-I3,RS-I3,US_ASHRAE,0,0,1,0,EEM_J_DHW_ONLY,165.1132,46.2989,8.4766,7.5796,10.5119,76.4544,10.7195,128.5307,tier3,5,823,c:\Users\o_iseri\Desktop\idf_reader\0_BEM_Setup\SimResults_neighbourhoods\option_9_j3_20260602_v2\US_ASHRAE\RS-I3\RS-I3_EEM_J_DHW_ONLY_20260604_184540\RS-I3_EEM_J_DHW_ONLY_20260604_184540.idf,c:\Users\o_iseri\Desktop\idf_reader\0_BEM_Setup\SimResults_neighbourhoods\option_9_j3_20260602_v2\US_ASHRAE\RS-I3\RS-I3_EEM_J_DHW_ONLY_20260604_184540\results
RS-I3,RS-I3,US_ASHRAE,1,1,0,0,EEM_J_ENV_HVAC,138.6771,4.9856,8.3083,23.5813,10.221,76.4544,10.0441,128.5095,tier3,3,835,c:\Users\o_iseri\Desktop\idf_reader\0_BEM_Setup\SimResults_neighbourhoods\option_9_j3_20260602_v2\US_ASHRAE\RS-I3\RS-I3_EEM_J_ENV_HVAC_20260604_184605\RS-I3_EEM_J_ENV_HVAC_20260604_184605.idf,c:\Users\o_iseri\Desktop\idf_reader\0_BEM_Setup\SimResults_neighbourhoods\option_9_j3_20260602_v2\US_ASHRAE\RS-I3\RS-I3_EEM_J_ENV_HVAC_20260604_184605\results
RS-I3,RS-I3,US_ASHRAE,1,0,1,0,EEM_J_ENV_DHW,134.7439,17.4664,8.862,7.265,10.221,76.4544,9.3752,128.5095,tier3,5,882,c:\Users\o_iseri\Desktop\idf_reader\0_BEM_Setup\SimResults_neighbourhoods\option_9_j3_20260602_v2\US_ASHRAE\RS-I3\RS-I3_EEM_J_ENV_DHW_20260604_184605\RS-I3_EEM_J_ENV_DHW_20260604_184605.idf,c:\Users\o_iseri\Desktop\idf_reader\0_BEM_Setup\SimResults_neighbourhoods\option_9_j3_20260602_v2\US_ASHRAE\RS-I3\RS-I3_EEM_J_ENV_DHW_20260604_184605\results
RS-I3,RS-I3,US_ASHRAE,0,1,1,0,EEM_J_HVAC_DHW,132.1349,11.8745,8.0189,7.5852,10.5119,76.4544,12.6428,128.5307,tier3,27,907,c:\Users\o_iseri\Desktop\idf_reader\0_BEM_Setup\SimResults_neighbourhoods\option_9_j3_20260602_v2\US_ASHRAE\RS-I3\RS-I3_EEM_J_HVAC_DHW_20260604_184611\RS-I3_EEM_J_HVAC_DHW_20260604_184611.idf,c:\Users\o_iseri\Desktop\idf_reader\0_BEM_Setup\SimResults_neighbourhoods\option_9_j3_20260602_v2\US_ASHRAE\RS-I3\RS-I3_EEM_J_HVAC_DHW_20260604_184611\results
RS-I3,RS-I3,US_ASHRAE,1,1,1,0,EEM_J_ENV_HVAC_DHW,124.1074,6.6382,8.3239,7.2758,10.221,76.4544,10.1106,128.5095,tier3,4,930,c:\Users\o_iseri\Desktop\idf_reader\0_BEM_Setup\SimResults_neighbourhoods\option_9_j3_20260602_v2\US_ASHRAE\RS-I3\RS-I3_EEM_J_ENV_HVAC_DHW_20260604_184618\RS-I3_EEM_J_ENV_HVAC_DHW_20260604_184618.idf,c:\Users\o_iseri\Desktop\idf_reader\0_BEM_Setup\SimResults_neighbourhoods\option_9_j3_20260602_v2\US_ASHRAE\RS-I3\RS-I3_EEM_J_ENV_HVAC_DHW_20260604_184618\results
RS-I3,RS-I3,US_ASHRAE,0,0,0,1,EEM_J_EEM4_ONLY,161.3244,53.8958,6.6116,24.3579,4.8706,56.4763,9.7727,128.5307,tier3,20,691,c:\Users\o_iseri\Desktop\idf_reader\0_BEM_Setup\SimResults_neighbourhoods\option_9_j3_20260602_v2\US_ASHRAE\RS-I3\RS-I3_EEM_J_EEM4_ONLY_20260604_184651\RS-I3_EEM_J_EEM4_ONLY_20260604_184651.idf,c:\Users\o_iseri\Desktop\idf_reader\0_BEM_Setup\SimResults_neighbourhoods\option_9_j3_20260602_v2\US_ASHRAE\RS-I3\RS-I3_EEM_J_EEM4_ONLY_20260604_184651\results
RS-I3,RS-I3,US_ASHRAE,1,0,0,1,EEM_J_ENVELOPE_EEM4,126.9249,21.7787,6.6694,23.6276,4.7065,56.4763,8.2486,128.5095,tier3,5,791,c:\Users\o_iseri\Desktop\idf_reader\0_BEM_Setup\SimResults_neighbourhoods\option_9_j3_20260602_v2\US_ASHRAE\RS-I3\RS-I3_EEM_J_ENVELOPE_EEM4_20260604_184654\RS-I3_EEM_J_ENVELOPE_EEM4_20260604_184654.idf,c:\Users\o_iseri\Desktop\idf_reader\0_BEM_Setup\SimResults_neighbourhoods\option_9_j3_20260602_v2\US_ASHRAE\RS-I3\RS-I3_EEM_J_ENVELOPE_EEM4_20260604_184654\results
RS-I3,RS-I3,US_ASHRAE,0,1,0,1,EEM_J_HVAC_ONLY_EEM4,121.4017,12.2955,6.2681,24.3668,4.8706,56.4763,11.8092,128.5307,tier3,40,776,c:\Users\o_iseri\Desktop\idf_reader\0_BEM_Setup\SimResults_neighbourhoods\option_9_j3_20260602_v2\US_ASHRAE\RS-I3\RS-I3_EEM_J_HVAC_ONLY_EEM4_20260604_184656\RS-I3_EEM_J_HVAC_ONLY_EEM4_20260604_184656.idf,c:\Users\o_iseri\Desktop\idf_reader\0_BEM_Setup\SimResults_neighbourhoods\option_9_j3_20260602_v2\US_ASHRAE\RS-I3\RS-I3_EEM_J_HVAC_ONLY_EEM4_20260604_184656\results
RS-I3,RS-I3,US_ASHRAE,0,0,1,1,EEM_J_DHW_ONLY_EEM4,146.2442,55.4957,6.6279,7.5921,4.8706,56.4763,9.8423,128.5307,tier3,19,782,c:\Users\o_iseri\Desktop\idf_reader\0_BEM_Setup\SimResults_neighbourhoods\option_9_j3_20260602_v2\US_ASHRAE\RS-I3\RS-I3_EEM_J_DHW_ONLY_EEM4_20260604_184712\RS-I3_EEM_J_DHW_ONLY_EEM4_20260604_184712.idf,c:\Users\o_iseri\Desktop\idf_reader\0_BEM_Setup\SimResults_neighbourhoods\option_9_j3_20260602_v2\US_ASHRAE\RS-I3\RS-I3_EEM_J_DHW_ONLY_EEM4_20260604_184712\results
RS-I3,RS-I3,US_ASHRAE,1,1,0,1,EEM_J_ENV_HVAC_EEM4,112.0231,6.5194,6.2492,23.6343,4.7065,56.4763,9.0369,128.5095,tier3,6,837,c:\Users\o_iseri\Desktop\idf_reader\0_BEM_Setup\SimResults_neighbourhoods\option_9_j3_20260602_v2\US_ASHRAE\RS-I3\RS-I3_EEM_J_ENV_HVAC_EEM4_20260604_184738\RS-I3_EEM_J_ENV_HVAC_EEM4_20260604_184738.idf,c:\Users\o_iseri\Desktop\idf_reader\0_BEM_Setup\SimResults_neighbourhoods\option_9_j3_20260602_v2\US_ASHRAE\RS-I3\RS-I3_EEM_J_ENV_HVAC_EEM4_20260604_184738\results
RS-I3,RS-I3,US_ASHRAE,1,0,1,1,EEM_J_ENV_DHW_EEM4,112.2686,23.3911,6.6745,7.2915,4.7065,56.4763,8.3112,128.5095,tier3,5,886,c:\Users\o_iseri\Desktop\idf_reader\0_BEM_Setup\SimResults_neighbourhoods\option_9_j3_20260602_v2\US_ASHRAE\RS-I3\RS-I3_EEM_J_ENV_DHW_EEM4_20260604_184742\RS-I3_EEM_J_ENV_DHW_EEM4_20260604_184742.idf,c:\Users\o_iseri\Desktop\idf_reader\0_BEM_Setup\SimResults_neighbourhoods\option_9_j3_20260602_v2\US_ASHRAE\RS-I3\RS-I3_EEM_J_ENV_DHW_EEM4_20260604_184742\results
RS-I3,RS-I3,US_ASHRAE,0,1,1,1,EEM_J_HVAC_DHW_EEM4,106.3558,13.9318,6.284,7.6025,4.8706,56.4763,11.8755,128.5307,tier3,20,867,c:\Users\o_iseri\Desktop\idf_reader\0_BEM_Setup\SimResults_neighbourhoods\option_9_j3_20260602_v2\US_ASHRAE\RS-I3\RS-I3_EEM_J_HVAC_DHW_EEM4_20260604_184745\RS-I3_EEM_J_HVAC_DHW_EEM4_20260604_184745.idf,c:\Users\o_iseri\Desktop\idf_reader\0_BEM_Setup\SimResults_neighbourhoods\option_9_j3_20260602_v2\US_ASHRAE\RS-I3\RS-I3_EEM_J_HVAC_DHW_EEM4_20260604_184745\results
RS-I3,RS-I3,US_ASHRAE,1,1,1,1,EEM_J_ENV_HVAC_DHW_EEM4,97.4097,8.1684,6.2566,7.2969,4.7065,56.4763,9.1049,128.5095,tier3,9,930,c:\Users\o_iseri\Desktop\idf_reader\0_BEM_Setup\SimResults_neighbourhoods\option_9_j3_20260602_v2\US_ASHRAE\RS-I3\RS-I3_EEM_J_ENV_HVAC_DHW_EEM4_20260604_184759\RS-I3_EEM_J_ENV_HVAC_DHW_EEM4_20260604_184759.idf,c:\Users\o_iseri\Desktop\idf_reader\0_BEM_Setup\SimResults_neighbourhoods\option_9_j3_20260602_v2\US_ASHRAE\RS-I3\RS-I3_EEM_J_ENV_HVAC_DHW_EEM4_20260604_184759\results
RS-I4,RS-I4,US_ASHRAE,0,0,0,0,EEM_J_DEFAULT,153.0472,36.914,9.4951,32.4224,9.6008,48.4973,11.3465,6.1233,native,8,5712,c:\Users\o_iseri\Desktop\idf_reader\0_BEM_Setup\SimResults_neighbourhoods\option_9_j3_20260602_v2\US_ASHRAE\RS-I4\RS-I4_EEM_J_DEFAULT_20260604_184803\RS-I4_EEM_J_DEFAULT_20260604_184803.idf,c:\Users\o_iseri\Desktop\idf_reader\0_BEM_Setup\SimResults_neighbourhoods\option_9_j3_20260602_v2\US_ASHRAE\RS-I4\RS-I4_EEM_J_DEFAULT_20260604_184803\results
RS-I4,RS-I4,US_ASHRAE,1,0,0,0,EEM_J_ENVELOPE,124.3484,8.2483,10.7566,32.3348,9.4711,48.4973,10.2309,87.0709,tier3,5,5967,c:\Users\o_iseri\Desktop\idf_reader\0_BEM_Setup\SimResults_neighbourhoods\option_9_j3_20260602_v2\US_ASHRAE\RS-I4\RS-I4_EEM_J_ENVELOPE_20260604_184810\RS-I4_EEM_J_ENVELOPE_20260604_184810.idf,c:\Users\o_iseri\Desktop\idf_reader\0_BEM_Setup\SimResults_neighbourhoods\option_9_j3_20260602_v2\US_ASHRAE\RS-I4\RS-I4_EEM_J_ENVELOPE_20260604_184810\results
RS-I4,RS-I4,US_ASHRAE,0,1,0,0,EEM_J_HVAC_ONLY,126.2218,9.4352,9.4344,32.4276,9.7187,48.4973,11.8514,87.0723,tier3,6,6117,c:\Users\o_iseri\Desktop\idf_reader\0_BEM_Setup\SimResults_neighbourhoods\option_9_j3_20260602_v2\US_ASHRAE\RS-I4\RS-I4_EEM_J_HVAC_ONLY_20260604_184810\RS-I4_EEM_J_HVAC_ONLY_20260604_184810.idf,c:\Users\o_iseri\Desktop\idf_reader\0_BEM_Setup\SimResults_neighbourhoods\option_9_j3_20260602_v2\US_ASHRAE\RS-I4\RS-I4_EEM_J_HVAC_ONLY_20260604_184810\results
RS-I4,RS-I4,US_ASHRAE,0,0,1,0,EEM_J_DHW_ONLY,135.2568,39.3431,8.9954,12.84,9.7187,48.4973,10.9839,87.0723,tier3,41,7446,c:\Users\o_iseri\Desktop\idf_reader\0_BEM_Setup\SimResults_neighbourhoods\option_9_j3_20260602_v2\US_ASHRAE\RS-I4\RS-I4_EEM_J_DHW_ONLY_20260604_184814\RS-I4_EEM_J_DHW_ONLY_20260604_184814.idf,c:\Users\o_iseri\Desktop\idf_reader\0_BEM_Setup\SimResults_neighbourhoods\option_9_j3_20260602_v2\US_ASHRAE\RS-I4\RS-I4_EEM_J_DHW_ONLY_20260604_184814\results
RS-I4,RS-I4,US_ASHRAE,1,1,0,0,EEM_J_ENV_HVAC,118.9326,2.449,11.373,32.3372,9.4711,48.4973,10.0081,87.0709,tier3,4,6376,c:\Users\o_iseri\Desktop\idf_reader\0_BEM_Setup\SimResults_neighbourhoods\option_9_j3_20260602_v2\US_ASHRAE\RS-I4\RS-I4_EEM_J_ENV_HVAC_20260604_184823\RS-I4_EEM_J_ENV_HVAC_20260604_184823.idf,c:\Users\o_iseri\Desktop\idf_reader\0_BEM_Setup\SimResults_neighbourhoods\option_9_j3_20260602_v2\US_ASHRAE\RS-I4\RS-I4_EEM_J_ENV_HVAC_20260604_184823\results
RS-I4,RS-I4,US_ASHRAE,1,0,1,0,EEM_J_ENV_DHW,105.7792,9.3462,10.5785,12.8312,9.4711,48.4973,10.2448,87.0709,tier3,24,7689,c:\Users\o_iseri\Desktop\idf_reader\0_BEM_Setup\SimResults_neighbourhoods\option_9_j3_20260602_v2\US_ASHRAE\RS-I4\RS-I4_EEM_J_ENV_DHW_20260604_184859\RS-I4_EEM_J_ENV_DHW_20260604_184859.idf,c:\Users\o_iseri\Desktop\idf_reader\0_BEM_Setup\SimResults_neighbourhoods\option_9_j3_20260602_v2\US_ASHRAE\RS-I4\RS-I4_EEM_J_ENV_DHW_20260604_184859\results
RS-I4,RS-I4,US_ASHRAE,0,1,1,0,EEM_J_HVAC_DHW,107.6791,10.5036,9.3273,12.8428,9.7187,48.4973,11.9324,87.0723,tier3,42,7857,c:\Users\o_iseri\Desktop\idf_reader\0_BEM_Setup\SimResults_neighbourhoods\option_9_j3_20260602_v2\US_ASHRAE\RS-I4\RS-I4_EEM_J_HVAC_DHW_20260604_184902\RS-I4_EEM_J_HVAC_DHW_20260604_184902.idf,c:\Users\o_iseri\Desktop\idf_reader\0_BEM_Setup\SimResults_neighbourhoods\option_9_j3_20260602_v2\US_ASHRAE\RS-I4\RS-I4_EEM_J_HVAC_DHW_20260604_184902\results
RS-I4,RS-I4,US_ASHRAE,1,1,1,0,EEM_J_ENV_HVAC_DHW,100.262,3.4292,11.1772,12.8385,9.4711,48.4973,10.0513,87.0709,tier3,19,8102,c:\Users\o_iseri\Desktop\idf_reader\0_BEM_Setup\SimResults_neighbourhoods\option_9_j3_20260602_v2\US_ASHRAE\RS-I4\RS-I4_EEM_J_ENV_HVAC_DHW_20260604_184903\RS-I4_EEM_J_ENV_HVAC_DHW_20260604_184903.idf,c:\Users\o_iseri\Desktop\idf_reader\0_BEM_Setup\SimResults_neighbourhoods\option_9_j3_20260602_v2\US_ASHRAE\RS-I4\RS-I4_EEM_J_ENV_HVAC_DHW_20260604_184903\results
RS-I4,RS-I4,US_ASHRAE,1,0,0,1,EEM_J_ENVELOPE_EEM4,101.6569,13.7744,7.3179,32.3864,3.921,30.6723,8.2807,87.0709,tier3,12,6955,c:\Users\o_iseri\Desktop\idf_reader\0_BEM_Setup\SimResults_neighbourhoods\option_9_j3_20260602_v2\US_ASHRAE\RS-I4\RS-I4_EEM_J_ENVELOPE_EEM4_20260604_184905\RS-I4_EEM_J_ENVELOPE_EEM4_20260604_184905.idf,c:\Users\o_iseri\Desktop\idf_reader\0_BEM_Setup\SimResults_neighbourhoods\option_9_j3_20260602_v2\US_ASHRAE\RS-I4\RS-I4_EEM_J_ENVELOPE_EEM4_20260604_184905\results
RS-I4,RS-I4,US_ASHRAE,1,1,0,1,EEM_J_ENV_HVAC_EEM4,92.237,3.8131,7.6505,32.389,3.921,30.6723,8.5121,87.0709,tier3,14,7368,c:\Users\o_iseri\Desktop\idf_reader\0_BEM_Setup\SimResults_neighbourhoods\option_9_j3_20260602_v2\US_ASHRAE\RS-I4\RS-I4_EEM_J_ENV_HVAC_EEM4_20260604_184906\RS-I4_EEM_J_ENV_HVAC_EEM4_20260604_184906.idf,c:\Users\o_iseri\Desktop\idf_reader\0_BEM_Setup\SimResults_neighbourhoods\option_9_j3_20260602_v2\US_ASHRAE\RS-I4\RS-I4_EEM_J_ENV_HVAC_EEM4_20260604_184906\results
RS-I4,RS-I4,US_ASHRAE,1,0,1,1,EEM_J_ENV_DHW_EEM4,83.2893,15.075,7.1847,12.8276,3.921,30.6723,8.3053,87.0709,tier3,77,8671,c:\Users\o_iseri\Desktop\idf_reader\0_BEM_Setup\SimResults_neighbourhoods\option_9_j3_20260602_v2\US_ASHRAE\RS-I4\RS-I4_EEM_J_ENV_DHW_EEM4_20260604_184911\RS-I4_EEM_J_ENV_DHW_EEM4_20260604_184911.idf,c:\Users\o_iseri\Desktop\idf_reader\0_BEM_Setup\SimResults_neighbourhoods\option_9_j3_20260602_v2\US_ASHRAE\RS-I4\RS-I4_EEM_J_ENV_DHW_EEM4_20260604_184911\results
RS-I4,RS-I4,US_ASHRAE,1,1,1,1,EEM_J_ENV_HVAC_DHW_EEM4,73.626,4.8471,7.498,12.8423,3.921,30.6723,8.5675,87.0709,tier3,79,9078,c:\Users\o_iseri\Desktop\idf_reader\0_BEM_Setup\SimResults_neighbourhoods\option_9_j3_20260602_v2\US_ASHRAE\RS-I4\RS-I4_EEM_J_ENV_HVAC_DHW_EEM4_20260604_184923\RS-I4_EEM_J_ENV_HVAC_DHW_EEM4_20260604_184923.idf,c:\Users\o_iseri\Desktop\idf_reader\0_BEM_Setup\SimResults_neighbourhoods\option_9_j3_20260602_v2\US_ASHRAE\RS-I4\RS-I4_EEM_J_ENV_HVAC_DHW_EEM4_20260604_184923\results
IC-DC,IC-DC,US_ASHRAE,0,0,0,0,EEM_J_DEFAULT,3679.1732,40.1323,440.3964,10.4943,31.6988,2724.3291,326.5578,4.105,native,1,185,c:\Users\o_iseri\Desktop\idf_reader\0_BEM_Setup\SimResults_neighbourhoods\option_9_j3_20260602_v2\US_ASHRAE\IC-DC\IC-DC_EEM_J_DEFAULT_20260604_184927\IC-DC_EEM_J_DEFAULT_20260604_184927.idf,c:\Users\o_iseri\Desktop\idf_reader\0_BEM_Setup\SimResults_neighbourhoods\option_9_j3_20260602_v2\US_ASHRAE\IC-DC\IC-DC_EEM_J_DEFAULT_20260604_184927\results
IC-DC,IC-DC,US_ASHRAE,1,0,0,0,EEM_J_ENVELOPE,3670.8899,17.978,445.6269,10.4873,31.8457,2724.1689,333.1695,155.3965,tier3,1,225,c:\Users\o_iseri\Desktop\idf_reader\0_BEM_Setup\SimResults_neighbourhoods\option_9_j3_20260602_v2\US_ASHRAE\IC-DC\IC-DC_EEM_J_ENVELOPE_20260604_184932\IC-DC_EEM_J_ENVELOPE_20260604_184932.idf,c:\Users\o_iseri\Desktop\idf_reader\0_BEM_Setup\SimResults_neighbourhoods\option_9_j3_20260602_v2\US_ASHRAE\IC-DC\IC-DC_EEM_J_ENVELOPE_20260604_184932\results
IC-DC,IC-DC,US_ASHRAE,0,1,0,0,EEM_J_HVAC_ONLY,3665.3815,25.9889,440.1255,10.5017,31.8988,2724.3309,326.953,155.4259,tier3,1,188,c:\Users\o_iseri\Desktop\idf_reader\0_BEM_Setup\SimResults_neighbourhoods\option_9_j3_20260602_v2\US_ASHRAE\IC-DC\IC-DC_EEM_J_HVAC_ONLY_20260604_184955\IC-DC_EEM_J_HVAC_ONLY_20260604_184955.idf,c:\Users\o_iseri\Desktop\idf_reader\0_BEM_Setup\SimResults_neighbourhoods\option_9_j3_20260602_v2\US_ASHRAE\IC-DC\IC-DC_EEM_J_HVAC_ONLY_20260604_184955\results
IC-DC,IC-DC,US_ASHRAE,0,0,1,0,EEM_J_DHW_ONLY,3671.4995,41.8171,440.0705,1.1801,31.8988,2724.332,326.5935,155.4259,tier3,1,231,c:\Users\o_iseri\Desktop\idf_reader\0_BEM_Setup\SimResults_neighbourhoods\option_9_j3_20260602_v2\US_ASHRAE\IC-DC\IC-DC_EEM_J_DHW_ONLY_20260604_185002\IC-DC_EEM_J_DHW_ONLY_20260604_185002.idf,c:\Users\o_iseri\Desktop\idf_reader\0_BEM_Setup\SimResults_neighbourhoods\option_9_j3_20260602_v2\US_ASHRAE\IC-DC\IC-DC_EEM_J_DHW_ONLY_20260604_185002\results
IC-DC,IC-DC,US_ASHRAE,1,1,0,0,EEM_J_ENV_HVAC,3663.8361,10.5434,445.7247,10.4943,31.8457,2724.166,333.4562,155.3965,tier3,1,229,c:\Users\o_iseri\Desktop\idf_reader\0_BEM_Setup\SimResults_neighbourhoods\option_9_j3_20260602_v2\US_ASHRAE\IC-DC\IC-DC_EEM_J_ENV_HVAC_20260604_185008\IC-DC_EEM_J_ENV_HVAC_20260604_185008.idf,c:\Users\o_iseri\Desktop\idf_reader\0_BEM_Setup\SimResults_neighbourhoods\option_9_j3_20260602_v2\US_ASHRAE\IC-DC\IC-DC_EEM_J_ENV_HVAC_20260604_185008\results
IC-DC,IC-DC,US_ASHRAE,1,0,1,0,EEM_J_ENV_DHW,3662.9996,19.3466,445.6476,1.1823,31.8457,2724.1564,333.2067,155.3965,tier3,2,282,c:\Users\o_iseri\Desktop\idf_reader\0_BEM_Setup\SimResults_neighbourhoods\option_9_j3_20260602_v2\US_ASHRAE\IC-DC\IC-DC_EEM_J_ENV_DHW_20260604_185025\IC-DC_EEM_J_ENV_DHW_20260604_185025.idf,c:\Users\o_iseri\Desktop\idf_reader\0_BEM_Setup\SimResults_neighbourhoods\option_9_j3_20260602_v2\US_ASHRAE\IC-DC\IC-DC_EEM_J_ENV_DHW_20260604_185025\results
IC-DC,IC-DC,US_ASHRAE,0,1,1,0,EEM_J_HVAC_DHW,3657.4466,27.3413,440.1351,1.2055,31.8988,2724.3302,326.9537,155.4259,tier3,1,235,c:\Users\o_iseri\Desktop\idf_reader\0_BEM_Setup\SimResults_neighbourhoods\option_9_j3_20260602_v2\US_ASHRAE\IC-DC\IC-DC_EEM_J_HVAC_DHW_20260604_185036\IC-DC_EEM_J_HVAC_DHW_20260604_185036.idf,c:\Users\o_iseri\Desktop\idf_reader\0_BEM_Setup\SimResults_neighbourhoods\option_9_j3_20260602_v2\US_ASHRAE\IC-DC\IC-DC_EEM_J_HVAC_DHW_20260604_185036\results
IC-DC,IC-DC,US_ASHRAE,1,1,1,0,EEM_J_ENV_HVAC_DHW,3655.9285,11.9046,445.7468,1.1797,31.8457,2724.1594,333.4857,155.3965,tier3,1,286,c:\Users\o_iseri\Desktop\idf_reader\0_BEM_Setup\SimResults_neighbourhoods\option_9_j3_20260602_v2\US_ASHRAE\IC-DC\IC-DC_EEM_J_ENV_HVAC_DHW_20260604_185043\IC-DC_EEM_J_ENV_HVAC_DHW_20260604_185043.idf,c:\Users\o_iseri\Desktop\idf_reader\0_BEM_Setup\SimResults_neighbourhoods\option_9_j3_20260602_v2\US_ASHRAE\IC-DC\IC-DC_EEM_J_ENV_HVAC_DHW_20260604_185043\results
IC-DC,IC-DC,US_ASHRAE,0,0,0,1,EEM_J_EEM4_ONLY,3674.7744,43.3356,439.6137,10.4987,29.1989,2720.4137,326.1102,155.4259,tier3,1,196,c:\Users\o_iseri\Desktop\idf_reader\0_BEM_Setup\SimResults_neighbourhoods\option_9_j3_20260602_v2\US_ASHRAE\IC-DC\IC-DC_EEM_J_EEM4_ONLY_20260604_185100\IC-DC_EEM_J_EEM4_ONLY_20260604_185100.idf,c:\Users\o_iseri\Desktop\idf_reader\0_BEM_Setup\SimResults_neighbourhoods\option_9_j3_20260602_v2\US_ASHRAE\IC-DC\IC-DC_EEM_J_EEM4_ONLY_20260604_185100\results
IC-DC,IC-DC,US_ASHRAE,1,0,0,1,EEM_J_ENVELOPE_EEM4,3665.449,20.2278,445.0539,10.4925,29.1701,2720.2314,332.6658,155.3965,tier3,1,247,c:\Users\o_iseri\Desktop\idf_reader\0_BEM_Setup\SimResults_neighbourhoods\option_9_j3_20260602_v2\US_ASHRAE\IC-DC\IC-DC_EEM_J_ENVELOPE_EEM4_20260604_185115\IC-DC_EEM_J_ENVELOPE_EEM4_20260604_185115.idf,c:\Users\o_iseri\Desktop\idf_reader\0_BEM_Setup\SimResults_neighbourhoods\option_9_j3_20260602_v2\US_ASHRAE\IC-DC\IC-DC_EEM_J_ENVELOPE_EEM4_20260604_185115\results
IC-DC,IC-DC,US_ASHRAE,0,1,0,1,EEM_J_HVAC_ONLY_EEM4,3659.6225,27.7848,439.6421,10.5069,29.1989,2720.4196,326.4932,155.4259,tier3,1,200,c:\Users\o_iseri\Desktop\idf_reader\0_BEM_Setup\SimResults_neighbourhoods\option_9_j3_20260602_v2\US_ASHRAE\IC-DC\IC-DC_EEM_J_HVAC_ONLY_EEM4_20260604_185118\IC-DC_EEM_J_HVAC_ONLY_EEM4_20260604_185118.idf,c:\Users\o_iseri\Desktop\idf_reader\0_BEM_Setup\SimResults_neighbourhoods\option_9_j3_20260602_v2\US_ASHRAE\IC-DC\IC-DC_EEM_J_HVAC_ONLY_EEM4_20260604_185118\results
IC-DC,IC-DC,US_ASHRAE,0,0,1,1,EEM_J_DHW_ONLY_EEM4,3666.8649,44.6839,439.6233,1.2011,29.1989,2720.4125,326.1419,155.4259,tier3,1,249,c:\Users\o_iseri\Desktop\idf_reader\0_BEM_Setup\SimResults_neighbourhoods\option_9_j3_20260602_v2\US_ASHRAE\IC-DC\IC-DC_EEM_J_DHW_ONLY_EEM4_20260604_185130\IC-DC_EEM_J_DHW_ONLY_EEM4_20260604_185130.idf,c:\Users\o_iseri\Desktop\idf_reader\0_BEM_Setup\SimResults_neighbourhoods\option_9_j3_20260602_v2\US_ASHRAE\IC-DC\IC-DC_EEM_J_DHW_ONLY_EEM4_20260604_185130\results
IC-DC,IC-DC,US_ASHRAE,1,1,0,1,EEM_J_ENV_HVAC_EEM4,3657.5104,11.9493,445.0985,10.4995,29.1701,2720.2314,332.9639,155.3965,tier3,1,247,c:\Users\o_iseri\Desktop\idf_reader\0_BEM_Setup\SimResults_neighbourhoods\option_9_j3_20260602_v2\US_ASHRAE\IC-DC\IC-DC_EEM_J_ENV_HVAC_EEM4_20260604_185132\IC-DC_EEM_J_ENV_HVAC_EEM4_20260604_185132.idf,c:\Users\o_iseri\Desktop\idf_reader\0_BEM_Setup\SimResults_neighbourhoods\option_9_j3_20260602_v2\US_ASHRAE\IC-DC\IC-DC_EEM_J_ENV_HVAC_EEM4_20260604_185132\results
IC-DC,IC-DC,US_ASHRAE,1,0,1,1,EEM_J_ENV_DHW_EEM4,3657.5407,21.5919,445.066,1.1778,29.1701,2720.2314,332.6942,155.3965,tier3,1,300,c:\Users\o_iseri\Desktop\idf_reader\0_BEM_Setup\SimResults_neighbourhoods\option_9_j3_20260602_v2\US_ASHRAE\IC-DC\IC-DC_EEM_J_ENV_DHW_EEM4_20260604_185136\IC-DC_EEM_J_ENV_DHW_EEM4_20260604_185136.idf,c:\Users\o_iseri\Desktop\idf_reader\0_BEM_Setup\SimResults_neighbourhoods\option_9_j3_20260602_v2\US_ASHRAE\IC-DC\IC-DC_EEM_J_ENV_DHW_EEM4_20260604_185136\results
IC-DC,IC-DC,US_ASHRAE,0,1,1,1,EEM_J_HVAC_DHW_EEM4,3651.6965,29.1276,439.6517,1.2,29.1989,2720.4188,326.5227,155.4259,tier3,1,255,c:\Users\o_iseri\Desktop\idf_reader\0_BEM_Setup\SimResults_neighbourhoods\option_9_j3_20260602_v2\US_ASHRAE\IC-DC\IC-DC_EEM_J_HVAC_DHW_EEM4_20260604_185140\IC-DC_EEM_J_HVAC_DHW_EEM4_20260604_185140.idf,c:\Users\o_iseri\Desktop\idf_reader\0_BEM_Setup\SimResults_neighbourhoods\option_9_j3_20260602_v2\US_ASHRAE\IC-DC\IC-DC_EEM_J_HVAC_DHW_EEM4_20260604_185140\results
IC-DC,IC-DC,US_ASHRAE,1,1,1,1,EEM_J_ENV_HVAC_DHW_EEM4,3649.6002,13.3013,445.1114,1.1959,29.1701,2720.2317,332.9924,155.3965,tier3,1,306,c:\Users\o_iseri\Desktop\idf_reader\0_BEM_Setup\SimResults_neighbourhoods\option_9_j3_20260602_v2\US_ASHRAE\IC-DC\IC-DC_EEM_J_ENV_HVAC_DHW_EEM4_20260604_185152\IC-DC_EEM_J_ENV_HVAC_DHW_EEM4_20260604_185152.idf,c:\Users\o_iseri\Desktop\idf_reader\0_BEM_Setup\SimResults_neighbourhoods\option_9_j3_20260602_v2\US_ASHRAE\IC-DC\IC-DC_EEM_J_ENV_HVAC_DHW_EEM4_20260604_185152\results
IC-DE,IC-DE,US_ASHRAE,0,0,0,0,EEM_J_DEFAULT,11965.4474,52.3466,1373.0747,13.1973,24.2629,9052.1486,1111.793,6.1654,native,2,210,c:\Users\o_iseri\Desktop\idf_reader\0_BEM_Setup\SimResults_neighbourhoods\option_9_j3_20260602_v2\US_ASHRAE\IC-DE\IC-DE_EEM_J_DEFAULT_20260604_185206\IC-DE_EEM_J_DEFAULT_20260604_185206.idf,c:\Users\o_iseri\Desktop\idf_reader\0_BEM_Setup\SimResults_neighbourhoods\option_9_j3_20260602_v2\US_ASHRAE\IC-DE\IC-DE_EEM_J_DEFAULT_20260604_185206\results
IC-DE,IC-DE,US_ASHRAE,1,0,0,0,EEM_J_ENVELOPE,11953.288,30.0797,1375.5834,13.1861,24.3647,9052.6683,1117.5848,113.9433,tier3,2,224,c:\Users\o_iseri\Desktop\idf_reader\0_BEM_Setup\SimResults_neighbourhoods\option_9_j3_20260602_v2\US_ASHRAE\IC-DE\IC-DE_EEM_J_ENVELOPE_20260604_185210\IC-DE_EEM_J_ENVELOPE_20260604_185210.idf,c:\Users\o_iseri\Desktop\idf_reader\0_BEM_Setup\SimResults_neighbourhoods\option_9_j3_20260602_v2\US_ASHRAE\IC-DE\IC-DE_EEM_J_ENVELOPE_20260604_185210\results
IC-DE,IC-DE,US_ASHRAE,0,1,0,0,EEM_J_HVAC_ONLY,11943.4206,30.0303,1372.7375,13.2077,24.3932,9052.1484,1112.2822,113.9481,tier3,2,223,c:\Users\o_iseri\Desktop\idf_reader\0_BEM_Setup\SimResults_neighbourhoods\option_9_j3_20260602_v2\US_ASHRAE\IC-DE\IC-DE_EEM_J_HVAC_ONLY_20260604_185222\IC-DE_EEM_J_HVAC_ONLY_20260604_185222.idf,c:\Users\o_iseri\Desktop\idf_reader\0_BEM_Setup\SimResults_neighbourhoods\option_9_j3_20260602_v2\US_ASHRAE\IC-DE\IC-DE_EEM_J_HVAC_ONLY_20260604_185222\results
IC-DE,IC-DE,US_ASHRAE,0,0,1,0,EEM_J_DHW_ONLY,11956.1324,54.6013,1372.8083,1.6928,24.3932,9052.1484,1111.8416,113.9481,tier3,2,248,c:\Users\o_iseri\Desktop\idf_reader\0_BEM_Setup\SimResults_neighbourhoods\option_9_j3_20260602_v2\US_ASHRAE\IC-DE\IC-DE_EEM_J_DHW_ONLY_20260604_185233\IC-DE_EEM_J_DHW_ONLY_20260604_185233.idf,c:\Users\o_iseri\Desktop\idf_reader\0_BEM_Setup\SimResults_neighbourhoods\option_9_j3_20260602_v2\US_ASHRAE\IC-DE\IC-DE_EEM_J_DHW_ONLY_20260604_185233\results
IC-DE,IC-DE,US_ASHRAE,1,1,0,0,EEM_J_ENV_HVAC,11936.8296,13.0449,1375.5574,13.1961,24.3647,9052.7268,1118.1265,113.9433,tier3,2,242,c:\Users\o_iseri\Desktop\idf_reader\0_BEM_Setup\SimResults_neighbourhoods\option_9_j3_20260602_v2\US_ASHRAE\IC-DE\IC-DE_EEM_J_ENV_HVAC_20260604_185236\IC-DE_EEM_J_ENV_HVAC_20260604_185236.idf,c:\Users\o_iseri\Desktop\idf_reader\0_BEM_Setup\SimResults_neighbourhoods\option_9_j3_20260602_v2\US_ASHRAE\IC-DE\IC-DE_EEM_J_ENV_HVAC_20260604_185236\results
IC-DE,IC-DE,US_ASHRAE,1,0,1,0,EEM_J_ENV_DHW,11943.7958,32.0255,1375.5834,1.6921,24.3647,9052.6683,1117.6413,113.9433,tier3,3,272,c:\Users\o_iseri\Desktop\idf_reader\0_BEM_Setup\SimResults_neighbourhoods\option_9_j3_20260602_v2\US_ASHRAE\IC-DE\IC-DE_EEM_J_ENV_DHW_20260604_185245\IC-DE_EEM_J_ENV_DHW_20260604_185245.idf,c:\Users\o_iseri\Desktop\idf_reader\0_BEM_Setup\SimResults_neighbourhoods\option_9_j3_20260602_v2\US_ASHRAE\IC-DE\IC-DE_EEM_J_ENV_DHW_20260604_185245\results
IC-DE,IC-DE,US_ASHRAE,0,1,1,0,EEM_J_HVAC_DHW,11933.8908,31.9648,1372.7447,1.6933,24.3932,9052.1484,1112.3243,113.9481,tier3,3,265,c:\Users\o_iseri\Desktop\idf_reader\0_BEM_Setup\SimResults_neighbourhoods\option_9_j3_20260602_v2\US_ASHRAE\IC-DE\IC-DE_EEM_J_HVAC_DHW_20260604_185250\IC-DE_EEM_J_HVAC_DHW_20260604_185250.idf,c:\Users\o_iseri\Desktop\idf_reader\0_BEM_Setup\SimResults_neighbourhoods\option_9_j3_20260602_v2\US_ASHRAE\IC-DE\IC-DE_EEM_J_HVAC_DHW_20260604_185250\results
IC-DE,IC-DE,US_ASHRAE,1,1,1,0,EEM_J_ENV_HVAC_DHW,11927.3087,14.9724,1375.5529,1.7151,24.3647,9052.7288,1118.1632,113.9433,tier3,3,288,c:\Users\o_iseri\Desktop\idf_reader\0_BEM_Setup\SimResults_neighbourhoods\option_9_j3_20260602_v2\US_ASHRAE\IC-DE\IC-DE_EEM_J_ENV_HVAC_DHW_20260604_185253\IC-DE_EEM_J_ENV_HVAC_DHW_20260604_185253.idf,c:\Users\o_iseri\Desktop\idf_reader\0_BEM_Setup\SimResults_neighbourhoods\option_9_j3_20260602_v2\US_ASHRAE\IC-DE\IC-DE_EEM_J_ENV_HVAC_DHW_20260604_185253\results
IC-DE,IC-DE,US_ASHRAE,0,0,0,1,EEM_J_EEM4_ONLY,11957.9693,57.7783,1372.0577,13.2025,21.1381,9043.867,1111.2793,113.9481,tier3,2,218,c:\Users\o_iseri\Desktop\idf_reader\0_BEM_Setup\SimResults_neighbourhoods\option_9_j3_20260602_v2\US_ASHRAE\IC-DE\IC-DE_EEM_J_EEM4_ONLY_20260604_185300\IC-DE_EEM_J_EEM4_ONLY_20260604_185300.idf,c:\Users\o_iseri\Desktop\idf_reader\0_BEM_Setup\SimResults_neighbourhoods\option_9_j3_20260602_v2\US_ASHRAE\IC-DE\IC-DE_EEM_J_EEM4_ONLY_20260604_185300\results
IC-DE,IC-DE,US_ASHRAE,1,0,0,1,EEM_J_ENVELOPE_EEM4,11940.3189,29.7637,1374.8457,13.1899,21.1228,9044.4224,1117.1563,113.9433,tier3,3,230,c:\Users\o_iseri\Desktop\idf_reader\0_BEM_Setup\SimResults_neighbourhoods\option_9_j3_20260602_v2\US_ASHRAE\IC-DE\IC-DE_EEM_J_ENVELOPE_EEM4_20260604_185301\IC-DE_EEM_J_ENVELOPE_EEM4_20260604_185301.idf,c:\Users\o_iseri\Desktop\idf_reader\0_BEM_Setup\SimResults_neighbourhoods\option_9_j3_20260602_v2\US_ASHRAE\IC-DE\IC-DE_EEM_J_ENVELOPE_EEM4_20260604_185301\results
IC-DE,IC-DE,US_ASHRAE,0,1,0,1,EEM_J_HVAC_ONLY_EEM4,11934.1936,33.6036,1371.9982,13.2134,21.1381,9043.867,1111.7521,113.9481,tier3,3,232,c:\Users\o_iseri\Desktop\idf_reader\0_BEM_Setup\SimResults_neighbourhoods\option_9_j3_20260602_v2\US_ASHRAE\IC-DE\IC-DE_EEM_J_HVAC_ONLY_EEM4_20260604_185310\IC-DE_EEM_J_HVAC_ONLY_EEM4_20260604_185310.idf,c:\Users\o_iseri\Desktop\idf_reader\0_BEM_Setup\SimResults_neighbourhoods\option_9_j3_20260602_v2\US_ASHRAE\IC-DE\IC-DE_EEM_J_HVAC_ONLY_EEM4_20260604_185310\results
IC-DE,IC-DE,US_ASHRAE,0,0,1,1,EEM_J_DHW_ONLY_EEM4,11948.511,59.771,1372.0632,1.6968,21.1381,9043.867,1111.3283,113.9481,tier3,2,264,c:\Users\o_iseri\Desktop\idf_reader\0_BEM_Setup\SimResults_neighbourhoods\option_9_j3_20260602_v2\US_ASHRAE\IC-DE\IC-DE_EEM_J_DHW_ONLY_EEM4_20260604_185311\IC-DE_EEM_J_DHW_ONLY_EEM4_20260604_185311.idf,c:\Users\o_iseri\Desktop\idf_reader\0_BEM_Setup\SimResults_neighbourhoods\option_9_j3_20260602_v2\US_ASHRAE\IC-DE\IC-DE_EEM_J_DHW_ONLY_EEM4_20260604_185311\results
IC-DE,IC-DE,US_ASHRAE,1,1,0,1,EEM_J_ENV_HVAC_EEM4,11924.3703,13.1643,1374.8343,13.2008,21.1228,9044.5094,1117.7285,113.9433,tier3,2,246,c:\Users\o_iseri\Desktop\idf_reader\0_BEM_Setup\SimResults_neighbourhoods\option_9_j3_20260602_v2\US_ASHRAE\IC-DE\IC-DE_EEM_J_ENV_HVAC_EEM4_20260604_185326\IC-DE_EEM_J_ENV_HVAC_EEM4_20260604_185326.idf,c:\Users\o_iseri\Desktop\idf_reader\0_BEM_Setup\SimResults_neighbourhoods\option_9_j3_20260602_v2\US_ASHRAE\IC-DE\IC-DE_EEM_J_ENV_HVAC_EEM4_20260604_185326\results
IC-DE,IC-DE,US_ASHRAE,1,0,1,1,EEM_J_ENV_DHW_EEM4,11930.7695,31.7118,1374.8481,1.6866,21.1228,9044.443,1117.1392,113.9433,tier3,2,282,c:\Users\o_iseri\Desktop\idf_reader\0_BEM_Setup\SimResults_neighbourhoods\option_9_j3_20260602_v2\US_ASHRAE\IC-DE\IC-DE_EEM_J_ENV_DHW_EEM4_20260604_185328\IC-DE_EEM_J_ENV_DHW_EEM4_20260604_185328.idf,c:\Users\o_iseri\Desktop\idf_reader\0_BEM_Setup\SimResults_neighbourhoods\option_9_j3_20260602_v2\US_ASHRAE\IC-DE\IC-DE_EEM_J_ENV_DHW_EEM4_20260604_185328\results
IC-DE,IC-DE,US_ASHRAE,0,1,1,1,EEM_J_HVAC_DHW_EEM4,11924.6895,35.5512,1372.0032,1.7127,21.1381,9043.867,1111.7962,113.9481,tier3,2,278,c:\Users\o_iseri\Desktop\idf_reader\0_BEM_Setup\SimResults_neighbourhoods\option_9_j3_20260602_v2\US_ASHRAE\IC-DE\IC-DE_EEM_J_HVAC_DHW_EEM4_20260604_185335\IC-DE_EEM_J_HVAC_DHW_EEM4_20260604_185335.idf,c:\Users\o_iseri\Desktop\idf_reader\0_BEM_Setup\SimResults_neighbourhoods\option_9_j3_20260602_v2\US_ASHRAE\IC-DE\IC-DE_EEM_J_HVAC_DHW_EEM4_20260604_185335\results
IC-DE,IC-DE,US_ASHRAE,1,1,1,1,EEM_J_ENV_HVAC_DHW_EEM4,11914.9109,15.0842,1374.8397,1.6993,21.1228,9044.5371,1117.8165,113.9433,tier3,4,300,c:\Users\o_iseri\Desktop\idf_reader\0_BEM_Setup\SimResults_neighbourhoods\option_9_j3_20260602_v2\US_ASHRAE\IC-DE\IC-DE_EEM_J_ENV_HVAC_DHW_EEM4_20260604_185343\IC-DE_EEM_J_ENV_HVAC_DHW_EEM4_20260604_185343.idf,c:\Users\o_iseri\Desktop\idf_reader\0_BEM_Setup\SimResults_neighbourhoods\option_9_j3_20260602_v2\US_ASHRAE\IC-DE\IC-DE_EEM_J_ENV_HVAC_DHW_EEM4_20260604_185343\results
MU-C1,MU-C1,US_ASHRAE,0,0,0,0,EEM_J_DEFAULT,212.4002,42.1065,11.7528,41.0189,12.9546,75.3769,19.2399,3.3988,native,15,7858,c:\Users\o_iseri\Desktop\idf_reader\0_BEM_Setup\SimResults_neighbourhoods\option_9_j3_20260602_v2\US_ASHRAE\MU-C1\MU-C1_EEM_J_DEFAULT_20260604_185403\MU-C1_EEM_J_DEFAULT_20260604_185403.idf,c:\Users\o_iseri\Desktop\idf_reader\0_BEM_Setup\SimResults_neighbourhoods\option_9_j3_20260602_v2\US_ASHRAE\MU-C1\MU-C1_EEM_J_DEFAULT_20260604_185403\results
MU-C1,MU-C1,US_ASHRAE,1,0,0,0,EEM_J_ENVELOPE,188.6646,17.0598,13.5305,41.0185,12.941,75.3769,18.8327,24.9162,tier3,24,7874,c:\Users\o_iseri\Desktop\idf_reader\0_BEM_Setup\SimResults_neighbourhoods\option_9_j3_20260602_v2\US_ASHRAE\MU-C1\MU-C1_EEM_J_ENVELOPE_20260604_185413\MU-C1_EEM_J_ENVELOPE_20260604_185413.idf,c:\Users\o_iseri\Desktop\idf_reader\0_BEM_Setup\SimResults_neighbourhoods\option_9_j3_20260602_v2\US_ASHRAE\MU-C1\MU-C1_EEM_J_ENVELOPE_20260604_185413\results
MU-C1,MU-C1,US_ASHRAE,0,1,0,0,EEM_J_HVAC_ONLY,188.6734,18.9616,10.2349,41.0226,12.9608,75.3769,20.1678,24.9934,tier3,17,8221,c:\Users\o_iseri\Desktop\idf_reader\0_BEM_Setup\SimResults_neighbourhoods\option_9_j3_20260602_v2\US_ASHRAE\MU-C1\MU-C1_EEM_J_HVAC_ONLY_20260604_185413\MU-C1_EEM_J_HVAC_ONLY_20260604_185413.idf,c:\Users\o_iseri\Desktop\idf_reader\0_BEM_Setup\SimResults_neighbourhoods\option_9_j3_20260602_v2\US_ASHRAE\MU-C1\MU-C1_EEM_J_HVAC_ONLY_20260604_185413\results
MU-C1,MU-C1,US_ASHRAE,0,0,1,0,EEM_J_DHW_ONLY,184.1191,49.3047,10.7015,6.8364,12.9608,75.3769,19.0057,24.9934,tier3,13,8160,c:\Users\o_iseri\Desktop\idf_reader\0_BEM_Setup\SimResults_neighbourhoods\option_9_j3_20260602_v2\US_ASHRAE\MU-C1\MU-C1_EEM_J_DHW_ONLY_20260604_185414\MU-C1_EEM_J_DHW_ONLY_20260604_185414.idf,c:\Users\o_iseri\Desktop\idf_reader\0_BEM_Setup\SimResults_neighbourhoods\option_9_j3_20260602_v2\US_ASHRAE\MU-C1\MU-C1_EEM_J_DHW_ONLY_20260604_185414\results
MU-C1,MU-C1,US_ASHRAE,1,1,0,0,EEM_J_ENV_HVAC,182.1329,9.7694,13.1067,41.0212,12.941,75.3769,19.986,24.9162,tier3,22,8251,c:\Users\o_iseri\Desktop\idf_reader\0_BEM_Setup\SimResults_neighbourhoods\option_9_j3_20260602_v2\US_ASHRAE\MU-C1\MU-C1_EEM_J_ENV_HVAC_20260604_185428\MU-C1_EEM_J_ENV_HVAC_20260604_185428.idf,c:\Users\o_iseri\Desktop\idf_reader\0_BEM_Setup\SimResults_neighbourhoods\option_9_j3_20260602_v2\US_ASHRAE\MU-C1\MU-C1_EEM_J_ENV_HVAC_20260604_185428\results
MU-C1,MU-C1,US_ASHRAE,1,0,1,0,EEM_J_ENV_DHW,158.7233,21.9383,13.316,6.8429,12.9406,75.3769,18.388,24.9772,tier3,37,8187,c:\Users\o_iseri\Desktop\idf_reader\0_BEM_Setup\SimResults_neighbourhoods\option_9_j3_20260602_v2\US_ASHRAE\MU-C1\MU-C1_EEM_J_ENV_DHW_20260604_185438\MU-C1_EEM_J_ENV_DHW_20260604_185438.idf,c:\Users\o_iseri\Desktop\idf_reader\0_BEM_Setup\SimResults_neighbourhoods\option_9_j3_20260602_v2\US_ASHRAE\MU-C1\MU-C1_EEM_J_ENV_DHW_20260604_185438\results
MU-C1,MU-C1,US_ASHRAE,0,1,1,0,EEM_J_HVAC_DHW,159.4828,23.8985,10.1996,6.8412,12.9608,75.3769,20.2573,24.9934,tier3,13,8523,c:\Users\o_iseri\Desktop\idf_reader\0_BEM_Setup\SimResults_neighbourhoods\option_9_j3_20260602_v2\US_ASHRAE\MU-C1\MU-C1_EEM_J_HVAC_DHW_20260604_185440\MU-C1_EEM_J_HVAC_DHW_20260604_185440.idf,c:\Users\o_iseri\Desktop\idf_reader\0_BEM_Setup\SimResults_neighbourhoods\option_9_j3_20260602_v2\US_ASHRAE\MU-C1\MU-C1_EEM_J_HVAC_DHW_20260604_185440\results
MU-C1,MU-C1,US_ASHRAE,1,1,1,0,EEM_J_ENV_HVAC_DHW,153.1688,14.6157,13.0626,7.1685,12.941,75.3769,20.0736,24.9162,tier3,36,8505,c:\Users\o_iseri\Desktop\idf_reader\0_BEM_Setup\SimResults_neighbourhoods\option_9_j3_20260602_v2\US_ASHRAE\MU-C1\MU-C1_EEM_J_ENV_HVAC_DHW_20260604_185443\MU-C1_EEM_J_ENV_HVAC_DHW_20260604_185443.idf,c:\Users\o_iseri\Desktop\idf_reader\0_BEM_Setup\SimResults_neighbourhoods\option_9_j3_20260602_v2\US_ASHRAE\MU-C1\MU-C1_EEM_J_ENV_HVAC_DHW_20260604_185443\results
MU-C1,MU-C1,US_ASHRAE,0,0,0,1,EEM_J_EEM4_ONLY,199.533,53.7807,9.1662,41.0205,6.1725,61.4953,17.9951,24.9934,tier3,15,9103,c:\Users\o_iseri\Desktop\idf_reader\0_BEM_Setup\SimResults_neighbourhoods\option_9_j3_20260602_v2\US_ASHRAE\MU-C1\MU-C1_EEM_J_EEM4_ONLY_20260604_185457\MU-C1_EEM_J_EEM4_ONLY_20260604_185457.idf,c:\Users\o_iseri\Desktop\idf_reader\0_BEM_Setup\SimResults_neighbourhoods\option_9_j3_20260602_v2\US_ASHRAE\MU-C1\MU-C1_EEM_J_EEM4_ONLY_20260604_185457\results
MU-C1,MU-C1,US_ASHRAE,1,0,0,1,EEM_J_ENVELOPE_EEM4,166.8213,21.2848,10.2134,41.016,6.1103,61.4953,16.8221,24.9772,tier3,16,9136,c:\Users\o_iseri\Desktop\idf_reader\0_BEM_Setup\SimResults_neighbourhoods\option_9_j3_20260602_v2\US_ASHRAE\MU-C1\MU-C1_EEM_J_ENVELOPE_EEM4_20260604_185534\MU-C1_EEM_J_ENVELOPE_EEM4_20260604_185534.idf,c:\Users\o_iseri\Desktop\idf_reader\0_BEM_Setup\SimResults_neighbourhoods\option_9_j3_20260602_v2\US_ASHRAE\MU-C1\MU-C1_EEM_J_ENVELOPE_EEM4_20260604_185534\results
MU-C1,MU-C1,US_ASHRAE,0,1,0,1,EEM_J_HVAC_ONLY_EEM4,168.5112,22.2453,8.4705,41.0241,6.1725,61.4953,19.1807,24.9934,tier3,17,9471,c:\Users\o_iseri\Desktop\idf_reader\0_BEM_Setup\SimResults_neighbourhoods\option_9_j3_20260602_v2\US_ASHRAE\MU-C1\MU-C1_EEM_J_HVAC_ONLY_EEM4_20260604_185534\MU-C1_EEM_J_HVAC_ONLY_EEM4_20260604_185534.idf,c:\Users\o_iseri\Desktop\idf_reader\0_BEM_Setup\SimResults_neighbourhoods\option_9_j3_20260602_v2\US_ASHRAE\MU-C1\MU-C1_EEM_J_HVAC_ONLY_EEM4_20260604_185534\results
MU-C1,MU-C1,US_ASHRAE,0,0,1,1,EEM_J_DHW_ONLY_EEM4,170.4208,58.804,9.1382,6.8193,6.1725,61.4953,18.089,24.9934,tier3,13,9394,c:\Users\o_iseri\Desktop\idf_reader\0_BEM_Setup\SimResults_neighbourhoods\option_9_j3_20260602_v2\US_ASHRAE\MU-C1\MU-C1_EEM_J_DHW_ONLY_EEM4_20260604_185604\MU-C1_EEM_J_DHW_ONLY_EEM4_20260604_185604.idf,c:\Users\o_iseri\Desktop\idf_reader\0_BEM_Setup\SimResults_neighbourhoods\option_9_j3_20260602_v2\US_ASHRAE\MU-C1\MU-C1_EEM_J_DHW_ONLY_EEM4_20260604_185604\results
MU-C1,MU-C1,US_ASHRAE,1,1,0,1,EEM_J_ENV_HVAC_EEM4,156.5898,10.5485,9.6116,41.0187,6.1103,61.4953,17.9045,24.9772,tier3,23,9513,c:\Users\o_iseri\Desktop\idf_reader\0_BEM_Setup\SimResults_neighbourhoods\option_9_j3_20260602_v2\US_ASHRAE\MU-C1\MU-C1_EEM_J_ENV_HVAC_EEM4_20260604_185607\MU-C1_EEM_J_ENV_HVAC_EEM4_20260604_185607.idf,c:\Users\o_iseri\Desktop\idf_reader\0_BEM_Setup\SimResults_neighbourhoods\option_9_j3_20260602_v2\US_ASHRAE\MU-C1\MU-C1_EEM_J_ENV_HVAC_EEM4_20260604_185607\results
MU-C1,MU-C1,US_ASHRAE,1,0,1,1,EEM_J_ENV_DHW_EEM4,137.6598,26.2975,10.1782,6.784,6.1103,61.4953,16.9137,24.9772,tier3,40,9442,c:\Users\o_iseri\Desktop\idf_reader\0_BEM_Setup\SimResults_neighbourhoods\option_9_j3_20260602_v2\US_ASHRAE\MU-C1\MU-C1_EEM_J_ENV_DHW_EEM4_20260604_185619\MU-C1_EEM_J_ENV_DHW_EEM4_20260604_185619.idf,c:\Users\o_iseri\Desktop\idf_reader\0_BEM_Setup\SimResults_neighbourhoods\option_9_j3_20260602_v2\US_ASHRAE\MU-C1\MU-C1_EEM_J_ENV_DHW_EEM4_20260604_185619\results
MU-C1,MU-C1,US_ASHRAE,0,1,1,1,EEM_J_HVAC_DHW_EEM4,139.3565,27.1942,8.4415,6.8568,6.1725,61.4953,19.2737,24.9934,tier3,15,9758,c:\Users\o_iseri\Desktop\idf_reader\0_BEM_Setup\SimResults_neighbourhoods\option_9_j3_20260602_v2\US_ASHRAE\MU-C1\MU-C1_EEM_J_HVAC_DHW_EEM4_20260604_185624\MU-C1_EEM_J_HVAC_DHW_EEM4_20260604_185624.idf,c:\Users\o_iseri\Desktop\idf_reader\0_BEM_Setup\SimResults_neighbourhoods\option_9_j3_20260602_v2\US_ASHRAE\MU-C1\MU-C1_EEM_J_HVAC_DHW_EEM4_20260604_185624\results
MU-C1,MU-C1,US_ASHRAE,1,1,1,1,EEM_J_ENV_HVAC_DHW_EEM4,128.1831,15.5082,9.5975,7.0965,6.1098,61.4953,18.4835,24.9162,tier3,48,9756,c:\Users\o_iseri\Desktop\idf_reader\0_BEM_Setup\SimResults_neighbourhoods\option_9_j3_20260602_v2\US_ASHRAE\MU-C1\MU-C1_EEM_J_ENV_HVAC_DHW_EEM4_20260604_185641\MU-C1_EEM_J_ENV_HVAC_DHW_EEM4_20260604_185641.idf,c:\Users\o_iseri\Desktop\idf_reader\0_BEM_Setup\SimResults_neighbourhoods\option_9_j3_20260602_v2\US_ASHRAE\MU-C1\MU-C1_EEM_J_ENV_HVAC_DHW_EEM4_20260604_185641\results
MU-C2,MU-C2,US_ASHRAE,0,0,0,0,EEM_J_DEFAULT,169.9932,26.5182,8.0998,33.8854,8.0041,69.6069,12.699,2.447,native,4,5691,c:\Users\o_iseri\Desktop\idf_reader\0_BEM_Setup\SimResults_neighbourhoods\option_9_j3_20260602_v2\US_ASHRAE\MU-C2\MU-C2_EEM_J_DEFAULT_20260604_185831\MU-C2_EEM_J_DEFAULT_20260604_185831.idf,c:\Users\o_iseri\Desktop\idf_reader\0_BEM_Setup\SimResults_neighbourhoods\option_9_j3_20260602_v2\US_ASHRAE\MU-C2\MU-C2_EEM_J_DEFAULT_20260604_185831\results
MU-C2,MU-C2,US_ASHRAE,1,0,0,0,EEM_J_ENVELOPE,151.6857,6.2165,10.0681,33.8838,7.9981,69.6069,12.633,19.9411,tier3,12,5738,c:\Users\o_iseri\Desktop\idf_reader\0_BEM_Setup\SimResults_neighbourhoods\option_9_j3_20260602_v2\US_ASHRAE\MU-C2\MU-C2_EEM_J_ENVELOPE_20260604_185853\MU-C2_EEM_J_ENVELOPE_20260604_185853.idf,c:\Users\o_iseri\Desktop\idf_reader\0_BEM_Setup\SimResults_neighbourhoods\option_9_j3_20260602_v2\US_ASHRAE\MU-C2\MU-C2_EEM_J_ENVELOPE_20260604_185853\results
MU-C2,MU-C2,US_ASHRAE,0,1,0,0,EEM_J_HVAC_ONLY,151.8691,8.2822,7.8551,33.887,8.026,69.6069,13.0028,19.9425,tier3,19,5719,c:\Users\o_iseri\Desktop\idf_reader\0_BEM_Setup\SimResults_neighbourhoods\option_9_j3_20260602_v2\US_ASHRAE\MU-C2\MU-C2_EEM_J_HVAC_ONLY_20260604_185913\MU-C2_EEM_J_HVAC_ONLY_20260604_185913.idf,c:\Users\o_iseri\Desktop\idf_reader\0_BEM_Setup\SimResults_neighbourhoods\option_9_j3_20260602_v2\US_ASHRAE\MU-C2\MU-C2_EEM_J_HVAC_ONLY_20260604_185913\results
MU-C2,MU-C2,US_ASHRAE,0,0,1,0,EEM_J_DHW_ONLY,148.1923,34.133,7.4277,5.1871,8.026,69.6069,12.5775,19.9425,tier3,4,5984,c:\Users\o_iseri\Desktop\idf_reader\0_BEM_Setup\SimResults_neighbourhoods\option_9_j3_20260602_v2\US_ASHRAE\MU-C2\MU-C2_EEM_J_DHW_ONLY_20260604_185933\MU-C2_EEM_J_DHW_ONLY_20260604_185933.idf,c:\Users\o_iseri\Desktop\idf_reader\0_BEM_Setup\SimResults_neighbourhoods\option_9_j3_20260602_v2\US_ASHRAE\MU-C2\MU-C2_EEM_J_DHW_ONLY_20260604_185933\results
MU-C2,MU-C2,US_ASHRAE,1,1,0,0,EEM_J_ENV_HVAC,147.9186,1.62,10.6918,33.8844,7.9981,69.6069,12.8617,19.9411,tier3,10,5754,c:\Users\o_iseri\Desktop\idf_reader\0_BEM_Setup\SimResults_neighbourhoods\option_9_j3_20260602_v2\US_ASHRAE\MU-C2\MU-C2_EEM_J_ENV_HVAC_20260604_185944\MU-C2_EEM_J_ENV_HVAC_20260604_185944.idf,c:\Users\o_iseri\Desktop\idf_reader\0_BEM_Setup\SimResults_neighbourhoods\option_9_j3_20260602_v2\US_ASHRAE\MU-C2\MU-C2_EEM_J_ENV_HVAC_20260604_185944\results
MU-C2,MU-C2,US_ASHRAE,1,0,1,0,EEM_J_ENV_DHW,127.8208,10.9391,10.0431,5.2485,7.9981,69.6069,12.7085,19.9411,tier3,13,6019,c:\Users\o_iseri\Desktop\idf_reader\0_BEM_Setup\SimResults_neighbourhoods\option_9_j3_20260602_v2\US_ASHRAE\MU-C2\MU-C2_EEM_J_ENV_DHW_20260604_190006\MU-C2_EEM_J_ENV_DHW_20260604_190006.idf,c:\Users\o_iseri\Desktop\idf_reader\0_BEM_Setup\SimResults_neighbourhoods\option_9_j3_20260602_v2\US_ASHRAE\MU-C2\MU-C2_EEM_J_ENV_DHW_20260604_190006\results
MU-C2,MU-C2,US_ASHRAE,0,1,1,0,EEM_J_HVAC_DHW,127.9988,13.0015,7.8445,5.2279,8.026,69.6069,13.0821,19.9425,tier3,6,5995,c:\Users\o_iseri\Desktop\idf_reader\0_BEM_Setup\SimResults_neighbourhoods\option_9_j3_20260602_v2\US_ASHRAE\MU-C2\MU-C2_EEM_J_HVAC_DHW_20260604_190007\MU-C2_EEM_J_HVAC_DHW_20260604_190007.idf,c:\Users\o_iseri\Desktop\idf_reader\0_BEM_Setup\SimResults_neighbourhoods\option_9_j3_20260602_v2\US_ASHRAE\MU-C2\MU-C2_EEM_J_HVAC_DHW_20260604_190007\results
MU-C2,MU-C2,US_ASHRAE,1,1,1,0,EEM_J_ENV_HVAC_DHW,124.0326,6.3207,10.6658,5.2558,7.9981,69.6069,12.93,19.9411,tier3,16,6044,c:\Users\o_iseri\Desktop\idf_reader\0_BEM_Setup\SimResults_neighbourhoods\option_9_j3_20260602_v2\US_ASHRAE\MU-C2\MU-C2_EEM_J_ENV_HVAC_DHW_20260604_190015\MU-C2_EEM_J_ENV_HVAC_DHW_20260604_190015.idf,c:\Users\o_iseri\Desktop\idf_reader\0_BEM_Setup\SimResults_neighbourhoods\option_9_j3_20260602_v2\US_ASHRAE\MU-C2\MU-C2_EEM_J_ENV_HVAC_DHW_20260604_190015\results
MU-C2,MU-C2,US_ASHRAE,0,0,0,1,EEM_J_EEM4_ONLY,157.118,38.9559,5.811,33.8858,3.5963,52.3115,11.3789,19.9425,tier3,4,6616,c:\Users\o_iseri\Desktop\idf_reader\0_BEM_Setup\SimResults_neighbourhoods\option_9_j3_20260602_v2\US_ASHRAE\MU-C2\MU-C2_EEM_J_EEM4_ONLY_20260604_190018\MU-C2_EEM_J_EEM4_ONLY_20260604_190018.idf,c:\Users\o_iseri\Desktop\idf_reader\0_BEM_Setup\SimResults_neighbourhoods\option_9_j3_20260602_v2\US_ASHRAE\MU-C2\MU-C2_EEM_J_EEM4_ONLY_20260604_190018\results
MU-C2,MU-C2,US_ASHRAE,1,0,0,1,EEM_J_ENVELOPE_EEM4,128.3562,9.5719,6.9507,33.8838,3.5517,52.3115,10.8807,19.9411,tier3,8,6657,c:\Users\o_iseri\Desktop\idf_reader\0_BEM_Setup\SimResults_neighbourhoods\option_9_j3_20260602_v2\US_ASHRAE\MU-C2\MU-C2_EEM_J_ENVELOPE_EEM4_20260604_190019\MU-C2_EEM_J_ENVELOPE_EEM4_20260604_190019.idf,c:\Users\o_iseri\Desktop\idf_reader\0_BEM_Setup\SimResults_neighbourhoods\option_9_j3_20260602_v2\US_ASHRAE\MU-C2\MU-C2_EEM_J_ENVELOPE_EEM4_20260604_190019\results
MU-C2,MU-C2,US_ASHRAE,0,1,0,1,EEM_J_HVAC_ONLY_EEM4,130.44,11.5142,6.0811,33.8876,3.5963,52.3115,11.8927,19.9425,tier3,7,6645,c:\Users\o_iseri\Desktop\idf_reader\0_BEM_Setup\SimResults_neighbourhoods\option_9_j3_20260602_v2\US_ASHRAE\MU-C2\MU-C2_EEM_J_HVAC_ONLY_EEM4_20260604_190041\MU-C2_EEM_J_HVAC_ONLY_EEM4_20260604_190041.idf,c:\Users\o_iseri\Desktop\idf_reader\0_BEM_Setup\SimResults_neighbourhoods\option_9_j3_20260602_v2\US_ASHRAE\MU-C2\MU-C2_EEM_J_HVAC_ONLY_EEM4_20260604_190041\results
MU-C2,MU-C2,US_ASHRAE,0,0,1,1,EEM_J_DHW_ONLY_EEM4,133.3021,43.726,5.8012,5.2305,3.5963,52.3115,11.4579,19.9425,tier3,4,6891,c:\Users\o_iseri\Desktop\idf_reader\0_BEM_Setup\SimResults_neighbourhoods\option_9_j3_20260602_v2\US_ASHRAE\MU-C2\MU-C2_EEM_J_DHW_ONLY_EEM4_20260604_190059\MU-C2_EEM_J_DHW_ONLY_EEM4_20260604_190059.idf,c:\Users\o_iseri\Desktop\idf_reader\0_BEM_Setup\SimResults_neighbourhoods\option_9_j3_20260602_v2\US_ASHRAE\MU-C2\MU-C2_EEM_J_DHW_ONLY_EEM4_20260604_190059\results
MU-C2,MU-C2,US_ASHRAE,1,1,0,1,EEM_J_ENV_HVAC_EEM4,122.0722,2.7187,7.3169,33.8852,3.5517,52.3115,11.1058,19.9411,tier3,13,6681,c:\Users\o_iseri\Desktop\idf_reader\0_BEM_Setup\SimResults_neighbourhoods\option_9_j3_20260602_v2\US_ASHRAE\MU-C2\MU-C2_EEM_J_ENV_HVAC_EEM4_20260604_190109\MU-C2_EEM_J_ENV_HVAC_EEM4_20260604_190109.idf,c:\Users\o_iseri\Desktop\idf_reader\0_BEM_Setup\SimResults_neighbourhoods\option_9_j3_20260602_v2\US_ASHRAE\MU-C2\MU-C2_EEM_J_ENV_HVAC_EEM4_20260604_190109\results
MU-C2,MU-C2,US_ASHRAE,1,0,1,1,EEM_J_ENV_DHW_EEM4,104.5275,14.3019,6.9365,5.2646,3.5517,52.3115,10.9563,19.9411,tier3,6,6939,c:\Users\o_iseri\Desktop\idf_reader\0_BEM_Setup\SimResults_neighbourhoods\option_9_j3_20260602_v2\US_ASHRAE\MU-C2\MU-C2_EEM_J_ENV_DHW_EEM4_20260604_190115\MU-C2_EEM_J_ENV_DHW_EEM4_20260604_190115.idf,c:\Users\o_iseri\Desktop\idf_reader\0_BEM_Setup\SimResults_neighbourhoods\option_9_j3_20260602_v2\US_ASHRAE\MU-C2\MU-C2_EEM_J_ENV_DHW_EEM4_20260604_190115\results
MU-C2,MU-C2,US_ASHRAE,0,1,1,1,EEM_J_HVAC_DHW_EEM4,106.547,16.2528,6.0681,5.1921,3.5963,52.3115,11.9703,19.9425,tier3,6,6909,c:\Users\o_iseri\Desktop\idf_reader\0_BEM_Setup\SimResults_neighbourhoods\option_9_j3_20260602_v2\US_ASHRAE\MU-C2\MU-C2_EEM_J_HVAC_DHW_EEM4_20260604_190130\MU-C2_EEM_J_HVAC_DHW_EEM4_20260604_190130.idf,c:\Users\o_iseri\Desktop\idf_reader\0_BEM_Setup\SimResults_neighbourhoods\option_9_j3_20260602_v2\US_ASHRAE\MU-C2\MU-C2_EEM_J_HVAC_DHW_EEM4_20260604_190130\results
MU-C2,MU-C2,US_ASHRAE,1,1,1,1,EEM_J_ENV_HVAC_DHW_EEM4,98.2104,7.425,7.2995,5.2574,3.5517,52.3115,11.1835,19.9411,tier3,11,6955,c:\Users\o_iseri\Desktop\idf_reader\0_BEM_Setup\SimResults_neighbourhoods\option_9_j3_20260602_v2\US_ASHRAE\MU-C2\MU-C2_EEM_J_ENV_HVAC_DHW_EEM4_20260604_190140\MU-C2_EEM_J_ENV_HVAC_DHW_EEM4_20260604_190140.idf,c:\Users\o_iseri\Desktop\idf_reader\0_BEM_Setup\SimResults_neighbourhoods\option_9_j3_20260602_v2\US_ASHRAE\MU-C2\MU-C2_EEM_J_ENV_HVAC_DHW_EEM4_20260604_190140\results
MU-HC,MU-HC,US_ASHRAE,0,0,0,0,EEM_J_DEFAULT,194.1463,51.5178,9.9122,45.0778,9.1045,62.1841,11.4804,4.1283,native,10,8805,c:\Users\o_iseri\Desktop\idf_reader\0_BEM_Setup\SimResults_neighbourhoods\option_9_j3_20260602_v2\US_ASHRAE\MU-HC\MU-HC_EEM_J_DEFAULT_20260604_190314\MU-HC_EEM_J_DEFAULT_20260604_190314.idf,c:\Users\o_iseri\Desktop\idf_reader\0_BEM_Setup\SimResults_neighbourhoods\option_9_j3_20260602_v2\US_ASHRAE\MU-HC\MU-HC_EEM_J_DEFAULT_20260604_190314\results
MU-HC,MU-HC,US_ASHRAE,1,0,0,0,EEM_J_ENVELOPE,169.125,22.0737,13.6991,45.05,9.0534,62.1841,12.099,46.0159,tier3,13,8947,c:\Users\o_iseri\Desktop\idf_reader\0_BEM_Setup\SimResults_neighbourhoods\option_9_j3_20260602_v2\US_ASHRAE\MU-HC\MU-HC_EEM_J_ENVELOPE_20260604_190334\MU-HC_EEM_J_ENVELOPE_20260604_190334.idf,c:\Users\o_iseri\Desktop\idf_reader\0_BEM_Setup\SimResults_neighbourhoods\option_9_j3_20260602_v2\US_ASHRAE\MU-HC\MU-HC_EEM_J_ENVELOPE_20260604_190334\results
MU-HC,MU-HC,US_ASHRAE,0,1,0,0,EEM_J_HVAC_ONLY,157.9795,14.7063,10.1236,45.0809,9.1087,62.1841,11.925,46.1581,tier3,12,9315,c:\Users\o_iseri\Desktop\idf_reader\0_BEM_Setup\SimResults_neighbourhoods\option_9_j3_20260602_v2\US_ASHRAE\MU-HC\MU-HC_EEM_J_HVAC_ONLY_20260604_190335\MU-HC_EEM_J_HVAC_ONLY_20260604_190335.idf,c:\Users\o_iseri\Desktop\idf_reader\0_BEM_Setup\SimResults_neighbourhoods\option_9_j3_20260602_v2\US_ASHRAE\MU-HC\MU-HC_EEM_J_HVAC_ONLY_20260604_190335\results
MU-HC,MU-HC,US_ASHRAE,0,0,1,0,EEM_J_DHW_ONLY,163.0639,56.864,9.6507,8.8847,9.1087,62.1841,11.5069,46.1581,tier3,19,9657,c:\Users\o_iseri\Desktop\idf_reader\0_BEM_Setup\SimResults_neighbourhoods\option_9_j3_20260602_v2\US_ASHRAE\MU-HC\MU-HC_EEM_J_DHW_ONLY_20260604_190337\MU-HC_EEM_J_DHW_ONLY_20260604_190337.idf,c:\Users\o_iseri\Desktop\idf_reader\0_BEM_Setup\SimResults_neighbourhoods\option_9_j3_20260602_v2\US_ASHRAE\MU-HC\MU-HC_EEM_J_DHW_ONLY_20260604_190337\results
MU-HC,MU-HC,US_ASHRAE,1,1,0,0,EEM_J_ENV_HVAC,152.5141,4.6475,14.2507,45.0532,9.0534,62.1841,12.3636,46.0159,tier3,18,9470,c:\Users\o_iseri\Desktop\idf_reader\0_BEM_Setup\SimResults_neighbourhoods\option_9_j3_20260602_v2\US_ASHRAE\MU-HC\MU-HC_EEM_J_ENV_HVAC_20260604_190357\MU-HC_EEM_J_ENV_HVAC_20260604_190357.idf,c:\Users\o_iseri\Desktop\idf_reader\0_BEM_Setup\SimResults_neighbourhoods\option_9_j3_20260602_v2\US_ASHRAE\MU-HC\MU-HC_EEM_J_ENV_HVAC_20260604_190357\results
MU-HC,MU-HC,US_ASHRAE,1,0,1,0,EEM_J_ENV_DHW,136.625,27.3146,13.004,8.9645,9.0522,62.1841,11.2956,46.1463,tier3,25,9835,c:\Users\o_iseri\Desktop\idf_reader\0_BEM_Setup\SimResults_neighbourhoods\option_9_j3_20260602_v2\US_ASHRAE\MU-HC\MU-HC_EEM_J_ENV_DHW_20260604_190421\MU-HC_EEM_J_ENV_DHW_20260604_190421.idf,c:\Users\o_iseri\Desktop\idf_reader\0_BEM_Setup\SimResults_neighbourhoods\option_9_j3_20260602_v2\US_ASHRAE\MU-HC\MU-HC_EEM_J_ENV_DHW_20260604_190421\results
MU-HC,MU-HC,US_ASHRAE,0,1,1,0,EEM_J_HVAC_DHW,126.587,19.4527,10.0512,8.9393,9.1087,62.1841,11.9999,46.1581,tier3,15,10173,c:\Users\o_iseri\Desktop\idf_reader\0_BEM_Setup\SimResults_neighbourhoods\option_9_j3_20260602_v2\US_ASHRAE\MU-HC\MU-HC_EEM_J_HVAC_DHW_20260604_190428\MU-HC_EEM_J_HVAC_DHW_20260604_190428.idf,c:\Users\o_iseri\Desktop\idf_reader\0_BEM_Setup\SimResults_neighbourhoods\option_9_j3_20260602_v2\US_ASHRAE\MU-HC\MU-HC_EEM_J_HVAC_DHW_20260604_190428\results
MU-HC,MU-HC,US_ASHRAE,1,1,1,0,EEM_J_ENV_HVAC_DHW,121.1561,9.295,14.1455,9.0526,9.0534,62.1841,12.4636,46.0159,tier3,27,10226,c:\Users\o_iseri\Desktop\idf_reader\0_BEM_Setup\SimResults_neighbourhoods\option_9_j3_20260602_v2\US_ASHRAE\MU-HC\MU-HC_EEM_J_ENV_HVAC_DHW_20260604_190429\MU-HC_EEM_J_ENV_HVAC_DHW_20260604_190429.idf,c:\Users\o_iseri\Desktop\idf_reader\0_BEM_Setup\SimResults_neighbourhoods\option_9_j3_20260602_v2\US_ASHRAE\MU-HC\MU-HC_EEM_J_ENV_HVAC_DHW_20260604_190429\results
MU-HC,MU-HC,US_ASHRAE,1,0,0,1,EEM_J_ENVELOPE_EEM4,144.1715,25.8781,8.9662,45.0586,4.2543,45.8454,9.4206,46.1463,tier3,10,10213,c:\Users\o_iseri\Desktop\idf_reader\0_BEM_Setup\SimResults_neighbourhoods\option_9_j3_20260602_v2\US_ASHRAE\MU-HC\MU-HC_EEM_J_ENVELOPE_EEM4_20260604_190448\MU-HC_EEM_J_ENVELOPE_EEM4_20260604_190448.idf,c:\Users\o_iseri\Desktop\idf_reader\0_BEM_Setup\SimResults_neighbourhoods\option_9_j3_20260602_v2\US_ASHRAE\MU-HC\MU-HC_EEM_J_ENVELOPE_EEM4_20260604_190448\results
MU-HC,MU-HC,US_ASHRAE,1,1,0,1,EEM_J_ENV_HVAC_EEM4,124.8109,5.8488,9.3283,45.0616,4.2543,45.8454,9.7362,46.1463,tier3,12,10735,c:\Users\o_iseri\Desktop\idf_reader\0_BEM_Setup\SimResults_neighbourhoods\option_9_j3_20260602_v2\US_ASHRAE\MU-HC\MU-HC_EEM_J_ENV_HVAC_EEM4_20260604_190452\MU-HC_EEM_J_ENV_HVAC_EEM4_20260604_190452.idf,c:\Users\o_iseri\Desktop\idf_reader\0_BEM_Setup\SimResults_neighbourhoods\option_9_j3_20260602_v2\US_ASHRAE\MU-HC\MU-HC_EEM_J_ENV_HVAC_EEM4_20260604_190452\results
MU-HC,MU-HC,US_ASHRAE,1,0,1,1,EEM_J_ENV_DHW_EEM4,112.899,30.7855,8.9071,8.9043,4.2543,45.8454,9.4538,46.1463,tier3,36,11066,c:\Users\o_iseri\Desktop\idf_reader\0_BEM_Setup\SimResults_neighbourhoods\option_9_j3_20260602_v2\US_ASHRAE\MU-HC\MU-HC_EEM_J_ENV_DHW_EEM4_20260604_190456\MU-HC_EEM_J_ENV_DHW_EEM4_20260604_190456.idf,c:\Users\o_iseri\Desktop\idf_reader\0_BEM_Setup\SimResults_neighbourhoods\option_9_j3_20260602_v2\US_ASHRAE\MU-HC\MU-HC_EEM_J_ENV_DHW_EEM4_20260604_190456\results
MU-HC,MU-HC,US_ASHRAE,1,1,1,1,EEM_J_ENV_HVAC_DHW_EEM4,94.9229,10.8461,9.5451,8.9835,4.2552,45.8454,10.5635,46.0159,tier3,91,11483,c:\Users\o_iseri\Desktop\idf_reader\0_BEM_Setup\SimResults_neighbourhoods\option_9_j3_20260602_v2\US_ASHRAE\MU-HC\MU-HC_EEM_J_ENV_HVAC_DHW_EEM4_20260604_190518\MU-HC_EEM_J_ENV_HVAC_DHW_EEM4_20260604_190518.idf,c:\Users\o_iseri\Desktop\idf_reader\0_BEM_Setup\SimResults_neighbourhoods\option_9_j3_20260602_v2\US_ASHRAE\MU-HC\MU-HC_EEM_J_ENV_HVAC_DHW_EEM4_20260604_190518\results
MU-HS,MU-HS,US_ASHRAE,0,0,0,0,EEM_J_DEFAULT,222.8761,58.2717,12.4638,41.003,11.3858,81.3504,12.1487,1.8691,native,18,975,c:\Users\o_iseri\Desktop\idf_reader\0_BEM_Setup\SimResults_neighbourhoods\option_9_j3_20260602_v2\US_ASHRAE\MU-HS\MU-HS_EEM_J_DEFAULT_20260604_190545\MU-HS_EEM_J_DEFAULT_20260604_190545.idf,c:\Users\o_iseri\Desktop\idf_reader\0_BEM_Setup\SimResults_neighbourhoods\option_9_j3_20260602_v2\US_ASHRAE\MU-HS\MU-HS_EEM_J_DEFAULT_20260604_190545\results
MU-HS,MU-HS,US_ASHRAE,1,0,0,0,EEM_J_ENVELOPE,196.4012,29.4385,14.942,40.7117,11.3391,81.3504,12.5204,79.5253,tier3,10,1199,c:\Users\o_iseri\Desktop\idf_reader\0_BEM_Setup\SimResults_neighbourhoods\option_9_j3_20260602_v2\US_ASHRAE\MU-HS\MU-HS_EEM_J_ENVELOPE_20260604_190545\MU-HS_EEM_J_ENVELOPE_20260604_190545.idf,c:\Users\o_iseri\Desktop\idf_reader\0_BEM_Setup\SimResults_neighbourhoods\option_9_j3_20260602_v2\US_ASHRAE\MU-HS\MU-HS_EEM_J_ENVELOPE_20260604_190545\results
MU-HS,MU-HS,US_ASHRAE,0,1,0,0,EEM_J_HVAC_ONLY,178.9679,13.1382,12.6321,41.0094,11.4003,81.3504,13.2076,79.5576,tier3,25,1112,c:\Users\o_iseri\Desktop\idf_reader\0_BEM_Setup\SimResults_neighbourhoods\option_9_j3_20260602_v2\US_ASHRAE\MU-HS\MU-HS_EEM_J_HVAC_ONLY_20260604_190553\MU-HS_EEM_J_HVAC_ONLY_20260604_190553.idf,c:\Users\o_iseri\Desktop\idf_reader\0_BEM_Setup\SimResults_neighbourhoods\option_9_j3_20260602_v2\US_ASHRAE\MU-HS\MU-HS_EEM_J_HVAC_ONLY_20260604_190553\results
MU-HS,MU-HS,US_ASHRAE,0,0,1,0,EEM_J_DHW_ONLY,197.7991,61.0754,12.2753,13.319,11.4003,81.3504,12.1321,79.5576,tier3,89,1711,c:\Users\o_iseri\Desktop\idf_reader\0_BEM_Setup\SimResults_neighbourhoods\option_9_j3_20260602_v2\US_ASHRAE\MU-HS\MU-HS_EEM_J_DHW_ONLY_20260604_190600\MU-HS_EEM_J_DHW_ONLY_20260604_190600.idf,c:\Users\o_iseri\Desktop\idf_reader\0_BEM_Setup\SimResults_neighbourhoods\option_9_j3_20260602_v2\US_ASHRAE\MU-HS\MU-HS_EEM_J_DHW_ONLY_20260604_190600\results
MU-HS,MU-HS,US_ASHRAE,1,1,0,0,EEM_J_ENV_HVAC,173.1027,5.3651,15.4579,40.7163,11.3391,81.3504,12.7873,79.5253,tier3,12,1313,c:\Users\o_iseri\Desktop\idf_reader\0_BEM_Setup\SimResults_neighbourhoods\option_9_j3_20260602_v2\US_ASHRAE\MU-HS\MU-HS_EEM_J_ENV_HVAC_20260604_190618\MU-HS_EEM_J_ENV_HVAC_20260604_190618.idf,c:\Users\o_iseri\Desktop\idf_reader\0_BEM_Setup\SimResults_neighbourhoods\option_9_j3_20260602_v2\US_ASHRAE\MU-HS\MU-HS_EEM_J_ENV_HVAC_20260604_190618\results
MU-HS,MU-HS,US_ASHRAE,1,0,1,0,EEM_J_ENV_DHW,171.1533,31.8159,14.7955,13.2114,11.3391,81.3504,12.5415,79.5253,tier3,15,1936,c:\Users\o_iseri\Desktop\idf_reader\0_BEM_Setup\SimResults_neighbourhoods\option_9_j3_20260602_v2\US_ASHRAE\MU-HS\MU-HS_EEM_J_ENV_DHW_20260604_190701\MU-HS_EEM_J_ENV_DHW_20260604_190701.idf,c:\Users\o_iseri\Desktop\idf_reader\0_BEM_Setup\SimResults_neighbourhoods\option_9_j3_20260602_v2\US_ASHRAE\MU-HS\MU-HS_EEM_J_ENV_DHW_20260604_190701\results
MU-HS,MU-HS,US_ASHRAE,0,1,1,0,EEM_J_HVAC_DHW,153.7148,15.5387,12.548,13.3504,11.4003,81.3504,13.2972,79.5576,tier3,84,1841,c:\Users\o_iseri\Desktop\idf_reader\0_BEM_Setup\SimResults_neighbourhoods\option_9_j3_20260602_v2\US_ASHRAE\MU-HS\MU-HS_EEM_J_HVAC_DHW_20260604_190707\MU-HS_EEM_J_HVAC_DHW_20260604_190707.idf,c:\Users\o_iseri\Desktop\idf_reader\0_BEM_Setup\SimResults_neighbourhoods\option_9_j3_20260602_v2\US_ASHRAE\MU-HS\MU-HS_EEM_J_HVAC_DHW_20260604_190707\results
MU-HS,MU-HS,US_ASHRAE,1,1,1,0,EEM_J_ENV_HVAC_DHW,147.8513,7.689,15.2959,13.2557,11.3391,81.3504,12.8348,79.5253,tier3,8,2051,c:\Users\o_iseri\Desktop\idf_reader\0_BEM_Setup\SimResults_neighbourhoods\option_9_j3_20260602_v2\US_ASHRAE\MU-HS\MU-HS_EEM_J_ENV_HVAC_DHW_20260604_190711\MU-HS_EEM_J_ENV_HVAC_DHW_20260604_190711.idf,c:\Users\o_iseri\Desktop\idf_reader\0_BEM_Setup\SimResults_neighbourhoods\option_9_j3_20260602_v2\US_ASHRAE\MU-HS\MU-HS_EEM_J_ENV_HVAC_DHW_20260604_190711\results
MU-HS,MU-HS,US_ASHRAE,1,0,0,1,EEM_J_ENVELOPE_EEM4,178.3924,37.8028,11.581,40.765,5.5736,65.5803,11.0555,79.5253,tier3,7,1564,c:\Users\o_iseri\Desktop\idf_reader\0_BEM_Setup\SimResults_neighbourhoods\option_9_j3_20260602_v2\US_ASHRAE\MU-HS\MU-HS_EEM_J_ENVELOPE_EEM4_20260604_190745\MU-HS_EEM_J_ENVELOPE_EEM4_20260604_190745.idf,c:\Users\o_iseri\Desktop\idf_reader\0_BEM_Setup\SimResults_neighbourhoods\option_9_j3_20260602_v2\US_ASHRAE\MU-HS\MU-HS_EEM_J_ENVELOPE_EEM4_20260604_190745\results
MU-HS,MU-HS,US_ASHRAE,1,1,0,1,EEM_J_ENV_HVAC_EEM4,148.9488,7.4893,11.8513,40.7704,5.5736,65.5803,11.6634,79.5253,tier3,42,1662,c:\Users\o_iseri\Desktop\idf_reader\0_BEM_Setup\SimResults_neighbourhoods\option_9_j3_20260602_v2\US_ASHRAE\MU-HS\MU-HS_EEM_J_ENV_HVAC_EEM4_20260604_190820\MU-HS_EEM_J_ENV_HVAC_EEM4_20260604_190820.idf,c:\Users\o_iseri\Desktop\idf_reader\0_BEM_Setup\SimResults_neighbourhoods\option_9_j3_20260602_v2\US_ASHRAE\MU-HS\MU-HS_EEM_J_ENV_HVAC_EEM4_20260604_190820\results
MU-HS,MU-HS,US_ASHRAE,1,0,1,1,EEM_J_ENV_DHW_EEM4,153.3417,40.3702,11.4904,13.2164,5.5736,65.5803,11.0763,79.5253,tier3,334,2284,c:\Users\o_iseri\Desktop\idf_reader\0_BEM_Setup\SimResults_neighbourhoods\option_9_j3_20260602_v2\US_ASHRAE\MU-HS\MU-HS_EEM_J_ENV_DHW_EEM4_20260604_190828\MU-HS_EEM_J_ENV_DHW_EEM4_20260604_190828.idf,c:\Users\o_iseri\Desktop\idf_reader\0_BEM_Setup\SimResults_neighbourhoods\option_9_j3_20260602_v2\US_ASHRAE\MU-HS\MU-HS_EEM_J_ENV_DHW_EEM4_20260604_190828\results
MU-HS,MU-HS,US_ASHRAE,1,1,1,1,EEM_J_ENV_HVAC_DHW_EEM4,123.7448,9.8638,11.7394,13.2514,5.5736,65.5803,11.716,79.5253,tier3,258,2391,c:\Users\o_iseri\Desktop\idf_reader\0_BEM_Setup\SimResults_neighbourhoods\option_9_j3_20260602_v2\US_ASHRAE\MU-HS\MU-HS_EEM_J_ENV_HVAC_DHW_EEM4_20260604_190835\MU-HS_EEM_J_ENV_HVAC_DHW_EEM4_20260604_190835.idf,c:\Users\o_iseri\Desktop\idf_reader\0_BEM_Setup\SimResults_neighbourhoods\option_9_j3_20260602_v2\US_ASHRAE\MU-HS\MU-HS_EEM_J_ENV_HVAC_DHW_EEM4_20260604_190835\results
MU-L,MU-L,US_ASHRAE,0,0,0,0,EEM_J_DEFAULT,178.8751,42.6071,6.7652,43.6881,7.9904,63.3705,9.6741,0.0,native,5,4864,c:\Users\o_iseri\Desktop\idf_reader\0_BEM_Setup\SimResults_neighbourhoods\option_9_j3_20260602_v2\US_ASHRAE\MU-L\MU-L_EEM_J_DEFAULT_20260604_190842\MU-L_EEM_J_DEFAULT_20260604_190842.idf,c:\Users\o_iseri\Desktop\idf_reader\0_BEM_Setup\SimResults_neighbourhoods\option_9_j3_20260602_v2\US_ASHRAE\MU-L\MU-L_EEM_J_DEFAULT_20260604_190842\results
MU-L,MU-L,US_ASHRAE,1,0,0,0,EEM_J_ENVELOPE,151.1937,11.9541,10.0384,43.5742,7.9751,63.3705,9.4964,76.413,tier3,3,5088,c:\Users\o_iseri\Desktop\idf_reader\0_BEM_Setup\SimResults_neighbourhoods\option_9_j3_20260602_v2\US_ASHRAE\MU-L\MU-L_EEM_J_ENVELOPE_20260604_190842\MU-L_EEM_J_ENVELOPE_20260604_190842.idf,c:\Users\o_iseri\Desktop\idf_reader\0_BEM_Setup\SimResults_neighbourhoods\option_9_j3_20260602_v2\US_ASHRAE\MU-L\MU-L_EEM_J_ENVELOPE_20260604_190842\results
MU-L,MU-L,US_ASHRAE,0,1,0,0,EEM_J_HVAC_ONLY,154.1094,16.5814,7.5836,43.6963,7.9929,63.3705,10.1274,76.4149,tier3,4,5142,c:\Users\o_iseri\Desktop\idf_reader\0_BEM_Setup\SimResults_neighbourhoods\option_9_j3_20260602_v2\US_ASHRAE\MU-L\MU-L_EEM_J_HVAC_ONLY_20260604_190845\MU-L_EEM_J_HVAC_ONLY_20260604_190845.idf,c:\Users\o_iseri\Desktop\idf_reader\0_BEM_Setup\SimResults_neighbourhoods\option_9_j3_20260602_v2\US_ASHRAE\MU-L\MU-L_EEM_J_HVAC_ONLY_20260604_190845\results
MU-L,MU-L,US_ASHRAE,0,0,1,0,EEM_J_DHW_ONLY,152.5203,44.7371,6.6294,15.2809,7.9929,63.3705,9.7295,76.4149,tier3,18,6308,c:\Users\o_iseri\Desktop\idf_reader\0_BEM_Setup\SimResults_neighbourhoods\option_9_j3_20260602_v2\US_ASHRAE\MU-L\MU-L_EEM_J_DHW_ONLY_20260604_190853\MU-L_EEM_J_DHW_ONLY_20260604_190853.idf,c:\Users\o_iseri\Desktop\idf_reader\0_BEM_Setup\SimResults_neighbourhoods\option_9_j3_20260602_v2\US_ASHRAE\MU-L\MU-L_EEM_J_DHW_ONLY_20260604_190853\results
MU-L,MU-L,US_ASHRAE,1,1,0,0,EEM_J_ENV_HVAC,145.2367,5.3365,11.1876,43.5812,7.9751,63.3705,9.0209,76.413,tier3,2,5390,c:\Users\o_iseri\Desktop\idf_reader\0_BEM_Setup\SimResults_neighbourhoods\option_9_j3_20260602_v2\US_ASHRAE\MU-L\MU-L_EEM_J_ENV_HVAC_20260604_190929\MU-L_EEM_J_ENV_HVAC_20260604_190929.idf,c:\Users\o_iseri\Desktop\idf_reader\0_BEM_Setup\SimResults_neighbourhoods\option_9_j3_20260602_v2\US_ASHRAE\MU-L\MU-L_EEM_J_ENV_HVAC_20260604_190929\results
MU-L,MU-L,US_ASHRAE,1,0,1,0,EEM_J_ENV_DHW,124.2799,13.5958,9.8044,15.246,7.9751,63.3705,9.5029,76.413,tier3,14,6553,c:\Users\o_iseri\Desktop\idf_reader\0_BEM_Setup\SimResults_neighbourhoods\option_9_j3_20260602_v2\US_ASHRAE\MU-L\MU-L_EEM_J_ENV_DHW_20260604_190946\MU-L_EEM_J_ENV_DHW_20260604_190946.idf,c:\Users\o_iseri\Desktop\idf_reader\0_BEM_Setup\SimResults_neighbourhoods\option_9_j3_20260602_v2\US_ASHRAE\MU-L\MU-L_EEM_J_ENV_DHW_20260604_190946\results
MU-L,MU-L,US_ASHRAE,0,1,1,0,EEM_J_HVAC_DHW,127.2719,18.2025,7.4398,15.2858,7.9929,63.3705,10.223,76.4149,tier3,23,6608,c:\Users\o_iseri\Desktop\idf_reader\0_BEM_Setup\SimResults_neighbourhoods\option_9_j3_20260602_v2\US_ASHRAE\MU-L\MU-L_EEM_J_HVAC_DHW_20260604_191000\MU-L_EEM_J_HVAC_DHW_20260604_191000.idf,c:\Users\o_iseri\Desktop\idf_reader\0_BEM_Setup\SimResults_neighbourhoods\option_9_j3_20260602_v2\US_ASHRAE\MU-L\MU-L_EEM_J_HVAC_DHW_20260604_191000\results
MU-L,MU-L,US_ASHRAE,1,1,1,0,EEM_J_ENV_HVAC_DHW,118.202,6.8544,10.9314,15.2399,7.9751,63.3705,9.0658,76.413,tier3,24,6853,c:\Users\o_iseri\Desktop\idf_reader\0_BEM_Setup\SimResults_neighbourhoods\option_9_j3_20260602_v2\US_ASHRAE\MU-L\MU-L_EEM_J_ENV_HVAC_DHW_20260604_191001\MU-L_EEM_J_ENV_HVAC_DHW_20260604_191001.idf,c:\Users\o_iseri\Desktop\idf_reader\0_BEM_Setup\SimResults_neighbourhoods\option_9_j3_20260602_v2\US_ASHRAE\MU-L\MU-L_EEM_J_ENV_HVAC_DHW_20260604_191001\results
MU-L,MU-L,US_ASHRAE,1,0,0,1,EEM_J_ENVELOPE_EEM4,127.7563,18.1475,5.9905,43.6372,3.3202,44.1724,7.7072,76.413,tier3,10,5904,c:\Users\o_iseri\Desktop\idf_reader\0_BEM_Setup\SimResults_neighbourhoods\option_9_j3_20260602_v2\US_ASHRAE\MU-L\MU-L_EEM_J_ENVELOPE_EEM4_20260604_191041\MU-L_EEM_J_ENVELOPE_EEM4_20260604_191041.idf,c:\Users\o_iseri\Desktop\idf_reader\0_BEM_Setup\SimResults_neighbourhoods\option_9_j3_20260602_v2\US_ASHRAE\MU-L\MU-L_EEM_J_ENVELOPE_EEM4_20260604_191041\results
MU-L,MU-L,US_ASHRAE,1,1,0,1,EEM_J_ENV_HVAC_EEM4,118.1068,7.706,6.6967,43.6446,3.3202,44.1724,7.807,76.413,tier3,10,6214,c:\Users\o_iseri\Desktop\idf_reader\0_BEM_Setup\SimResults_neighbourhoods\option_9_j3_20260602_v2\US_ASHRAE\MU-L\MU-L_EEM_J_ENV_HVAC_EEM4_20260604_191048\MU-L_EEM_J_ENV_HVAC_EEM4_20260604_191048.idf,c:\Users\o_iseri\Desktop\idf_reader\0_BEM_Setup\SimResults_neighbourhoods\option_9_j3_20260602_v2\US_ASHRAE\MU-L\MU-L_EEM_J_ENV_HVAC_EEM4_20260604_191048\results
MU-L,MU-L,US_ASHRAE,1,0,1,1,EEM_J_ENV_DHW_EEM4,101.1232,20.0622,5.8124,15.2378,3.3202,44.1724,7.7363,76.413,tier3,37,7363,c:\Users\o_iseri\Desktop\idf_reader\0_BEM_Setup\SimResults_neighbourhoods\option_9_j3_20260602_v2\US_ASHRAE\MU-L\MU-L_EEM_J_ENV_DHW_EEM4_20260604_191104\MU-L_EEM_J_ENV_DHW_EEM4_20260604_191104.idf,c:\Users\o_iseri\Desktop\idf_reader\0_BEM_Setup\SimResults_neighbourhoods\option_9_j3_20260602_v2\US_ASHRAE\MU-L\MU-L_EEM_J_ENV_DHW_EEM4_20260604_191104\results
MU-L,MU-L,US_ASHRAE,1,1,1,1,EEM_J_ENV_HVAC_DHW_EEM4,91.1617,9.2818,6.4952,15.2496,3.3202,44.1724,7.8824,76.413,tier3,37,7675,c:\Users\o_iseri\Desktop\idf_reader\0_BEM_Setup\SimResults_neighbourhoods\option_9_j3_20260602_v2\US_ASHRAE\MU-L\MU-L_EEM_J_ENV_HVAC_DHW_EEM4_20260604_191107\MU-L_EEM_J_ENV_HVAC_DHW_EEM4_20260604_191107.idf,c:\Users\o_iseri\Desktop\idf_reader\0_BEM_Setup\SimResults_neighbourhoods\option_9_j3_20260602_v2\US_ASHRAE\MU-L\MU-L_EEM_J_ENV_HVAC_DHW_EEM4_20260604_191107\results
MU-S1,MU-S1,US_ASHRAE,0,0,0,0,EEM_J_DEFAULT,219.8895,54.3956,8.9209,43.4847,18.5993,69.3344,12.0714,2.7616,native,12,7038,c:\Users\o_iseri\Desktop\idf_reader\0_BEM_Setup\SimResults_neighbourhoods\option_9_j3_20260602_v2\US_ASHRAE\MU-S1\MU-S1_EEM_J_DEFAULT_20260604_191122\MU-S1_EEM_J_DEFAULT_20260604_191122.idf,c:\Users\o_iseri\Desktop\idf_reader\0_BEM_Setup\SimResults_neighbourhoods\option_9_j3_20260602_v2\US_ASHRAE\MU-S1\MU-S1_EEM_J_DEFAULT_20260604_191122\results
MU-S1,MU-S1,US_ASHRAE,1,0,0,0,EEM_J_ENVELOPE,191.6145,23.2206,12.2919,43.4047,18.5508,69.3344,11.7042,73.4698,tier3,8,7325,c:\Users\o_iseri\Desktop\idf_reader\0_BEM_Setup\SimResults_neighbourhoods\option_9_j3_20260602_v2\US_ASHRAE\MU-S1\MU-S1_EEM_J_ENVELOPE_20260604_191122\MU-S1_EEM_J_ENVELOPE_20260604_191122.idf,c:\Users\o_iseri\Desktop\idf_reader\0_BEM_Setup\SimResults_neighbourhoods\option_9_j3_20260602_v2\US_ASHRAE\MU-S1\MU-S1_EEM_J_ENVELOPE_20260604_191122\results
MU-S1,MU-S1,US_ASHRAE,0,1,0,0,EEM_J_HVAC_ONLY,184.7752,18.7187,8.6236,43.4926,18.6621,69.3344,12.8337,73.7175,tier3,14,7805,c:\Users\o_iseri\Desktop\idf_reader\0_BEM_Setup\SimResults_neighbourhoods\option_9_j3_20260602_v2\US_ASHRAE\MU-S1\MU-S1_EEM_J_HVAC_ONLY_20260604_191127\MU-S1_EEM_J_HVAC_ONLY_20260604_191127.idf,c:\Users\o_iseri\Desktop\idf_reader\0_BEM_Setup\SimResults_neighbourhoods\option_9_j3_20260602_v2\US_ASHRAE\MU-S1\MU-S1_EEM_J_HVAC_ONLY_20260604_191127\results
MU-S1,MU-S1,US_ASHRAE,0,0,1,0,EEM_J_DHW_ONLY,192.7461,57.9869,8.661,12.9674,18.6621,69.3344,12.0499,73.7175,tier3,6,8882,c:\Users\o_iseri\Desktop\idf_reader\0_BEM_Setup\SimResults_neighbourhoods\option_9_j3_20260602_v2\US_ASHRAE\MU-S1\MU-S1_EEM_J_DHW_ONLY_20260604_191139\MU-S1_EEM_J_DHW_ONLY_20260604_191139.idf,c:\Users\o_iseri\Desktop\idf_reader\0_BEM_Setup\SimResults_neighbourhoods\option_9_j3_20260602_v2\US_ASHRAE\MU-S1\MU-S1_EEM_J_DHW_ONLY_20260604_191139\results
MU-S1,MU-S1,US_ASHRAE,1,1,0,0,EEM_J_ENV_HVAC,175.8794,7.5057,12.0939,43.4103,18.5508,69.3344,11.8605,73.4698,tier3,8,8072,c:\Users\o_iseri\Desktop\idf_reader\0_BEM_Setup\SimResults_neighbourhoods\option_9_j3_20260602_v2\US_ASHRAE\MU-S1\MU-S1_EEM_J_ENV_HVAC_20260604_191142\MU-S1_EEM_J_ENV_HVAC_20260604_191142.idf,c:\Users\o_iseri\Desktop\idf_reader\0_BEM_Setup\SimResults_neighbourhoods\option_9_j3_20260602_v2\US_ASHRAE\MU-S1\MU-S1_EEM_J_ENV_HVAC_20260604_191142\results
MU-S1,MU-S1,US_ASHRAE,1,0,1,0,EEM_J_ENV_DHW,163.1421,26.201,11.8344,12.8814,18.5459,69.3344,11.2095,73.7047,tier3,39,9170,c:\Users\o_iseri\Desktop\idf_reader\0_BEM_Setup\SimResults_neighbourhoods\option_9_j3_20260602_v2\US_ASHRAE\MU-S1\MU-S1_EEM_J_ENV_DHW_20260604_191244\MU-S1_EEM_J_ENV_DHW_20260604_191244.idf,c:\Users\o_iseri\Desktop\idf_reader\0_BEM_Setup\SimResults_neighbourhoods\option_9_j3_20260602_v2\US_ASHRAE\MU-S1\MU-S1_EEM_J_ENV_DHW_20260604_191244\results
MU-S1,MU-S1,US_ASHRAE,0,1,1,0,EEM_J_HVAC_DHW,157.5856,22.0866,8.494,12.9632,18.6621,69.3344,12.9366,73.7175,tier3,8,9627,c:\Users\o_iseri\Desktop\idf_reader\0_BEM_Setup\SimResults_neighbourhoods\option_9_j3_20260602_v2\US_ASHRAE\MU-S1\MU-S1_EEM_J_HVAC_DHW_20260604_191258\MU-S1_EEM_J_HVAC_DHW_20260604_191258.idf,c:\Users\o_iseri\Desktop\idf_reader\0_BEM_Setup\SimResults_neighbourhoods\option_9_j3_20260602_v2\US_ASHRAE\MU-S1\MU-S1_EEM_J_HVAC_DHW_20260604_191258\results
MU-S1,MU-S1,US_ASHRAE,1,1,1,0,EEM_J_ENV_HVAC_DHW,148.6084,10.8111,11.8876,12.9662,18.5508,69.3344,11.932,73.4698,tier3,33,9657,c:\Users\o_iseri\Desktop\idf_reader\0_BEM_Setup\SimResults_neighbourhoods\option_9_j3_20260602_v2\US_ASHRAE\MU-S1\MU-S1_EEM_J_ENV_HVAC_DHW_20260604_191310\MU-S1_EEM_J_ENV_HVAC_DHW_20260604_191310.idf,c:\Users\o_iseri\Desktop\idf_reader\0_BEM_Setup\SimResults_neighbourhoods\option_9_j3_20260602_v2\US_ASHRAE\MU-S1\MU-S1_EEM_J_ENV_HVAC_DHW_20260604_191310\results
MU-S1,MU-S1,US_ASHRAE,1,0,0,1,EEM_J_ENVELOPE_EEM4,162.2548,28.1694,7.2794,43.4424,8.5537,52.2414,9.4922,73.7047,tier3,13,8538,c:\Users\o_iseri\Desktop\idf_reader\0_BEM_Setup\SimResults_neighbourhoods\option_9_j3_20260602_v2\US_ASHRAE\MU-S1\MU-S1_EEM_J_ENVELOPE_EEM4_20260604_191316\MU-S1_EEM_J_ENVELOPE_EEM4_20260604_191316.idf,c:\Users\o_iseri\Desktop\idf_reader\0_BEM_Setup\SimResults_neighbourhoods\option_9_j3_20260602_v2\US_ASHRAE\MU-S1\MU-S1_EEM_J_ENVELOPE_EEM4_20260604_191316\results
MU-S1,MU-S1,US_ASHRAE,1,1,0,1,EEM_J_ENV_HVAC_EEM4,143.3022,8.7893,7.1412,43.4495,8.5537,52.2414,10.0237,73.7047,tier3,14,9283,c:\Users\o_iseri\Desktop\idf_reader\0_BEM_Setup\SimResults_neighbourhoods\option_9_j3_20260602_v2\US_ASHRAE\MU-S1\MU-S1_EEM_J_ENV_HVAC_EEM4_20260604_191320\MU-S1_EEM_J_ENV_HVAC_EEM4_20260604_191320.idf,c:\Users\o_iseri\Desktop\idf_reader\0_BEM_Setup\SimResults_neighbourhoods\option_9_j3_20260602_v2\US_ASHRAE\MU-S1\MU-S1_EEM_J_ENV_HVAC_EEM4_20260604_191320\results
MU-S1,MU-S1,US_ASHRAE,1,0,1,1,EEM_J_ENV_DHW_EEM4,135.2574,31.7739,7.1279,12.913,8.5537,52.2414,9.5698,73.7047,tier3,86,10369,c:\Users\o_iseri\Desktop\idf_reader\0_BEM_Setup\SimResults_neighbourhoods\option_9_j3_20260602_v2\US_ASHRAE\MU-S1\MU-S1_EEM_J_ENV_DHW_EEM4_20260604_191333\MU-S1_EEM_J_ENV_DHW_EEM4_20260604_191333.idf,c:\Users\o_iseri\Desktop\idf_reader\0_BEM_Setup\SimResults_neighbourhoods\option_9_j3_20260602_v2\US_ASHRAE\MU-S1\MU-S1_EEM_J_ENV_DHW_EEM4_20260604_191333\results
MU-S1,MU-S1,US_ASHRAE,1,1,1,1,EEM_J_ENV_HVAC_DHW_EEM4,116.7722,12.2858,7.1668,12.986,8.557,52.2414,10.4477,73.4698,tier3,82,10874,c:\Users\o_iseri\Desktop\idf_reader\0_BEM_Setup\SimResults_neighbourhoods\option_9_j3_20260602_v2\US_ASHRAE\MU-S1\MU-S1_EEM_J_ENV_HVAC_DHW_EEM4_20260604_191340\MU-S1_EEM_J_ENV_HVAC_DHW_EEM4_20260604_191340.idf,c:\Users\o_iseri\Desktop\idf_reader\0_BEM_Setup\SimResults_neighbourhoods\option_9_j3_20260602_v2\US_ASHRAE\MU-S1\MU-S1_EEM_J_ENV_HVAC_DHW_EEM4_20260604_191340\results
MU-S2,MU-S2,US_ASHRAE,0,0,0,0,EEM_J_DEFAULT,210.7858,44.7494,8.9397,44.1516,22.0973,61.6599,12.3231,0.9009,native,2,4752,c:\Users\o_iseri\Desktop\idf_reader\0_BEM_Setup\SimResults_neighbourhoods\option_9_j3_20260602_v2\US_ASHRAE\MU-S2\MU-S2_EEM_J_DEFAULT_20260604_191347\MU-S2_EEM_J_DEFAULT_20260604_191347.idf,c:\Users\o_iseri\Desktop\idf_reader\0_BEM_Setup\SimResults_neighbourhoods\option_9_j3_20260602_v2\US_ASHRAE\MU-S2\MU-S2_EEM_J_DEFAULT_20260604_191347\results
MU-S2,MU-S2,US_ASHRAE,1,0,0,0,EEM_J_ENVELOPE,187.5638,17.9731,13.1801,44.0493,22.0799,61.6599,11.6929,96.015,tier3,3,5037,c:\Users\o_iseri\Desktop\idf_reader\0_BEM_Setup\SimResults_neighbourhoods\option_9_j3_20260602_v2\US_ASHRAE\MU-S2\MU-S2_EEM_J_ENVELOPE_20260604_191357\MU-S2_EEM_J_ENVELOPE_20260604_191357.idf,c:\Users\o_iseri\Desktop\idf_reader\0_BEM_Setup\SimResults_neighbourhoods\option_9_j3_20260602_v2\US_ASHRAE\MU-S2\MU-S2_EEM_J_ENVELOPE_20260604_191357\results
MU-S2,MU-S2,US_ASHRAE,0,1,0,0,EEM_J_HVAC_ONLY,180.6105,13.8311,8.8305,44.1579,22.197,61.6599,13.0147,96.0157,tier3,6,5152,c:\Users\o_iseri\Desktop\idf_reader\0_BEM_Setup\SimResults_neighbourhoods\option_9_j3_20260602_v2\US_ASHRAE\MU-S2\MU-S2_EEM_J_HVAC_ONLY_20260604_191420\MU-S2_EEM_J_HVAC_ONLY_20260604_191420.idf,c:\Users\o_iseri\Desktop\idf_reader\0_BEM_Setup\SimResults_neighbourhoods\option_9_j3_20260602_v2\US_ASHRAE\MU-S2\MU-S2_EEM_J_HVAC_ONLY_20260604_191420\results
MU-S2,MU-S2,US_ASHRAE,0,0,1,0,EEM_J_DHW_ONLY,186.2317,48.3018,8.6541,16.2601,22.197,61.6599,12.2958,96.0157,tier3,42,6499,c:\Users\o_iseri\Desktop\idf_reader\0_BEM_Setup\SimResults_neighbourhoods\option_9_j3_20260602_v2\US_ASHRAE\MU-S2\MU-S2_EEM_J_DHW_ONLY_20260604_191424\MU-S2_EEM_J_DHW_ONLY_20260604_191424.idf,c:\Users\o_iseri\Desktop\idf_reader\0_BEM_Setup\SimResults_neighbourhoods\option_9_j3_20260602_v2\US_ASHRAE\MU-S2\MU-S2_EEM_J_DHW_ONLY_20260604_191424\results
MU-S2,MU-S2,US_ASHRAE,1,1,0,0,EEM_J_ENV_HVAC,175.2093,5.6026,13.1349,44.0526,22.0799,61.6599,11.7188,96.015,tier3,4,5423,c:\Users\o_iseri\Desktop\idf_reader\0_BEM_Setup\SimResults_neighbourhoods\option_9_j3_20260602_v2\US_ASHRAE\MU-S2\MU-S2_EEM_J_ENV_HVAC_20260604_191457\MU-S2_EEM_J_ENV_HVAC_20260604_191457.idf,c:\Users\o_iseri\Desktop\idf_reader\0_BEM_Setup\SimResults_neighbourhoods\option_9_j3_20260602_v2\US_ASHRAE\MU-S2\MU-S2_EEM_J_ENV_HVAC_20260604_191457\results
MU-S2,MU-S2,US_ASHRAE,1,0,1,0,EEM_J_ENV_DHW,161.9307,20.4051,12.9693,16.1712,22.0799,61.6599,11.7165,96.015,tier3,21,6768,c:\Users\o_iseri\Desktop\idf_reader\0_BEM_Setup\SimResults_neighbourhoods\option_9_j3_20260602_v2\US_ASHRAE\MU-S2\MU-S2_EEM_J_ENV_DHW_20260604_191504\MU-S2_EEM_J_ENV_DHW_20260604_191504.idf,c:\Users\o_iseri\Desktop\idf_reader\0_BEM_Setup\SimResults_neighbourhoods\option_9_j3_20260602_v2\US_ASHRAE\MU-S2\MU-S2_EEM_J_ENV_DHW_20260604_191504\results
MU-S2,MU-S2,US_ASHRAE,0,1,1,0,EEM_J_HVAC_DHW,155.1584,16.3148,8.6963,16.259,22.197,61.6599,13.1127,96.0157,tier3,46,6895,c:\Users\o_iseri\Desktop\idf_reader\0_BEM_Setup\SimResults_neighbourhoods\option_9_j3_20260602_v2\US_ASHRAE\MU-S2\MU-S2_EEM_J_HVAC_DHW_20260604_191509\MU-S2_EEM_J_HVAC_DHW_20260604_191509.idf,c:\Users\o_iseri\Desktop\idf_reader\0_BEM_Setup\SimResults_neighbourhoods\option_9_j3_20260602_v2\US_ASHRAE\MU-S2\MU-S2_EEM_J_HVAC_DHW_20260604_191509\results
MU-S2,MU-S2,US_ASHRAE,1,1,1,0,EEM_J_ENV_HVAC_DHW,149.5272,7.9852,12.8933,16.179,22.0799,61.6599,11.7699,96.015,tier3,26,7155,c:\Users\o_iseri\Desktop\idf_reader\0_BEM_Setup\SimResults_neighbourhoods\option_9_j3_20260602_v2\US_ASHRAE\MU-S2\MU-S2_EEM_J_ENV_HVAC_DHW_20260604_191516\MU-S2_EEM_J_ENV_HVAC_DHW_20260604_191516.idf,c:\Users\o_iseri\Desktop\idf_reader\0_BEM_Setup\SimResults_neighbourhoods\option_9_j3_20260602_v2\US_ASHRAE\MU-S2\MU-S2_EEM_J_ENV_HVAC_DHW_20260604_191516\results
MU-S2,MU-S2,US_ASHRAE,1,0,0,1,EEM_J_ENVELOPE_EEM4,155.8146,24.7258,7.2532,44.1056,10.1042,42.7109,10.0652,96.015,tier3,3,6023,c:\Users\o_iseri\Desktop\idf_reader\0_BEM_Setup\SimResults_neighbourhoods\option_9_j3_20260602_v2\US_ASHRAE\MU-S2\MU-S2_EEM_J_ENVELOPE_EEM4_20260604_191559\MU-S2_EEM_J_ENVELOPE_EEM4_20260604_191559.idf,c:\Users\o_iseri\Desktop\idf_reader\0_BEM_Setup\SimResults_neighbourhoods\option_9_j3_20260602_v2\US_ASHRAE\MU-S2\MU-S2_EEM_J_ENVELOPE_EEM4_20260604_191559\results
MU-S2,MU-S2,US_ASHRAE,1,1,0,1,EEM_J_ENV_HVAC_EEM4,139.0852,7.4024,7.3122,44.1098,10.1042,42.7109,10.5452,96.015,tier3,4,6427,c:\Users\o_iseri\Desktop\idf_reader\0_BEM_Setup\SimResults_neighbourhoods\option_9_j3_20260602_v2\US_ASHRAE\MU-S2\MU-S2_EEM_J_ENV_HVAC_EEM4_20260604_191602\MU-S2_EEM_J_ENV_HVAC_EEM4_20260604_191602.idf,c:\Users\o_iseri\Desktop\idf_reader\0_BEM_Setup\SimResults_neighbourhoods\option_9_j3_20260602_v2\US_ASHRAE\MU-S2\MU-S2_EEM_J_ENV_HVAC_EEM4_20260604_191602\results
MU-S2,MU-S2,US_ASHRAE,1,0,1,1,EEM_J_ENV_DHW_EEM4,130.5162,27.4308,7.0976,16.2014,10.1042,42.7109,10.1201,96.015,tier3,50,7761,c:\Users\o_iseri\Desktop\idf_reader\0_BEM_Setup\SimResults_neighbourhoods\option_9_j3_20260602_v2\US_ASHRAE\MU-S2\MU-S2_EEM_J_ENV_DHW_EEM4_20260604_191610\MU-S2_EEM_J_ENV_DHW_EEM4_20260604_191610.idf,c:\Users\o_iseri\Desktop\idf_reader\0_BEM_Setup\SimResults_neighbourhoods\option_9_j3_20260602_v2\US_ASHRAE\MU-S2\MU-S2_EEM_J_ENV_DHW_EEM4_20260604_191610\results
MU-S2,MU-S2,US_ASHRAE,1,1,1,1,EEM_J_ENV_HVAC_DHW_EEM4,113.5228,9.8501,7.1223,16.2034,10.1042,42.7109,10.6308,96.015,tier3,52,8156,c:\Users\o_iseri\Desktop\idf_reader\0_BEM_Setup\SimResults_neighbourhoods\option_9_j3_20260602_v2\US_ASHRAE\MU-S2\MU-S2_EEM_J_ENV_HVAC_DHW_EEM4_20260604_191621\MU-S2_EEM_J_ENV_HVAC_DHW_EEM4_20260604_191621.idf,c:\Users\o_iseri\Desktop\idf_reader\0_BEM_Setup\SimResults_neighbourhoods\option_9_j3_20260602_v2\US_ASHRAE\MU-S2\MU-S2_EEM_J_ENV_HVAC_DHW_EEM4_20260604_191621\results
MU-U1,MU-U1,US_ASHRAE,0,0,0,0,EEM_J_DEFAULT,154.2311,24.7487,6.9733,28.2704,7.5596,64.2036,12.1008,2.2672,native,2,4919,c:\Users\o_iseri\Desktop\idf_reader\0_BEM_Setup\SimResults_neighbourhoods\option_9_j3_20260602_v2\US_ASHRAE\MU-U1\MU-U1_EEM_J_DEFAULT_20260604_191704\MU-U1_EEM_J_DEFAULT_20260604_191704.idf,c:\Users\o_iseri\Desktop\idf_reader\0_BEM_Setup\SimResults_neighbourhoods\option_9_j3_20260602_v2\US_ASHRAE\MU-U1\MU-U1_EEM_J_DEFAULT_20260604_191704\results
MU-U1,MU-U1,US_ASHRAE,1,0,0,0,EEM_J_ENVELOPE,134.6735,3.4802,8.7951,28.2696,7.5572,64.2036,11.96,18.6703,tier3,7,4945,c:\Users\o_iseri\Desktop\idf_reader\0_BEM_Setup\SimResults_neighbourhoods\option_9_j3_20260602_v2\US_ASHRAE\MU-U1\MU-U1_EEM_J_ENVELOPE_20260604_191709\MU-U1_EEM_J_ENVELOPE_20260604_191709.idf,c:\Users\o_iseri\Desktop\idf_reader\0_BEM_Setup\SimResults_neighbourhoods\option_9_j3_20260602_v2\US_ASHRAE\MU-U1\MU-U1_EEM_J_ENVELOPE_20260604_191709\results
MU-U1,MU-U1,US_ASHRAE,0,1,0,0,EEM_J_HVAC_ONLY,137.8778,8.1613,6.9134,28.2716,7.5807,64.2036,12.301,18.6711,tier3,4,4933,c:\Users\o_iseri\Desktop\idf_reader\0_BEM_Setup\SimResults_neighbourhoods\option_9_j3_20260602_v2\US_ASHRAE\MU-U1\MU-U1_EEM_J_HVAC_ONLY_20260604_191722\MU-U1_EEM_J_HVAC_ONLY_20260604_191722.idf,c:\Users\o_iseri\Desktop\idf_reader\0_BEM_Setup\SimResults_neighbourhoods\option_9_j3_20260602_v2\US_ASHRAE\MU-U1\MU-U1_EEM_J_HVAC_ONLY_20260604_191722\results
MU-U1,MU-U1,US_ASHRAE,0,0,1,0,EEM_J_DHW_ONLY,135.6521,31.4151,6.2452,3.8554,7.5807,64.2036,11.9859,18.6711,tier3,4,5062,c:\Users\o_iseri\Desktop\idf_reader\0_BEM_Setup\SimResults_neighbourhoods\option_9_j3_20260602_v2\US_ASHRAE\MU-U1\MU-U1_EEM_J_DHW_ONLY_20260604_191726\MU-U1_EEM_J_DHW_ONLY_20260604_191726.idf,c:\Users\o_iseri\Desktop\idf_reader\0_BEM_Setup\SimResults_neighbourhoods\option_9_j3_20260602_v2\US_ASHRAE\MU-U1\MU-U1_EEM_J_DHW_ONLY_20260604_191726\results
MU-U1,MU-U1,US_ASHRAE,1,1,0,0,EEM_J_ENV_HVAC,133.3679,1.0289,9.7376,28.2707,7.5572,64.2036,12.1109,18.6703,tier3,12,4964,c:\Users\o_iseri\Desktop\idf_reader\0_BEM_Setup\SimResults_neighbourhoods\option_9_j3_20260602_v2\US_ASHRAE\MU-U1\MU-U1_EEM_J_ENV_HVAC_20260604_191751\MU-U1_EEM_J_ENV_HVAC_20260604_191751.idf,c:\Users\o_iseri\Desktop\idf_reader\0_BEM_Setup\SimResults_neighbourhoods\option_9_j3_20260602_v2\US_ASHRAE\MU-U1\MU-U1_EEM_J_ENV_HVAC_20260604_191751\results
MU-U1,MU-U1,US_ASHRAE,1,0,1,0,EEM_J_ENV_DHW,114.3,7.4645,8.7786,3.8671,7.5572,64.2036,12.0211,18.6703,tier3,25,5095,c:\Users\o_iseri\Desktop\idf_reader\0_BEM_Setup\SimResults_neighbourhoods\option_9_j3_20260602_v2\US_ASHRAE\MU-U1\MU-U1_EEM_J_ENV_DHW_20260604_191809\MU-U1_EEM_J_ENV_DHW_20260604_191809.idf,c:\Users\o_iseri\Desktop\idf_reader\0_BEM_Setup\SimResults_neighbourhoods\option_9_j3_20260602_v2\US_ASHRAE\MU-U1\MU-U1_EEM_J_ENV_DHW_20260604_191809\results
MU-U1,MU-U1,US_ASHRAE,0,1,1,0,EEM_J_HVAC_DHW,117.4936,12.1386,6.8998,3.889,7.5807,64.2036,12.3634,18.6711,tier3,4,5079,c:\Users\o_iseri\Desktop\idf_reader\0_BEM_Setup\SimResults_neighbourhoods\option_9_j3_20260602_v2\US_ASHRAE\MU-U1\MU-U1_EEM_J_HVAC_DHW_20260604_191809\MU-U1_EEM_J_HVAC_DHW_20260604_191809.idf,c:\Users\o_iseri\Desktop\idf_reader\0_BEM_Setup\SimResults_neighbourhoods\option_9_j3_20260602_v2\US_ASHRAE\MU-U1\MU-U1_EEM_J_HVAC_DHW_20260604_191809\results
MU-U1,MU-U1,US_ASHRAE,1,1,1,0,EEM_J_ENV_HVAC_DHW,112.6317,5.0042,9.537,3.8546,7.5572,64.2036,12.1639,18.6703,tier3,21,5108,c:\Users\o_iseri\Desktop\idf_reader\0_BEM_Setup\SimResults_neighbourhoods\option_9_j3_20260602_v2\US_ASHRAE\MU-U1\MU-U1_EEM_J_ENV_HVAC_DHW_20260604_191814\MU-U1_EEM_J_ENV_HVAC_DHW_20260604_191814.idf,c:\Users\o_iseri\Desktop\idf_reader\0_BEM_Setup\SimResults_neighbourhoods\option_9_j3_20260602_v2\US_ASHRAE\MU-U1\MU-U1_EEM_J_ENV_HVAC_DHW_20260604_191814\results
MU-U1,MU-U1,US_ASHRAE,0,0,0,1,EEM_J_EEM4_ONLY,141.2448,37.479,4.7092,28.2715,3.3199,46.2768,10.874,18.6711,tier3,2,5759,c:\Users\o_iseri\Desktop\idf_reader\0_BEM_Setup\SimResults_neighbourhoods\option_9_j3_20260602_v2\US_ASHRAE\MU-U1\MU-U1_EEM_J_EEM4_ONLY_20260604_191821\MU-U1_EEM_J_EEM4_ONLY_20260604_191821.idf,c:\Users\o_iseri\Desktop\idf_reader\0_BEM_Setup\SimResults_neighbourhoods\option_9_j3_20260602_v2\US_ASHRAE\MU-U1\MU-U1_EEM_J_EEM4_ONLY_20260604_191821\results
MU-U1,MU-U1,US_ASHRAE,1,0,0,1,EEM_J_ENVELOPE_EEM4,111.1006,7.0001,5.6973,28.2703,3.2827,46.2768,10.2255,18.6703,tier3,8,5785,c:\Users\o_iseri\Desktop\idf_reader\0_BEM_Setup\SimResults_neighbourhoods\option_9_j3_20260602_v2\US_ASHRAE\MU-U1\MU-U1_EEM_J_ENVELOPE_EEM4_20260604_191827\MU-U1_EEM_J_ENVELOPE_EEM4_20260604_191827.idf,c:\Users\o_iseri\Desktop\idf_reader\0_BEM_Setup\SimResults_neighbourhoods\option_9_j3_20260602_v2\US_ASHRAE\MU-U1\MU-U1_EEM_J_ENVELOPE_EEM4_20260604_191827\results
MU-U1,MU-U1,US_ASHRAE,0,1,0,1,EEM_J_HVAC_ONLY_EEM4,116.3397,11.6303,5.1837,28.2728,3.3199,46.2768,11.2739,18.6711,tier3,13,5779,c:\Users\o_iseri\Desktop\idf_reader\0_BEM_Setup\SimResults_neighbourhoods\option_9_j3_20260602_v2\US_ASHRAE\MU-U1\MU-U1_EEM_J_HVAC_ONLY_EEM4_20260604_191837\MU-U1_EEM_J_HVAC_ONLY_EEM4_20260604_191837.idf,c:\Users\o_iseri\Desktop\idf_reader\0_BEM_Setup\SimResults_neighbourhoods\option_9_j3_20260602_v2\US_ASHRAE\MU-U1\MU-U1_EEM_J_HVAC_ONLY_EEM4_20260604_191837\results
MU-U1,MU-U1,US_ASHRAE,0,0,1,1,EEM_J_DHW_ONLY_EEM4,120.9598,41.4995,4.7049,3.9029,3.3199,46.2768,10.9408,18.6711,tier3,4,5909,c:\Users\o_iseri\Desktop\idf_reader\0_BEM_Setup\SimResults_neighbourhoods\option_9_j3_20260602_v2\US_ASHRAE\MU-U1\MU-U1_EEM_J_DHW_ONLY_EEM4_20260604_191847\MU-U1_EEM_J_DHW_ONLY_EEM4_20260604_191847.idf,c:\Users\o_iseri\Desktop\idf_reader\0_BEM_Setup\SimResults_neighbourhoods\option_9_j3_20260602_v2\US_ASHRAE\MU-U1\MU-U1_EEM_J_DHW_ONLY_EEM4_20260604_191847\results
MU-U1,MU-U1,US_ASHRAE,1,1,0,1,EEM_J_ENV_HVAC_EEM4,106.7038,2.1854,6.1007,28.2718,3.2827,46.2768,10.3633,18.6703,tier3,6,5804,c:\Users\o_iseri\Desktop\idf_reader\0_BEM_Setup\SimResults_neighbourhoods\option_9_j3_20260602_v2\US_ASHRAE\MU-U1\MU-U1_EEM_J_ENV_HVAC_EEM4_20260604_191851\MU-U1_EEM_J_ENV_HVAC_EEM4_20260604_191851.idf,c:\Users\o_iseri\Desktop\idf_reader\0_BEM_Setup\SimResults_neighbourhoods\option_9_j3_20260602_v2\US_ASHRAE\MU-U1\MU-U1_EEM_J_ENV_HVAC_EEM4_20260604_191851\results
MU-U1,MU-U1,US_ASHRAE,1,0,1,1,EEM_J_ENV_DHW_EEM4,90.7939,10.9822,5.687,3.9276,3.2827,46.2768,10.2908,18.6703,tier3,4,5929,c:\Users\o_iseri\Desktop\idf_reader\0_BEM_Setup\SimResults_neighbourhoods\option_9_j3_20260602_v2\US_ASHRAE\MU-U1\MU-U1_EEM_J_ENV_DHW_EEM4_20260604_191858\MU-U1_EEM_J_ENV_DHW_EEM4_20260604_191858.idf,c:\Users\o_iseri\Desktop\idf_reader\0_BEM_Setup\SimResults_neighbourhoods\option_9_j3_20260602_v2\US_ASHRAE\MU-U1\MU-U1_EEM_J_ENV_DHW_EEM4_20260604_191858\results
MU-U1,MU-U1,US_ASHRAE,0,1,1,1,EEM_J_HVAC_DHW_EEM4,95.6232,15.6218,4.9945,3.8711,3.3199,46.2768,11.339,18.6711,tier3,5,5926,c:\Users\o_iseri\Desktop\idf_reader\0_BEM_Setup\SimResults_neighbourhoods\option_9_j3_20260602_v2\US_ASHRAE\MU-U1\MU-U1_EEM_J_HVAC_DHW_EEM4_20260604_191909\MU-U1_EEM_J_HVAC_DHW_EEM4_20260604_191909.idf,c:\Users\o_iseri\Desktop\idf_reader\0_BEM_Setup\SimResults_neighbourhoods\option_9_j3_20260602_v2\US_ASHRAE\MU-U1\MU-U1_EEM_J_HVAC_DHW_EEM4_20260604_191909\results
MU-U1,MU-U1,US_ASHRAE,1,1,1,1,EEM_J_ENV_HVAC_DHW_EEM4,86.356,6.1463,6.087,3.9183,3.2827,46.2768,10.4243,18.6703,tier3,6,5947,c:\Users\o_iseri\Desktop\idf_reader\0_BEM_Setup\SimResults_neighbourhoods\option_9_j3_20260602_v2\US_ASHRAE\MU-U1\MU-U1_EEM_J_ENV_HVAC_DHW_EEM4_20260604_191915\MU-U1_EEM_J_ENV_HVAC_DHW_EEM4_20260604_191915.idf,c:\Users\o_iseri\Desktop\idf_reader\0_BEM_Setup\SimResults_neighbourhoods\option_9_j3_20260602_v2\US_ASHRAE\MU-U1\MU-U1_EEM_J_ENV_HVAC_DHW_EEM4_20260604_191915\results
MU-W,MU-W,US_ASHRAE,0,0,0,0,EEM_J_DEFAULT,161.1881,48.623,4.8438,31.3258,6.7874,57.2837,7.4345,2.6079,native,2,2603,c:\Users\o_iseri\Desktop\idf_reader\0_BEM_Setup\SimResults_neighbourhoods\option_9_j3_20260602_v2\US_ASHRAE\MU-W\MU-W_EEM_J_DEFAULT_20260604_192019\MU-W_EEM_J_DEFAULT_20260604_192019.idf,c:\Users\o_iseri\Desktop\idf_reader\0_BEM_Setup\SimResults_neighbourhoods\option_9_j3_20260602_v2\US_ASHRAE\MU-W\MU-W_EEM_J_DEFAULT_20260604_192019\results
MU-W,MU-W,US_ASHRAE,1,0,0,0,EEM_J_ENVELOPE,130.5679,16.599,6.6552,31.2567,6.9213,57.2837,6.9557,81.4696,tier3,7,2724,c:\Users\o_iseri\Desktop\idf_reader\0_BEM_Setup\SimResults_neighbourhoods\option_9_j3_20260602_v2\US_ASHRAE\MU-W\MU-W_EEM_J_ENVELOPE_20260604_192026\MU-W_EEM_J_ENVELOPE_20260604_192026.idf,c:\Users\o_iseri\Desktop\idf_reader\0_BEM_Setup\SimResults_neighbourhoods\option_9_j3_20260602_v2\US_ASHRAE\MU-W\MU-W_EEM_J_ENVELOPE_20260604_192026\results
MU-W,MU-W,US_ASHRAE,0,1,0,0,EEM_J_HVAC_ONLY,136.8703,23.175,5.2763,31.3364,6.9647,57.2837,7.9718,81.4803,tier3,4,2767,c:\Users\o_iseri\Desktop\idf_reader\0_BEM_Setup\SimResults_neighbourhoods\option_9_j3_20260602_v2\US_ASHRAE\MU-W\MU-W_EEM_J_HVAC_ONLY_20260604_192036\MU-W_EEM_J_HVAC_ONLY_20260604_192036.idf,c:\Users\o_iseri\Desktop\idf_reader\0_BEM_Setup\SimResults_neighbourhoods\option_9_j3_20260602_v2\US_ASHRAE\MU-W\MU-W_EEM_J_HVAC_ONLY_20260604_192036\results
MU-W,MU-W,US_ASHRAE,0,0,1,0,EEM_J_DHW_ONLY,142.0883,50.6437,4.7352,10.113,6.9647,57.2837,7.4574,81.4803,tier3,11,3360,c:\Users\o_iseri\Desktop\idf_reader\0_BEM_Setup\SimResults_neighbourhoods\option_9_j3_20260602_v2\US_ASHRAE\MU-W\MU-W_EEM_J_DHW_ONLY_20260604_192038\MU-W_EEM_J_DHW_ONLY_20260604_192038.idf,c:\Users\o_iseri\Desktop\idf_reader\0_BEM_Setup\SimResults_neighbourhoods\option_9_j3_20260602_v2\US_ASHRAE\MU-W\MU-W_EEM_J_DHW_ONLY_20260604_192038\results
MU-W,MU-W,US_ASHRAE,1,1,0,0,EEM_J_ENV_HVAC,121.8132,7.3072,7.3036,31.2656,6.9213,57.2837,6.8601,81.4696,tier3,6,2888,c:\Users\o_iseri\Desktop\idf_reader\0_BEM_Setup\SimResults_neighbourhoods\option_9_j3_20260602_v2\US_ASHRAE\MU-W\MU-W_EEM_J_ENV_HVAC_20260604_192047\MU-W_EEM_J_ENV_HVAC_20260604_192047.idf,c:\Users\o_iseri\Desktop\idf_reader\0_BEM_Setup\SimResults_neighbourhoods\option_9_j3_20260602_v2\US_ASHRAE\MU-W\MU-W_EEM_J_ENV_HVAC_20260604_192047\results
MU-W,MU-W,US_ASHRAE,1,0,1,0,EEM_J_ENV_DHW,111.0447,18.3886,6.5124,10.0666,6.9213,57.2837,6.9752,81.4696,tier3,19,3491,c:\Users\o_iseri\Desktop\idf_reader\0_BEM_Setup\SimResults_neighbourhoods\option_9_j3_20260602_v2\US_ASHRAE\MU-W\MU-W_EEM_J_ENV_DHW_20260604_192101\MU-W_EEM_J_ENV_DHW_20260604_192101.idf,c:\Users\o_iseri\Desktop\idf_reader\0_BEM_Setup\SimResults_neighbourhoods\option_9_j3_20260602_v2\US_ASHRAE\MU-W\MU-W_EEM_J_ENV_DHW_20260604_192101\results
MU-W,MU-W,US_ASHRAE,0,1,1,0,EEM_J_HVAC_DHW,117.4176,24.9475,5.187,10.1276,6.9647,57.2837,8.0447,81.4803,tier3,12,3530,c:\Users\o_iseri\Desktop\idf_reader\0_BEM_Setup\SimResults_neighbourhoods\option_9_j3_20260602_v2\US_ASHRAE\MU-W\MU-W_EEM_J_HVAC_DHW_20260604_192110\MU-W_EEM_J_HVAC_DHW_20260604_192110.idf,c:\Users\o_iseri\Desktop\idf_reader\0_BEM_Setup\SimResults_neighbourhoods\option_9_j3_20260602_v2\US_ASHRAE\MU-W\MU-W_EEM_J_HVAC_DHW_20260604_192110\results
MU-W,MU-W,US_ASHRAE,1,1,1,0,EEM_J_ENV_HVAC_DHW,102.2086,9.0166,7.1463,10.0664,6.9213,57.2837,6.9025,81.4696,tier3,11,3655,c:\Users\o_iseri\Desktop\idf_reader\0_BEM_Setup\SimResults_neighbourhoods\option_9_j3_20260602_v2\US_ASHRAE\MU-W\MU-W_EEM_J_ENV_HVAC_DHW_20260604_192110\MU-W_EEM_J_ENV_HVAC_DHW_20260604_192110.idf,c:\Users\o_iseri\Desktop\idf_reader\0_BEM_Setup\SimResults_neighbourhoods\option_9_j3_20260602_v2\US_ASHRAE\MU-W\MU-W_EEM_J_ENV_HVAC_DHW_20260604_192110\results
MU-W,MU-W,US_ASHRAE,1,0,0,1,EEM_J_ENVELOPE_EEM4,115.0879,21.2747,4.1801,31.2958,3.199,44.4199,5.8263,81.4696,tier3,9,3137,c:\Users\o_iseri\Desktop\idf_reader\0_BEM_Setup\SimResults_neighbourhoods\option_9_j3_20260602_v2\US_ASHRAE\MU-W\MU-W_EEM_J_ENVELOPE_EEM4_20260604_192110\MU-W_EEM_J_ENVELOPE_EEM4_20260604_192110.idf,c:\Users\o_iseri\Desktop\idf_reader\0_BEM_Setup\SimResults_neighbourhoods\option_9_j3_20260602_v2\US_ASHRAE\MU-W\MU-W_EEM_J_ENVELOPE_EEM4_20260604_192110\results
MU-W,MU-W,US_ASHRAE,1,1,0,1,EEM_J_ENV_HVAC_EEM4,103.6426,9.184,4.5714,31.305,3.199,44.4199,6.0977,81.4696,tier3,11,3307,c:\Users\o_iseri\Desktop\idf_reader\0_BEM_Setup\SimResults_neighbourhoods\option_9_j3_20260602_v2\US_ASHRAE\MU-W\MU-W_EEM_J_ENV_HVAC_EEM4_20260604_192110\MU-W_EEM_J_ENV_HVAC_EEM4_20260604_192110.idf,c:\Users\o_iseri\Desktop\idf_reader\0_BEM_Setup\SimResults_neighbourhoods\option_9_j3_20260602_v2\US_ASHRAE\MU-W\MU-W_EEM_J_ENV_HVAC_EEM4_20260604_192110\results
MU-W,MU-W,US_ASHRAE,1,0,1,1,EEM_J_ENV_DHW_EEM4,95.7702,23.2437,4.0706,10.0861,3.199,44.4199,5.8584,81.4696,tier3,19,3890,c:\Users\o_iseri\Desktop\idf_reader\0_BEM_Setup\SimResults_neighbourhoods\option_9_j3_20260602_v2\US_ASHRAE\MU-W\MU-W_EEM_J_ENV_DHW_EEM4_20260604_192115\MU-W_EEM_J_ENV_DHW_EEM4_20260604_192115.idf,c:\Users\o_iseri\Desktop\idf_reader\0_BEM_Setup\SimResults_neighbourhoods\option_9_j3_20260602_v2\US_ASHRAE\MU-W\MU-W_EEM_J_ENV_DHW_EEM4_20260604_192115\results
MU-W,MU-W,US_ASHRAE,1,1,1,1,EEM_J_ENV_HVAC_DHW_EEM4,84.1132,10.9368,4.4462,10.088,3.199,44.4199,6.1575,81.4696,tier3,22,4064,c:\Users\o_iseri\Desktop\idf_reader\0_BEM_Setup\SimResults_neighbourhoods\option_9_j3_20260602_v2\US_ASHRAE\MU-W\MU-W_EEM_J_ENV_HVAC_DHW_EEM4_20260604_192128\MU-W_EEM_J_ENV_HVAC_DHW_EEM4_20260604_192128.idf,c:\Users\o_iseri\Desktop\idf_reader\0_BEM_Setup\SimResults_neighbourhoods\option_9_j3_20260602_v2\US_ASHRAE\MU-W\MU-W_EEM_J_ENV_HVAC_DHW_EEM4_20260604_192128\results
MU-W2,MU-W2,US_ASHRAE,0,0,0,0,EEM_J_DEFAULT,134.9998,60.8492,2.2608,12.9791,7.602,41.0054,5.0735,9.5376,native,7,2146,c:\Users\o_iseri\Desktop\idf_reader\0_BEM_Setup\SimResults_neighbourhoods\option_9_j3_20260602_v2\US_ASHRAE\MU-W2\MU-W2_EEM_J_DEFAULT_20260604_192132\MU-W2_EEM_J_DEFAULT_20260604_192132.idf,c:\Users\o_iseri\Desktop\idf_reader\0_BEM_Setup\SimResults_neighbourhoods\option_9_j3_20260602_v2\US_ASHRAE\MU-W2\MU-W2_EEM_J_DEFAULT_20260604_192132\results
MU-W2,MU-W2,US_ASHRAE,1,0,0,0,EEM_J_ENVELOPE,97.9984,24.5654,2.2842,12.9724,8.0069,41.0054,3.9286,118.1677,tier3,11,2206,c:\Users\o_iseri\Desktop\idf_reader\0_BEM_Setup\SimResults_neighbourhoods\option_9_j3_20260602_v2\US_ASHRAE\MU-W2\MU-W2_EEM_J_ENVELOPE_20260604_192140\MU-W2_EEM_J_ENVELOPE_20260604_192140.idf,c:\Users\o_iseri\Desktop\idf_reader\0_BEM_Setup\SimResults_neighbourhoods\option_9_j3_20260602_v2\US_ASHRAE\MU-W2\MU-W2_EEM_J_ENVELOPE_20260604_192140\results
MU-W2,MU-W2,US_ASHRAE,0,1,0,0,EEM_J_HVAC_ONLY,116.9673,41.8871,2.2617,12.9881,8.0875,41.0054,5.5333,118.1936,tier3,6,2184,c:\Users\o_iseri\Desktop\idf_reader\0_BEM_Setup\SimResults_neighbourhoods\option_9_j3_20260602_v2\US_ASHRAE\MU-W2\MU-W2_EEM_J_HVAC_ONLY_20260604_192147\MU-W2_EEM_J_HVAC_ONLY_20260604_192147.idf,c:\Users\o_iseri\Desktop\idf_reader\0_BEM_Setup\SimResults_neighbourhoods\option_9_j3_20260602_v2\US_ASHRAE\MU-W2\MU-W2_EEM_J_HVAC_ONLY_20260604_192147\results
MU-W2,MU-W2,US_ASHRAE,0,0,1,0,EEM_J_DHW_ONLY,126.4304,63.4206,2.2308,1.406,8.0875,41.0054,5.0502,118.1936,tier3,4,2363,c:\Users\o_iseri\Desktop\idf_reader\0_BEM_Setup\SimResults_neighbourhoods\option_9_j3_20260602_v2\US_ASHRAE\MU-W2\MU-W2_EEM_J_DHW_ONLY_20260604_192147\MU-W2_EEM_J_DHW_ONLY_20260604_192147.idf,c:\Users\o_iseri\Desktop\idf_reader\0_BEM_Setup\SimResults_neighbourhoods\option_9_j3_20260602_v2\US_ASHRAE\MU-W2\MU-W2_EEM_J_DHW_ONLY_20260604_192147\results
MU-W2,MU-W2,US_ASHRAE,1,1,0,0,EEM_J_ENV_HVAC,88.1531,14.3508,2.3198,12.9804,8.0069,41.0054,4.2768,118.1677,tier3,8,2238,c:\Users\o_iseri\Desktop\idf_reader\0_BEM_Setup\SimResults_neighbourhoods\option_9_j3_20260602_v2\US_ASHRAE\MU-W2\MU-W2_EEM_J_ENV_HVAC_20260604_192156\MU-W2_EEM_J_ENV_HVAC_20260604_192156.idf,c:\Users\o_iseri\Desktop\idf_reader\0_BEM_Setup\SimResults_neighbourhoods\option_9_j3_20260602_v2\US_ASHRAE\MU-W2\MU-W2_EEM_J_ENV_HVAC_20260604_192156\results
MU-W2,MU-W2,US_ASHRAE,1,0,1,0,EEM_J_ENV_DHW,88.2485,26.3007,2.2968,1.441,8.0069,41.0054,3.962,118.1677,tier3,11,2421,c:\Users\o_iseri\Desktop\idf_reader\0_BEM_Setup\SimResults_neighbourhoods\option_9_j3_20260602_v2\US_ASHRAE\MU-W2\MU-W2_EEM_J_ENV_DHW_20260604_192242\MU-W2_EEM_J_ENV_DHW_20260604_192242.idf,c:\Users\o_iseri\Desktop\idf_reader\0_BEM_Setup\SimResults_neighbourhoods\option_9_j3_20260602_v2\US_ASHRAE\MU-W2\MU-W2_EEM_J_ENV_DHW_20260604_192242\results
MU-W2,MU-W2,US_ASHRAE,0,1,1,0,EEM_J_HVAC_DHW,107.1634,43.6179,2.2728,1.4105,8.0875,41.0054,5.5648,118.1936,tier3,4,2393,c:\Users\o_iseri\Desktop\idf_reader\0_BEM_Setup\SimResults_neighbourhoods\option_9_j3_20260602_v2\US_ASHRAE\MU-W2\MU-W2_EEM_J_HVAC_DHW_20260604_192242\MU-W2_EEM_J_HVAC_DHW_20260604_192242.idf,c:\Users\o_iseri\Desktop\idf_reader\0_BEM_Setup\SimResults_neighbourhoods\option_9_j3_20260602_v2\US_ASHRAE\MU-W2\MU-W2_EEM_J_HVAC_DHW_20260604_192242\results
MU-W2,MU-W2,US_ASHRAE,1,1,1,0,EEM_J_ENV_HVAC_DHW,78.3818,16.0805,2.3339,1.432,8.0069,41.0054,4.3105,118.1677,tier3,8,2459,c:\Users\o_iseri\Desktop\idf_reader\0_BEM_Setup\SimResults_neighbourhoods\option_9_j3_20260602_v2\US_ASHRAE\MU-W2\MU-W2_EEM_J_ENV_HVAC_DHW_20260604_192243\MU-W2_EEM_J_ENV_HVAC_DHW_20260604_192243.idf,c:\Users\o_iseri\Desktop\idf_reader\0_BEM_Setup\SimResults_neighbourhoods\option_9_j3_20260602_v2\US_ASHRAE\MU-W2\MU-W2_EEM_J_ENV_HVAC_DHW_20260604_192243\results
MU-W2,MU-W2,US_ASHRAE,0,0,0,1,EEM_J_EEM4_ONLY,130.3618,66.0207,1.7854,12.9834,3.9523,35.878,4.516,118.1936,tier3,2,2170,c:\Users\o_iseri\Desktop\idf_reader\0_BEM_Setup\SimResults_neighbourhoods\option_9_j3_20260602_v2\US_ASHRAE\MU-W2\MU-W2_EEM_J_EEM4_ONLY_20260604_192245\MU-W2_EEM_J_EEM4_ONLY_20260604_192245.idf,c:\Users\o_iseri\Desktop\idf_reader\0_BEM_Setup\SimResults_neighbourhoods\option_9_j3_20260602_v2\US_ASHRAE\MU-W2\MU-W2_EEM_J_EEM4_ONLY_20260604_192245\results
MU-W2,MU-W2,US_ASHRAE,1,0,0,1,EEM_J_ENVELOPE_EEM4,90.7404,27.7204,1.7018,12.9776,3.9069,35.878,3.3239,118.1677,tier3,14,2240,c:\Users\o_iseri\Desktop\idf_reader\0_BEM_Setup\SimResults_neighbourhoods\option_9_j3_20260602_v2\US_ASHRAE\MU-W2\MU-W2_EEM_J_ENVELOPE_EEM4_20260604_192249\MU-W2_EEM_J_ENVELOPE_EEM4_20260604_192249.idf,c:\Users\o_iseri\Desktop\idf_reader\0_BEM_Setup\SimResults_neighbourhoods\option_9_j3_20260602_v2\US_ASHRAE\MU-W2\MU-W2_EEM_J_ENVELOPE_EEM4_20260604_192249\results
MU-W2,MU-W2,US_ASHRAE,0,1,0,1,EEM_J_HVAC_ONLY_EEM4,109.58,44.708,1.7991,12.9932,3.9523,35.878,5.0497,118.1936,tier3,2,2206,c:\Users\o_iseri\Desktop\idf_reader\0_BEM_Setup\SimResults_neighbourhoods\option_9_j3_20260602_v2\US_ASHRAE\MU-W2\MU-W2_EEM_J_HVAC_ONLY_EEM4_20260604_192251\MU-W2_EEM_J_HVAC_ONLY_EEM4_20260604_192251.idf,c:\Users\o_iseri\Desktop\idf_reader\0_BEM_Setup\SimResults_neighbourhoods\option_9_j3_20260602_v2\US_ASHRAE\MU-W2\MU-W2_EEM_J_HVAC_ONLY_EEM4_20260604_192251\results
MU-W2,MU-W2,US_ASHRAE,0,0,1,1,EEM_J_DHW_ONLY_EEM4,120.5598,67.7482,1.7933,1.4155,3.9523,35.878,4.5461,118.1936,tier3,2,2401,c:\Users\o_iseri\Desktop\idf_reader\0_BEM_Setup\SimResults_neighbourhoods\option_9_j3_20260602_v2\US_ASHRAE\MU-W2\MU-W2_EEM_J_DHW_ONLY_EEM4_20260604_192305\MU-W2_EEM_J_DHW_ONLY_EEM4_20260604_192305.idf,c:\Users\o_iseri\Desktop\idf_reader\0_BEM_Setup\SimResults_neighbourhoods\option_9_j3_20260602_v2\US_ASHRAE\MU-W2\MU-W2_EEM_J_DHW_ONLY_EEM4_20260604_192305\results
MU-W2,MU-W2,US_ASHRAE,1,1,0,1,EEM_J_ENV_HVAC_EEM4,80.0204,16.6296,1.7136,12.9859,3.9069,35.878,3.6988,118.1677,tier3,17,2278,c:\Users\o_iseri\Desktop\idf_reader\0_BEM_Setup\SimResults_neighbourhoods\option_9_j3_20260602_v2\US_ASHRAE\MU-W2\MU-W2_EEM_J_ENV_HVAC_EEM4_20260604_192308\MU-W2_EEM_J_ENV_HVAC_EEM4_20260604_192308.idf,c:\Users\o_iseri\Desktop\idf_reader\0_BEM_Setup\SimResults_neighbourhoods\option_9_j3_20260602_v2\US_ASHRAE\MU-W2\MU-W2_EEM_J_ENV_HVAC_EEM4_20260604_192308\results
MU-W2,MU-W2,US_ASHRAE,1,0,1,1,EEM_J_ENV_DHW_EEM4,80.9553,29.4535,1.7115,1.4191,3.9069,35.878,3.3541,118.1677,tier3,12,2455,c:\Users\o_iseri\Desktop\idf_reader\0_BEM_Setup\SimResults_neighbourhoods\option_9_j3_20260602_v2\US_ASHRAE\MU-W2\MU-W2_EEM_J_ENV_DHW_EEM4_20260604_192338\MU-W2_EEM_J_ENV_DHW_EEM4_20260604_192338.idf,c:\Users\o_iseri\Desktop\idf_reader\0_BEM_Setup\SimResults_neighbourhoods\option_9_j3_20260602_v2\US_ASHRAE\MU-W2\MU-W2_EEM_J_ENV_DHW_EEM4_20260604_192338\results
MU-W2,MU-W2,US_ASHRAE,0,1,1,1,EEM_J_HVAC_DHW_EEM4,99.7744,46.431,1.8077,1.4266,3.9523,35.878,5.0791,118.1936,tier3,2,2427,c:\Users\o_iseri\Desktop\idf_reader\0_BEM_Setup\SimResults_neighbourhoods\option_9_j3_20260602_v2\US_ASHRAE\MU-W2\MU-W2_EEM_J_HVAC_DHW_EEM4_20260604_192353\MU-W2_EEM_J_HVAC_DHW_EEM4_20260604_192353.idf,c:\Users\o_iseri\Desktop\idf_reader\0_BEM_Setup\SimResults_neighbourhoods\option_9_j3_20260602_v2\US_ASHRAE\MU-W2\MU-W2_EEM_J_HVAC_DHW_EEM4_20260604_192353\results
MU-W2,MU-W2,US_ASHRAE,1,1,1,1,EEM_J_ENV_HVAC_DHW_EEM4,70.2302,18.3572,1.7241,1.4275,3.9069,35.878,3.7288,118.1677,tier3,14,2491,c:\Users\o_iseri\Desktop\idf_reader\0_BEM_Setup\SimResults_neighbourhoods\option_9_j3_20260602_v2\US_ASHRAE\MU-W2\MU-W2_EEM_J_ENV_HVAC_DHW_EEM4_20260604_192355\MU-W2_EEM_J_ENV_HVAC_DHW_EEM4_20260604_192355.idf,c:\Users\o_iseri\Desktop\idf_reader\0_BEM_Setup\SimResults_neighbourhoods\option_9_j3_20260602_v2\US_ASHRAE\MU-W2\MU-W2_EEM_J_ENV_HVAC_DHW_EEM4_20260604_192355\results
CC-B,CC-B,US_ASHRAE,0,0,0,0,EEM_J_DEFAULT,181.5995,17.4599,9.8818,18.2956,14.6762,85.3249,14.6327,3.4312,native,3,2459,c:\Users\o_iseri\Desktop\idf_reader\0_BEM_Setup\SimResults_neighbourhoods\option_9_j3_20260602_v2\US_ASHRAE\CC-B\CC-B_EEM_J_DEFAULT_20260604_192447\CC-B_EEM_J_DEFAULT_20260604_192447.idf,c:\Users\o_iseri\Desktop\idf_reader\0_BEM_Setup\SimResults_neighbourhoods\option_9_j3_20260602_v2\US_ASHRAE\CC-B\CC-B_EEM_J_DEFAULT_20260604_192447\results
CC-B,CC-B,US_ASHRAE,1,0,0,0,EEM_J_ENVELOPE,174.2349,7.2548,11.5292,18.2918,14.6535,85.3249,15.6968,29.34,tier3,17,2477,c:\Users\o_iseri\Desktop\idf_reader\0_BEM_Setup\SimResults_neighbourhoods\option_9_j3_20260602_v2\US_ASHRAE\CC-B\CC-B_EEM_J_ENVELOPE_20260604_192452\CC-B_EEM_J_ENVELOPE_20260604_192452.idf,c:\Users\o_iseri\Desktop\idf_reader\0_BEM_Setup\SimResults_neighbourhoods\option_9_j3_20260602_v2\US_ASHRAE\CC-B\CC-B_EEM_J_ENVELOPE_20260604_192452\results
CC-B,CC-B,US_ASHRAE,0,1,0,0,EEM_J_HVAC_ONLY,168.5693,3.9217,9.7265,18.2975,14.702,85.3249,15.2004,29.3421,tier3,16,2496,c:\Users\o_iseri\Desktop\idf_reader\0_BEM_Setup\SimResults_neighbourhoods\option_9_j3_20260602_v2\US_ASHRAE\CC-B\CC-B_EEM_J_HVAC_ONLY_20260604_192456\CC-B_EEM_J_HVAC_ONLY_20260604_192456.idf,c:\Users\o_iseri\Desktop\idf_reader\0_BEM_Setup\SimResults_neighbourhoods\option_9_j3_20260602_v2\US_ASHRAE\CC-B\CC-B_EEM_J_HVAC_ONLY_20260604_192456\results
CC-B,CC-B,US_ASHRAE,0,0,1,0,EEM_J_DHW_ONLY,169.007,20.2113,9.6985,3.1757,14.702,85.3249,14.4919,29.3421,tier3,3,2618,c:\Users\o_iseri\Desktop\idf_reader\0_BEM_Setup\SimResults_neighbourhoods\option_9_j3_20260602_v2\US_ASHRAE\CC-B\CC-B_EEM_J_DHW_ONLY_20260604_192507\CC-B_EEM_J_DHW_ONLY_20260604_192507.idf,c:\Users\o_iseri\Desktop\idf_reader\0_BEM_Setup\SimResults_neighbourhoods\option_9_j3_20260602_v2\US_ASHRAE\CC-B\CC-B_EEM_J_DHW_ONLY_20260604_192507\results
CC-B,CC-B,US_ASHRAE,1,1,0,0,EEM_J_ENV_HVAC,168.5997,1.5365,11.381,18.2932,14.6535,85.3249,15.942,29.34,tier3,17,2530,c:\Users\o_iseri\Desktop\idf_reader\0_BEM_Setup\SimResults_neighbourhoods\option_9_j3_20260602_v2\US_ASHRAE\CC-B\CC-B_EEM_J_ENV_HVAC_20260604_192507\CC-B_EEM_J_ENV_HVAC_20260604_192507.idf,c:\Users\o_iseri\Desktop\idf_reader\0_BEM_Setup\SimResults_neighbourhoods\option_9_j3_20260602_v2\US_ASHRAE\CC-B\CC-B_EEM_J_ENV_HVAC_20260604_192507\results
CC-B,CC-B,US_ASHRAE,1,0,1,0,EEM_J_ENV_DHW,161.4469,9.5341,11.5207,3.1936,14.6535,85.3249,15.7362,29.34,tier3,5,2648,c:\Users\o_iseri\Desktop\idf_reader\0_BEM_Setup\SimResults_neighbourhoods\option_9_j3_20260602_v2\US_ASHRAE\CC-B\CC-B_EEM_J_ENV_DHW_20260604_192528\CC-B_EEM_J_ENV_DHW_20260604_192528.idf,c:\Users\o_iseri\Desktop\idf_reader\0_BEM_Setup\SimResults_neighbourhoods\option_9_j3_20260602_v2\US_ASHRAE\CC-B\CC-B_EEM_J_ENV_DHW_20260604_192528\results
CC-B,CC-B,US_ASHRAE,0,1,1,0,EEM_J_HVAC_DHW,155.7355,6.1805,9.7188,3.1687,14.702,85.3249,15.2433,29.3421,tier3,3,2653,c:\Users\o_iseri\Desktop\idf_reader\0_BEM_Setup\SimResults_neighbourhoods\option_9_j3_20260602_v2\US_ASHRAE\CC-B\CC-B_EEM_J_HVAC_DHW_20260604_192537\CC-B_EEM_J_HVAC_DHW_20260604_192537.idf,c:\Users\o_iseri\Desktop\idf_reader\0_BEM_Setup\SimResults_neighbourhoods\option_9_j3_20260602_v2\US_ASHRAE\CC-B\CC-B_EEM_J_HVAC_DHW_20260604_192537\results
CC-B,CC-B,US_ASHRAE,1,1,1,0,EEM_J_ENV_HVAC_DHW,155.7808,3.789,11.3722,3.1883,14.6535,85.3249,15.9844,29.34,tier3,6,2696,c:\Users\o_iseri\Desktop\idf_reader\0_BEM_Setup\SimResults_neighbourhoods\option_9_j3_20260602_v2\US_ASHRAE\CC-B\CC-B_EEM_J_ENV_HVAC_DHW_20260604_192543\CC-B_EEM_J_ENV_HVAC_DHW_20260604_192543.idf,c:\Users\o_iseri\Desktop\idf_reader\0_BEM_Setup\SimResults_neighbourhoods\option_9_j3_20260602_v2\US_ASHRAE\CC-B\CC-B_EEM_J_ENV_HVAC_DHW_20260604_192543\results
CC-B,CC-B,US_ASHRAE,0,0,0,1,EEM_J_EEM4_ONLY,162.619,23.3816,8.2393,18.2965,6.7531,71.7208,12.8491,29.3421,tier3,3,2548,c:\Users\o_iseri\Desktop\idf_reader\0_BEM_Setup\SimResults_neighbourhoods\option_9_j3_20260602_v2\US_ASHRAE\CC-B\CC-B_EEM_J_EEM4_ONLY_20260604_192549\CC-B_EEM_J_EEM4_ONLY_20260604_192549.idf,c:\Users\o_iseri\Desktop\idf_reader\0_BEM_Setup\SimResults_neighbourhoods\option_9_j3_20260602_v2\US_ASHRAE\CC-B\CC-B_EEM_J_EEM4_ONLY_20260604_192549\results
CC-B,CC-B,US_ASHRAE,1,0,0,1,EEM_J_ENVELOPE_EEM4,149.5759,7.8997,9.6124,18.2919,6.7104,71.7208,13.8608,29.34,tier3,3,2582,c:\Users\o_iseri\Desktop\idf_reader\0_BEM_Setup\SimResults_neighbourhoods\option_9_j3_20260602_v2\US_ASHRAE\CC-B\CC-B_EEM_J_ENVELOPE_EEM4_20260604_192556\CC-B_EEM_J_ENVELOPE_EEM4_20260604_192556.idf,c:\Users\o_iseri\Desktop\idf_reader\0_BEM_Setup\SimResults_neighbourhoods\option_9_j3_20260602_v2\US_ASHRAE\CC-B\CC-B_EEM_J_ENVELOPE_EEM4_20260604_192556\results
CC-B,CC-B,US_ASHRAE,0,1,0,1,EEM_J_HVAC_ONLY_EEM4,145.2918,5.1433,8.341,18.2983,6.7531,71.7208,13.6615,29.3421,tier3,3,2593,c:\Users\o_iseri\Desktop\idf_reader\0_BEM_Setup\SimResults_neighbourhoods\option_9_j3_20260602_v2\US_ASHRAE\CC-B\CC-B_EEM_J_HVAC_ONLY_EEM4_20260604_192557\CC-B_EEM_J_HVAC_ONLY_EEM4_20260604_192557.idf,c:\Users\o_iseri\Desktop\idf_reader\0_BEM_Setup\SimResults_neighbourhoods\option_9_j3_20260602_v2\US_ASHRAE\CC-B\CC-B_EEM_J_HVAC_ONLY_EEM4_20260604_192557\results
CC-B,CC-B,US_ASHRAE,0,0,1,1,EEM_J_DHW_ONLY_EEM4,149.8008,25.66,8.2318,3.1794,6.7531,71.7208,12.8759,29.3421,tier3,2,2719,c:\Users\o_iseri\Desktop\idf_reader\0_BEM_Setup\SimResults_neighbourhoods\option_9_j3_20260602_v2\US_ASHRAE\CC-B\CC-B_EEM_J_DHW_ONLY_EEM4_20260604_192601\CC-B_EEM_J_DHW_ONLY_EEM4_20260604_192601.idf,c:\Users\o_iseri\Desktop\idf_reader\0_BEM_Setup\SimResults_neighbourhoods\option_9_j3_20260602_v2\US_ASHRAE\CC-B\CC-B_EEM_J_DHW_ONLY_EEM4_20260604_192601\results
CC-B,CC-B,US_ASHRAE,1,1,0,1,EEM_J_ENV_HVAC_EEM4,143.7618,1.7907,9.6359,18.2934,6.7104,71.7208,14.1388,29.34,tier3,2,2627,c:\Users\o_iseri\Desktop\idf_reader\0_BEM_Setup\SimResults_neighbourhoods\option_9_j3_20260602_v2\US_ASHRAE\CC-B\CC-B_EEM_J_ENV_HVAC_EEM4_20260604_192613\CC-B_EEM_J_ENV_HVAC_EEM4_20260604_192613.idf,c:\Users\o_iseri\Desktop\idf_reader\0_BEM_Setup\SimResults_neighbourhoods\option_9_j3_20260602_v2\US_ASHRAE\CC-B\CC-B_EEM_J_ENV_HVAC_EEM4_20260604_192613\results
CC-B,CC-B,US_ASHRAE,1,0,1,1,EEM_J_ENV_DHW_EEM4,136.7616,10.1638,9.6044,3.1849,6.7104,71.7208,13.898,29.34,tier3,3,2749,c:\Users\o_iseri\Desktop\idf_reader\0_BEM_Setup\SimResults_neighbourhoods\option_9_j3_20260602_v2\US_ASHRAE\CC-B\CC-B_EEM_J_ENV_DHW_EEM4_20260604_192619\CC-B_EEM_J_ENV_DHW_EEM4_20260604_192619.idf,c:\Users\o_iseri\Desktop\idf_reader\0_BEM_Setup\SimResults_neighbourhoods\option_9_j3_20260602_v2\US_ASHRAE\CC-B\CC-B_EEM_J_ENV_DHW_EEM4_20260604_192619\results
CC-B,CC-B,US_ASHRAE,0,1,1,1,EEM_J_HVAC_DHW_EEM4,132.4538,7.3998,8.3315,3.1878,6.7531,71.7208,13.6861,29.3421,tier3,5,2763,c:\Users\o_iseri\Desktop\idf_reader\0_BEM_Setup\SimResults_neighbourhoods\option_9_j3_20260602_v2\US_ASHRAE\CC-B\CC-B_EEM_J_HVAC_DHW_EEM4_20260604_192620\CC-B_EEM_J_HVAC_DHW_EEM4_20260604_192620.idf,c:\Users\o_iseri\Desktop\idf_reader\0_BEM_Setup\SimResults_neighbourhoods\option_9_j3_20260602_v2\US_ASHRAE\CC-B\CC-B_EEM_J_HVAC_DHW_EEM4_20260604_192620\results
CC-B,CC-B,US_ASHRAE,1,1,1,1,EEM_J_ENV_HVAC_DHW_EEM4,130.9464,4.0479,9.6288,3.1999,6.7104,71.7208,14.1673,29.34,tier3,2,2790,c:\Users\o_iseri\Desktop\idf_reader\0_BEM_Setup\SimResults_neighbourhoods\option_9_j3_20260602_v2\US_ASHRAE\CC-B\CC-B_EEM_J_ENV_HVAC_DHW_EEM4_20260604_192636\CC-B_EEM_J_ENV_HVAC_DHW_EEM4_20260604_192636.idf,c:\Users\o_iseri\Desktop\idf_reader\0_BEM_Setup\SimResults_neighbourhoods\option_9_j3_20260602_v2\US_ASHRAE\CC-B\CC-B_EEM_J_ENV_HVAC_DHW_EEM4_20260604_192636\results
CC-S1,CC-S1,US_ASHRAE,0,0,0,0,EEM_J_DEFAULT,259.284,62.0966,9.5747,25.6215,36.2026,83.7898,13.5686,4.7962,native,3,250,c:\Users\o_iseri\Desktop\idf_reader\0_BEM_Setup\SimResults_neighbourhoods\option_9_j3_20260602_v2\US_ASHRAE\CC-S1\CC-S1_EEM_J_DEFAULT_20260604_192734\CC-S1_EEM_J_DEFAULT_20260604_192734.idf,c:\Users\o_iseri\Desktop\idf_reader\0_BEM_Setup\SimResults_neighbourhoods\option_9_j3_20260602_v2\US_ASHRAE\CC-S1\CC-S1_EEM_J_DEFAULT_20260604_192734\results
CC-S1,CC-S1,US_ASHRAE,1,0,0,0,EEM_J_ENVELOPE,233.2258,31.7868,14.4533,25.5995,36.173,83.7898,12.8442,119.3373,tier3,3,281,c:\Users\o_iseri\Desktop\idf_reader\0_BEM_Setup\SimResults_neighbourhoods\option_9_j3_20260602_v2\US_ASHRAE\CC-S1\CC-S1_EEM_J_ENVELOPE_20260604_192741\CC-S1_EEM_J_ENVELOPE_20260604_192741.idf,c:\Users\o_iseri\Desktop\idf_reader\0_BEM_Setup\SimResults_neighbourhoods\option_9_j3_20260602_v2\US_ASHRAE\CC-S1\CC-S1_EEM_J_ENVELOPE_20260604_192741\results
CC-S1,CC-S1,US_ASHRAE,0,1,0,0,EEM_J_HVAC_ONLY,225.785,28.8208,8.3391,25.6356,36.3798,83.7898,14.3205,119.3605,tier3,5,264,c:\Users\o_iseri\Desktop\idf_reader\0_BEM_Setup\SimResults_neighbourhoods\option_9_j3_20260602_v2\US_ASHRAE\CC-S1\CC-S1_EEM_J_HVAC_ONLY_20260604_192744\CC-S1_EEM_J_HVAC_ONLY_20260604_192744.idf,c:\Users\o_iseri\Desktop\idf_reader\0_BEM_Setup\SimResults_neighbourhoods\option_9_j3_20260602_v2\US_ASHRAE\CC-S1\CC-S1_EEM_J_HVAC_ONLY_20260604_192744\results
CC-S1,CC-S1,US_ASHRAE,0,0,1,0,EEM_J_DHW_ONLY,242.5849,66.8333,9.3608,4.3363,36.3798,83.7898,13.4571,119.3605,tier3,4,334,c:\Users\o_iseri\Desktop\idf_reader\0_BEM_Setup\SimResults_neighbourhoods\option_9_j3_20260602_v2\US_ASHRAE\CC-S1\CC-S1_EEM_J_DHW_ONLY_20260604_192749\CC-S1_EEM_J_DHW_ONLY_20260604_192749.idf,c:\Users\o_iseri\Desktop\idf_reader\0_BEM_Setup\SimResults_neighbourhoods\option_9_j3_20260602_v2\US_ASHRAE\CC-S1\CC-S1_EEM_J_DHW_ONLY_20260604_192749\results
CC-S1,CC-S1,US_ASHRAE,1,1,0,0,EEM_J_ENV_HVAC,211.465,11.4151,12.4099,25.6103,36.173,83.7898,13.4743,119.3373,tier3,4,303,c:\Users\o_iseri\Desktop\idf_reader\0_BEM_Setup\SimResults_neighbourhoods\option_9_j3_20260602_v2\US_ASHRAE\CC-S1\CC-S1_EEM_J_ENV_HVAC_20260604_192754\CC-S1_EEM_J_ENV_HVAC_20260604_192754.idf,c:\Users\o_iseri\Desktop\idf_reader\0_BEM_Setup\SimResults_neighbourhoods\option_9_j3_20260602_v2\US_ASHRAE\CC-S1\CC-S1_EEM_J_ENV_HVAC_20260604_192754\results
CC-S1,CC-S1,US_ASHRAE,1,0,1,0,EEM_J_ENV_DHW,216.0379,35.7958,14.465,4.3143,36.173,83.7898,12.9206,119.3373,tier3,3,378,c:\Users\o_iseri\Desktop\idf_reader\0_BEM_Setup\SimResults_neighbourhoods\option_9_j3_20260602_v2\US_ASHRAE\CC-S1\CC-S1_EEM_J_ENV_DHW_20260604_192808\CC-S1_EEM_J_ENV_DHW_20260604_192808.idf,c:\Users\o_iseri\Desktop\idf_reader\0_BEM_Setup\SimResults_neighbourhoods\option_9_j3_20260602_v2\US_ASHRAE\CC-S1\CC-S1_EEM_J_ENV_DHW_20260604_192808\results
CC-S1,CC-S1,US_ASHRAE,0,1,1,0,EEM_J_HVAC_DHW,208.6434,32.862,8.3512,4.3664,36.3798,83.7898,14.395,119.3605,tier3,5,357,c:\Users\o_iseri\Desktop\idf_reader\0_BEM_Setup\SimResults_neighbourhoods\option_9_j3_20260602_v2\US_ASHRAE\CC-S1\CC-S1_EEM_J_HVAC_DHW_20260604_192809\CC-S1_EEM_J_HVAC_DHW_20260604_192809.idf,c:\Users\o_iseri\Desktop\idf_reader\0_BEM_Setup\SimResults_neighbourhoods\option_9_j3_20260602_v2\US_ASHRAE\CC-S1\CC-S1_EEM_J_HVAC_DHW_20260604_192809\results
CC-S1,CC-S1,US_ASHRAE,1,1,1,0,EEM_J_ENV_HVAC_DHW,194.3246,15.458,12.4213,4.3408,36.173,83.7898,13.5495,119.3373,tier3,4,401,c:\Users\o_iseri\Desktop\idf_reader\0_BEM_Setup\SimResults_neighbourhoods\option_9_j3_20260602_v2\US_ASHRAE\CC-S1\CC-S1_EEM_J_ENV_HVAC_DHW_20260604_192816\CC-S1_EEM_J_ENV_HVAC_DHW_20260604_192816.idf,c:\Users\o_iseri\Desktop\idf_reader\0_BEM_Setup\SimResults_neighbourhoods\option_9_j3_20260602_v2\US_ASHRAE\CC-S1\CC-S1_EEM_J_ENV_HVAC_DHW_20260604_192816\results
CC-S1,CC-S1,US_ASHRAE,0,0,0,1,EEM_J_EEM4_ONLY,235.322,76.5505,6.1517,25.6292,16.9811,69.6611,12.2594,119.3605,tier3,3,252,c:\Users\o_iseri\Desktop\idf_reader\0_BEM_Setup\SimResults_neighbourhoods\option_9_j3_20260602_v2\US_ASHRAE\CC-S1\CC-S1_EEM_J_EEM4_ONLY_20260604_192827\CC-S1_EEM_J_EEM4_ONLY_20260604_192827.idf,c:\Users\o_iseri\Desktop\idf_reader\0_BEM_Setup\SimResults_neighbourhoods\option_9_j3_20260602_v2\US_ASHRAE\CC-S1\CC-S1_EEM_J_EEM4_ONLY_20260604_192827\results
CC-S1,CC-S1,US_ASHRAE,1,0,0,1,EEM_J_ENVELOPE_EEM4,201.7098,40.6306,8.9202,25.6058,16.8319,69.6611,11.5756,119.3373,tier3,3,281,c:\Users\o_iseri\Desktop\idf_reader\0_BEM_Setup\SimResults_neighbourhoods\option_9_j3_20260602_v2\US_ASHRAE\CC-S1\CC-S1_EEM_J_ENVELOPE_EEM4_20260604_192833\CC-S1_EEM_J_ENVELOPE_EEM4_20260604_192833.idf,c:\Users\o_iseri\Desktop\idf_reader\0_BEM_Setup\SimResults_neighbourhoods\option_9_j3_20260602_v2\US_ASHRAE\CC-S1\CC-S1_EEM_J_ENVELOPE_EEM4_20260604_192833\results
CC-S1,CC-S1,US_ASHRAE,0,1,0,1,EEM_J_HVAC_ONLY_EEM4,194.1758,34.8061,5.6219,25.644,16.9811,69.6611,13.3024,119.3605,tier3,4,279,c:\Users\o_iseri\Desktop\idf_reader\0_BEM_Setup\SimResults_neighbourhoods\option_9_j3_20260602_v2\US_ASHRAE\CC-S1\CC-S1_EEM_J_HVAC_ONLY_EEM4_20260604_192834\CC-S1_EEM_J_HVAC_ONLY_EEM4_20260604_192834.idf,c:\Users\o_iseri\Desktop\idf_reader\0_BEM_Setup\SimResults_neighbourhoods\option_9_j3_20260602_v2\US_ASHRAE\CC-S1\CC-S1_EEM_J_HVAC_ONLY_EEM4_20260604_192834\results
CC-S1,CC-S1,US_ASHRAE,0,0,1,1,EEM_J_DHW_ONLY_EEM4,218.1197,80.5686,6.1622,4.3301,16.9811,69.6611,12.3289,119.3605,tier3,3,346,c:\Users\o_iseri\Desktop\idf_reader\0_BEM_Setup\SimResults_neighbourhoods\option_9_j3_20260602_v2\US_ASHRAE\CC-S1\CC-S1_EEM_J_DHW_ONLY_EEM4_20260604_192838\CC-S1_EEM_J_DHW_ONLY_EEM4_20260604_192838.idf,c:\Users\o_iseri\Desktop\idf_reader\0_BEM_Setup\SimResults_neighbourhoods\option_9_j3_20260602_v2\US_ASHRAE\CC-S1\CC-S1_EEM_J_DHW_ONLY_EEM4_20260604_192838\results
CC-S1,CC-S1,US_ASHRAE,1,1,0,1,EEM_J_ENV_HVAC_EEM4,175.6613,14.7744,7.9131,25.6182,16.8319,69.6611,12.3055,119.3373,tier3,4,305,c:\Users\o_iseri\Desktop\idf_reader\0_BEM_Setup\SimResults_neighbourhoods\option_9_j3_20260602_v2\US_ASHRAE\CC-S1\CC-S1_EEM_J_ENV_HVAC_EEM4_20260604_192850\CC-S1_EEM_J_ENV_HVAC_EEM4_20260604_192850.idf,c:\Users\o_iseri\Desktop\idf_reader\0_BEM_Setup\SimResults_neighbourhoods\option_9_j3_20260602_v2\US_ASHRAE\CC-S1\CC-S1_EEM_J_ENV_HVAC_EEM4_20260604_192850\results
CC-S1,CC-S1,US_ASHRAE,1,0,1,1,EEM_J_ENV_DHW_EEM4,184.4887,44.6004,8.9336,4.3237,16.8319,69.6611,11.6515,119.3373,tier3,3,377,c:\Users\o_iseri\Desktop\idf_reader\0_BEM_Setup\SimResults_neighbourhoods\option_9_j3_20260602_v2\US_ASHRAE\CC-S1\CC-S1_EEM_J_ENV_DHW_EEM4_20260604_192854\CC-S1_EEM_J_ENV_DHW_EEM4_20260604_192854.idf,c:\Users\o_iseri\Desktop\idf_reader\0_BEM_Setup\SimResults_neighbourhoods\option_9_j3_20260602_v2\US_ASHRAE\CC-S1\CC-S1_EEM_J_ENV_DHW_EEM4_20260604_192854\results
CC-S1,CC-S1,US_ASHRAE,0,1,1,1,EEM_J_HVAC_DHW_EEM4,177.0207,38.8592,5.6326,4.3523,16.9811,69.6611,13.3752,119.3605,tier3,4,373,c:\Users\o_iseri\Desktop\idf_reader\0_BEM_Setup\SimResults_neighbourhoods\option_9_j3_20260602_v2\US_ASHRAE\CC-S1\CC-S1_EEM_J_HVAC_DHW_EEM4_20260604_192906\CC-S1_EEM_J_HVAC_DHW_EEM4_20260604_192906.idf,c:\Users\o_iseri\Desktop\idf_reader\0_BEM_Setup\SimResults_neighbourhoods\option_9_j3_20260602_v2\US_ASHRAE\CC-S1\CC-S1_EEM_J_HVAC_DHW_EEM4_20260604_192906\results
CC-S1,CC-S1,US_ASHRAE,1,1,1,1,EEM_J_ENV_HVAC_DHW_EEM4,158.4827,18.8039,7.9255,4.3227,16.8319,69.6611,12.3805,119.3373,tier3,4,403,c:\Users\o_iseri\Desktop\idf_reader\0_BEM_Setup\SimResults_neighbourhoods\option_9_j3_20260602_v2\US_ASHRAE\CC-S1\CC-S1_EEM_J_ENV_HVAC_DHW_EEM4_20260604_192913\CC-S1_EEM_J_ENV_HVAC_DHW_EEM4_20260604_192913.idf,c:\Users\o_iseri\Desktop\idf_reader\0_BEM_Setup\SimResults_neighbourhoods\option_9_j3_20260602_v2\US_ASHRAE\CC-S1\CC-S1_EEM_J_ENV_HVAC_DHW_EEM4_20260604_192913\results
CC-S2,CC-S2,US_ASHRAE,0,0,0,0,EEM_J_DEFAULT,340.5862,70.1001,11.1769,25.5248,63.4043,96.5017,19.775,3.1251,native,2,143,c:\Users\o_iseri\Desktop\idf_reader\0_BEM_Setup\SimResults_neighbourhoods\option_9_j3_20260602_v2\US_ASHRAE\CC-S2\CC-S2_EEM_J_DEFAULT_20260604_193000\CC-S2_EEM_J_DEFAULT_20260604_193000.idf,c:\Users\o_iseri\Desktop\idf_reader\0_BEM_Setup\SimResults_neighbourhoods\option_9_j3_20260602_v2\US_ASHRAE\CC-S2\CC-S2_EEM_J_DEFAULT_20260604_193000\results
CC-S2,CC-S2,US_ASHRAE,1,0,0,0,EEM_J_ENVELOPE,311.398,33.6017,20.3069,25.508,63.3411,96.5017,17.7488,172.5988,tier3,2,162,c:\Users\o_iseri\Desktop\idf_reader\0_BEM_Setup\SimResults_neighbourhoods\option_9_j3_20260602_v2\US_ASHRAE\CC-S2\CC-S2_EEM_J_ENVELOPE_20260604_193004\CC-S2_EEM_J_ENVELOPE_20260604_193004.idf,c:\Users\o_iseri\Desktop\idf_reader\0_BEM_Setup\SimResults_neighbourhoods\option_9_j3_20260602_v2\US_ASHRAE\CC-S2\CC-S2_EEM_J_ENVELOPE_20260604_193004\results
CC-S2,CC-S2,US_ASHRAE,0,1,0,0,EEM_J_HVAC_ONLY,298.6849,28.789,9.0456,25.546,63.7374,96.5017,20.7989,172.6037,tier3,2,144,c:\Users\o_iseri\Desktop\idf_reader\0_BEM_Setup\SimResults_neighbourhoods\option_9_j3_20260602_v2\US_ASHRAE\CC-S2\CC-S2_EEM_J_HVAC_ONLY_20260604_193008\CC-S2_EEM_J_HVAC_ONLY_20260604_193008.idf,c:\Users\o_iseri\Desktop\idf_reader\0_BEM_Setup\SimResults_neighbourhoods\option_9_j3_20260602_v2\US_ASHRAE\CC-S2\CC-S2_EEM_J_HVAC_ONLY_20260604_193008\results
CC-S2,CC-S2,US_ASHRAE,0,0,1,0,EEM_J_DHW_ONLY,323.2075,75.1467,10.8547,3.3037,63.7374,96.5017,19.5618,172.6037,tier3,2,195,c:\Users\o_iseri\Desktop\idf_reader\0_BEM_Setup\SimResults_neighbourhoods\option_9_j3_20260602_v2\US_ASHRAE\CC-S2\CC-S2_EEM_J_DHW_ONLY_20260604_193012\CC-S2_EEM_J_DHW_ONLY_20260604_193012.idf,c:\Users\o_iseri\Desktop\idf_reader\0_BEM_Setup\SimResults_neighbourhoods\option_9_j3_20260602_v2\US_ASHRAE\CC-S2\CC-S2_EEM_J_DHW_ONLY_20260604_193012\results
CC-S2,CC-S2,US_ASHRAE,1,1,0,0,EEM_J_ENV_HVAC,288.1357,13.4103,16.3528,25.5252,63.3411,96.5017,18.5798,172.5988,tier3,2,170,c:\Users\o_iseri\Desktop\idf_reader\0_BEM_Setup\SimResults_neighbourhoods\option_9_j3_20260602_v2\US_ASHRAE\CC-S2\CC-S2_EEM_J_ENV_HVAC_20260604_193019\CC-S2_EEM_J_ENV_HVAC_20260604_193019.idf,c:\Users\o_iseri\Desktop\idf_reader\0_BEM_Setup\SimResults_neighbourhoods\option_9_j3_20260602_v2\US_ASHRAE\CC-S2\CC-S2_EEM_J_ENV_HVAC_20260604_193019\results
CC-S2,CC-S2,US_ASHRAE,1,0,1,0,EEM_J_ENV_DHW,293.0916,37.3989,20.3143,3.3314,63.3411,96.5017,17.8169,172.5988,tier3,2,215,c:\Users\o_iseri\Desktop\idf_reader\0_BEM_Setup\SimResults_neighbourhoods\option_9_j3_20260602_v2\US_ASHRAE\CC-S2\CC-S2_EEM_J_ENV_DHW_20260604_193036\CC-S2_EEM_J_ENV_DHW_20260604_193036.idf,c:\Users\o_iseri\Desktop\idf_reader\0_BEM_Setup\SimResults_neighbourhoods\option_9_j3_20260602_v2\US_ASHRAE\CC-S2\CC-S2_EEM_J_ENV_DHW_20260604_193036\results
CC-S2,CC-S2,US_ASHRAE,0,1,1,0,EEM_J_HVAC_DHW,280.3568,32.5546,9.052,3.3703,63.7374,96.5017,20.8729,172.6037,tier3,2,203,c:\Users\o_iseri\Desktop\idf_reader\0_BEM_Setup\SimResults_neighbourhoods\option_9_j3_20260602_v2\US_ASHRAE\CC-S2\CC-S2_EEM_J_HVAC_DHW_20260604_193037\CC-S2_EEM_J_HVAC_DHW_20260604_193037.idf,c:\Users\o_iseri\Desktop\idf_reader\0_BEM_Setup\SimResults_neighbourhoods\option_9_j3_20260602_v2\US_ASHRAE\CC-S2\CC-S2_EEM_J_HVAC_DHW_20260604_193037\results
CC-S2,CC-S2,US_ASHRAE,1,1,1,0,EEM_J_ENV_HVAC_DHW,269.7834,17.1729,16.3582,3.3402,63.3411,96.5017,18.6474,172.5988,tier3,2,223,c:\Users\o_iseri\Desktop\idf_reader\0_BEM_Setup\SimResults_neighbourhoods\option_9_j3_20260602_v2\US_ASHRAE\CC-S2\CC-S2_EEM_J_ENV_HVAC_DHW_20260604_193039\CC-S2_EEM_J_ENV_HVAC_DHW_20260604_193039.idf,c:\Users\o_iseri\Desktop\idf_reader\0_BEM_Setup\SimResults_neighbourhoods\option_9_j3_20260602_v2\US_ASHRAE\CC-S2\CC-S2_EEM_J_ENV_HVAC_DHW_20260604_193039\results
CC-S2,CC-S2,US_ASHRAE,0,0,0,1,EEM_J_EEM4_ONLY,299.5307,83.16,5.9654,25.5302,29.6886,83.4442,18.3469,172.6037,tier3,2,147,c:\Users\o_iseri\Desktop\idf_reader\0_BEM_Setup\SimResults_neighbourhoods\option_9_j3_20260602_v2\US_ASHRAE\CC-S2\CC-S2_EEM_J_EEM4_ONLY_20260604_193039\CC-S2_EEM_J_EEM4_ONLY_20260604_193039.idf,c:\Users\o_iseri\Desktop\idf_reader\0_BEM_Setup\SimResults_neighbourhoods\option_9_j3_20260602_v2\US_ASHRAE\CC-S2\CC-S2_EEM_J_EEM4_ONLY_20260604_193039\results
CC-S2,CC-S2,US_ASHRAE,1,0,0,1,EEM_J_ENVELOPE_EEM4,261.7992,42.2837,10.6484,25.5139,29.3821,83.4442,16.3104,172.5988,tier3,2,167,c:\Users\o_iseri\Desktop\idf_reader\0_BEM_Setup\SimResults_neighbourhoods\option_9_j3_20260602_v2\US_ASHRAE\CC-S2\CC-S2_EEM_J_ENVELOPE_EEM4_20260604_193040\CC-S2_EEM_J_ENVELOPE_EEM4_20260604_193040.idf,c:\Users\o_iseri\Desktop\idf_reader\0_BEM_Setup\SimResults_neighbourhoods\option_9_j3_20260602_v2\US_ASHRAE\CC-S2\CC-S2_EEM_J_ENVELOPE_EEM4_20260604_193040\results
CC-S2,CC-S2,US_ASHRAE,0,1,0,1,EEM_J_HVAC_ONLY_EEM4,249.0966,31.8963,5.1285,25.5519,29.6886,83.4442,19.8297,172.6037,tier3,2,157,c:\Users\o_iseri\Desktop\idf_reader\0_BEM_Setup\SimResults_neighbourhoods\option_9_j3_20260602_v2\US_ASHRAE\CC-S2\CC-S2_EEM_J_HVAC_ONLY_EEM4_20260604_193041\CC-S2_EEM_J_HVAC_ONLY_EEM4_20260604_193041.idf,c:\Users\o_iseri\Desktop\idf_reader\0_BEM_Setup\SimResults_neighbourhoods\option_9_j3_20260602_v2\US_ASHRAE\CC-S2\CC-S2_EEM_J_HVAC_ONLY_EEM4_20260604_193041\results
CC-S2,CC-S2,US_ASHRAE,0,0,1,1,EEM_J_DHW_ONLY_EEM4,281.1765,86.9483,5.9664,3.3101,29.6886,83.4442,18.4224,172.6037,tier3,2,194,c:\Users\o_iseri\Desktop\idf_reader\0_BEM_Setup\SimResults_neighbourhoods\option_9_j3_20260602_v2\US_ASHRAE\CC-S2\CC-S2_EEM_J_DHW_ONLY_EEM4_20260604_193054\CC-S2_EEM_J_DHW_ONLY_EEM4_20260604_193054.idf,c:\Users\o_iseri\Desktop\idf_reader\0_BEM_Setup\SimResults_neighbourhoods\option_9_j3_20260602_v2\US_ASHRAE\CC-S2\CC-S2_EEM_J_DHW_ONLY_EEM4_20260604_193054\results
CC-S2,CC-S2,US_ASHRAE,1,1,0,1,EEM_J_ENV_HVAC_EEM4,235.5713,16.7041,8.826,25.5322,29.3821,83.4442,17.3244,172.5988,tier3,2,179,c:\Users\o_iseri\Desktop\idf_reader\0_BEM_Setup\SimResults_neighbourhoods\option_9_j3_20260602_v2\US_ASHRAE\CC-S2\CC-S2_EEM_J_ENV_HVAC_EEM4_20260604_193059\CC-S2_EEM_J_ENV_HVAC_EEM4_20260604_193059.idf,c:\Users\o_iseri\Desktop\idf_reader\0_BEM_Setup\SimResults_neighbourhoods\option_9_j3_20260602_v2\US_ASHRAE\CC-S2\CC-S2_EEM_J_ENV_HVAC_EEM4_20260604_193059\results
CC-S2,CC-S2,US_ASHRAE,1,0,1,1,EEM_J_ENV_DHW_EEM4,243.4395,46.0976,10.6523,3.2761,29.3821,83.4442,16.375,172.5988,tier3,2,220,c:\Users\o_iseri\Desktop\idf_reader\0_BEM_Setup\SimResults_neighbourhoods\option_9_j3_20260602_v2\US_ASHRAE\CC-S2\CC-S2_EEM_J_ENV_DHW_EEM4_20260604_193104\CC-S2_EEM_J_ENV_DHW_EEM4_20260604_193104.idf,c:\Users\o_iseri\Desktop\idf_reader\0_BEM_Setup\SimResults_neighbourhoods\option_9_j3_20260602_v2\US_ASHRAE\CC-S2\CC-S2_EEM_J_ENV_DHW_EEM4_20260604_193104\results
CC-S2,CC-S2,US_ASHRAE,0,1,1,1,EEM_J_HVAC_DHW_EEM4,230.7384,35.6703,5.1345,3.3397,29.6886,83.4442,19.9042,172.6037,tier3,2,206,c:\Users\o_iseri\Desktop\idf_reader\0_BEM_Setup\SimResults_neighbourhoods\option_9_j3_20260602_v2\US_ASHRAE\CC-S2\CC-S2_EEM_J_HVAC_DHW_EEM4_20260604_193112\CC-S2_EEM_J_HVAC_DHW_EEM4_20260604_193112.idf,c:\Users\o_iseri\Desktop\idf_reader\0_BEM_Setup\SimResults_neighbourhoods\option_9_j3_20260602_v2\US_ASHRAE\CC-S2\CC-S2_EEM_J_HVAC_DHW_EEM4_20260604_193112\results
CC-S2,CC-S2,US_ASHRAE,1,1,1,1,EEM_J_ENV_HVAC_DHW_EEM4,217.1667,20.5008,8.832,3.2613,29.3821,83.4442,17.3896,172.5988,tier3,2,231,c:\Users\o_iseri\Desktop\idf_reader\0_BEM_Setup\SimResults_neighbourhoods\option_9_j3_20260602_v2\US_ASHRAE\CC-S2\CC-S2_EEM_J_ENV_HVAC_DHW_EEM4_20260604_193114\CC-S2_EEM_J_ENV_HVAC_DHW_EEM4_20260604_193114.idf,c:\Users\o_iseri\Desktop\idf_reader\0_BEM_Setup\SimResults_neighbourhoods\option_9_j3_20260602_v2\US_ASHRAE\CC-S2\CC-S2_EEM_J_ENV_HVAC_DHW_EEM4_20260604_193114\results
CC-E1,CC-E1,US_ASHRAE,0,0,0,0,EEM_J_DEFAULT,182.9331,29.0996,8.3525,12.4235,16.9974,87.5759,13.7227,1.6857,native,4,1655,c:\Users\o_iseri\Desktop\idf_reader\0_BEM_Setup\SimResults_neighbourhoods\option_9_j3_20260602_v2\US_ASHRAE\CC-E1\CC-E1_EEM_J_DEFAULT_20260604_193144\CC-E1_EEM_J_DEFAULT_20260604_193144.idf,c:\Users\o_iseri\Desktop\idf_reader\0_BEM_Setup\SimResults_neighbourhoods\option_9_j3_20260602_v2\US_ASHRAE\CC-E1\CC-E1_EEM_J_DEFAULT_20260604_193144\results
CC-E1,CC-E1,US_ASHRAE,1,0,0,0,EEM_J_ENVELOPE,160.1178,4.2704,8.8713,12.4073,16.9907,87.5763,15.0033,26.2707,tier3,19,1789,c:\Users\o_iseri\Desktop\idf_reader\0_BEM_Setup\SimResults_neighbourhoods\option_9_j3_20260602_v2\US_ASHRAE\CC-E1\CC-E1_EEM_J_ENVELOPE_20260604_193146\CC-E1_EEM_J_ENVELOPE_20260604_193146.idf,c:\Users\o_iseri\Desktop\idf_reader\0_BEM_Setup\SimResults_neighbourhoods\option_9_j3_20260602_v2\US_ASHRAE\CC-E1\CC-E1_EEM_J_ENVELOPE_20260604_193146\results
CC-E1,CC-E1,US_ASHRAE,0,1,0,0,EEM_J_HVAC_ONLY,158.5508,3.5117,8.3416,12.4262,16.9973,87.5759,14.9659,26.2806,tier3,10,1694,c:\Users\o_iseri\Desktop\idf_reader\0_BEM_Setup\SimResults_neighbourhoods\option_9_j3_20260602_v2\US_ASHRAE\CC-E1\CC-E1_EEM_J_HVAC_ONLY_20260604_193152\CC-E1_EEM_J_HVAC_ONLY_20260604_193152.idf,c:\Users\o_iseri\Desktop\idf_reader\0_BEM_Setup\SimResults_neighbourhoods\option_9_j3_20260602_v2\US_ASHRAE\CC-E1\CC-E1_EEM_J_HVAC_ONLY_20260604_193152\results
CC-E1,CC-E1,US_ASHRAE,0,0,1,0,EEM_J_DHW_ONLY,173.7065,30.6693,8.2354,1.867,16.9973,87.5759,13.6091,26.2806,tier3,4,1980,c:\Users\o_iseri\Desktop\idf_reader\0_BEM_Setup\SimResults_neighbourhoods\option_9_j3_20260602_v2\US_ASHRAE\CC-E1\CC-E1_EEM_J_DHW_ONLY_20260604_193159\CC-E1_EEM_J_DHW_ONLY_20260604_193159.idf,c:\Users\o_iseri\Desktop\idf_reader\0_BEM_Setup\SimResults_neighbourhoods\option_9_j3_20260602_v2\US_ASHRAE\CC-E1\CC-E1_EEM_J_DHW_ONLY_20260604_193159\results
CC-E1,CC-E1,US_ASHRAE,1,1,0,0,EEM_J_ENV_HVAC,157.2816,1.1627,8.9978,12.4091,16.9907,87.5763,15.1653,26.2707,tier3,20,1814,c:\Users\o_iseri\Desktop\idf_reader\0_BEM_Setup\SimResults_neighbourhoods\option_9_j3_20260602_v2\US_ASHRAE\CC-E1\CC-E1_EEM_J_ENV_HVAC_20260604_193212\CC-E1_EEM_J_ENV_HVAC_20260604_193212.idf,c:\Users\o_iseri\Desktop\idf_reader\0_BEM_Setup\SimResults_neighbourhoods\option_9_j3_20260602_v2\US_ASHRAE\CC-E1\CC-E1_EEM_J_ENV_HVAC_20260604_193212\results
CC-E1,CC-E1,US_ASHRAE,1,0,1,0,EEM_J_ENV_DHW,150.644,5.3183,8.8594,1.8763,16.9907,87.5763,15.0236,26.2707,tier3,16,2101,c:\Users\o_iseri\Desktop\idf_reader\0_BEM_Setup\SimResults_neighbourhoods\option_9_j3_20260602_v2\US_ASHRAE\CC-E1\CC-E1_EEM_J_ENV_DHW_20260604_193213\CC-E1_EEM_J_ENV_DHW_20260604_193213.idf,c:\Users\o_iseri\Desktop\idf_reader\0_BEM_Setup\SimResults_neighbourhoods\option_9_j3_20260602_v2\US_ASHRAE\CC-E1\CC-E1_EEM_J_ENV_DHW_20260604_193213\results
CC-E1,CC-E1,US_ASHRAE,0,1,1,0,EEM_J_HVAC_DHW,149.0898,4.5619,8.3386,1.8779,16.9973,87.5759,15.0055,26.2806,tier3,14,2005,c:\Users\o_iseri\Desktop\idf_reader\0_BEM_Setup\SimResults_neighbourhoods\option_9_j3_20260602_v2\US_ASHRAE\CC-E1\CC-E1_EEM_J_HVAC_DHW_20260604_193216\CC-E1_EEM_J_HVAC_DHW_20260604_193216.idf,c:\Users\o_iseri\Desktop\idf_reader\0_BEM_Setup\SimResults_neighbourhoods\option_9_j3_20260602_v2\US_ASHRAE\CC-E1\CC-E1_EEM_J_HVAC_DHW_20260604_193216\results
CC-E1,CC-E1,US_ASHRAE,1,1,1,0,EEM_J_ENV_HVAC_DHW,147.8092,2.2029,8.9858,1.8901,16.9907,87.5763,15.1835,26.2707,tier3,17,2127,c:\Users\o_iseri\Desktop\idf_reader\0_BEM_Setup\SimResults_neighbourhoods\option_9_j3_20260602_v2\US_ASHRAE\CC-E1\CC-E1_EEM_J_ENV_HVAC_DHW_20260604_193217\CC-E1_EEM_J_ENV_HVAC_DHW_20260604_193217.idf,c:\Users\o_iseri\Desktop\idf_reader\0_BEM_Setup\SimResults_neighbourhoods\option_9_j3_20260602_v2\US_ASHRAE\CC-E1\CC-E1_EEM_J_ENV_HVAC_DHW_20260604_193217\results
CC-E1,CC-E1,US_ASHRAE,1,0,0,1,EEM_J_ENVELOPE_EEM4,134.4318,5.4723,7.5549,12.4131,8.6223,72.6949,12.8142,26.2707,tier3,3,3248,c:\Users\o_iseri\Desktop\idf_reader\0_BEM_Setup\SimResults_neighbourhoods\option_9_j3_20260602_v2\US_ASHRAE\CC-E1\CC-E1_EEM_J_ENVELOPE_EEM4_20260604_193227\CC-E1_EEM_J_ENVELOPE_EEM4_20260604_193227.idf,c:\Users\o_iseri\Desktop\idf_reader\0_BEM_Setup\SimResults_neighbourhoods\option_9_j3_20260602_v2\US_ASHRAE\CC-E1\CC-E1_EEM_J_ENVELOPE_EEM4_20260604_193227\results
CC-E1,CC-E1,US_ASHRAE,1,1,0,1,EEM_J_ENV_HVAC_EEM4,130.6702,1.3264,7.6633,12.415,8.6223,72.6949,13.108,26.2707,tier3,4,3276,c:\Users\o_iseri\Desktop\idf_reader\0_BEM_Setup\SimResults_neighbourhoods\option_9_j3_20260602_v2\US_ASHRAE\CC-E1\CC-E1_EEM_J_ENV_HVAC_EEM4_20260604_193317\CC-E1_EEM_J_ENV_HVAC_EEM4_20260604_193317.idf,c:\Users\o_iseri\Desktop\idf_reader\0_BEM_Setup\SimResults_neighbourhoods\option_9_j3_20260602_v2\US_ASHRAE\CC-E1\CC-E1_EEM_J_ENV_HVAC_EEM4_20260604_193317\results
CC-E1,CC-E1,US_ASHRAE,1,0,1,1,EEM_J_ENV_DHW_EEM4,124.9709,6.5478,7.5509,1.8707,8.6223,72.6949,12.8222,26.2707,tier3,10,3555,c:\Users\o_iseri\Desktop\idf_reader\0_BEM_Setup\SimResults_neighbourhoods\option_9_j3_20260602_v2\US_ASHRAE\CC-E1\CC-E1_EEM_J_ENV_DHW_EEM4_20260604_193327\CC-E1_EEM_J_ENV_DHW_EEM4_20260604_193327.idf,c:\Users\o_iseri\Desktop\idf_reader\0_BEM_Setup\SimResults_neighbourhoods\option_9_j3_20260602_v2\US_ASHRAE\CC-E1\CC-E1_EEM_J_ENV_DHW_EEM4_20260604_193327\results
CC-E1,CC-E1,US_ASHRAE,1,1,1,1,EEM_J_ENV_HVAC_DHW_EEM4,121.1927,2.3729,7.6575,1.8791,8.6223,72.6949,13.1241,26.2707,tier3,11,3580,c:\Users\o_iseri\Desktop\idf_reader\0_BEM_Setup\SimResults_neighbourhoods\option_9_j3_20260602_v2\US_ASHRAE\CC-E1\CC-E1_EEM_J_ENV_HVAC_DHW_EEM4_20260604_193330\CC-E1_EEM_J_ENV_HVAC_DHW_EEM4_20260604_193330.idf,c:\Users\o_iseri\Desktop\idf_reader\0_BEM_Setup\SimResults_neighbourhoods\option_9_j3_20260602_v2\US_ASHRAE\CC-E1\CC-E1_EEM_J_ENV_HVAC_DHW_EEM4_20260604_193330\results
CC-E2,CC-E2,US_ASHRAE,0,0,0,0,EEM_J_DEFAULT,389.451,203.906,17.593,20.926,25.5789,85.0352,29.9739,1.0226,native,7,1421,c:\Users\o_iseri\Desktop\idf_reader\0_BEM_Setup\SimResults_neighbourhoods\option_9_j3_20260602_v2\US_ASHRAE\CC-E2\CC-E2_EEM_J_DEFAULT_20260604_193343\CC-E2_EEM_J_DEFAULT_20260604_193343.idf,c:\Users\o_iseri\Desktop\idf_reader\0_BEM_Setup\SimResults_neighbourhoods\option_9_j3_20260602_v2\US_ASHRAE\CC-E2\CC-E2_EEM_J_DEFAULT_20260604_193343\results
CC-E2,CC-E2,US_ASHRAE,1,0,0,0,EEM_J_ENVELOPE,359.0189,170.9543,17.8921,20.8959,25.6925,85.0359,31.8749,49.9738,tier3,5,1497,c:\Users\o_iseri\Desktop\idf_reader\0_BEM_Setup\SimResults_neighbourhoods\option_9_j3_20260602_v2\US_ASHRAE\CC-E2\CC-E2_EEM_J_ENVELOPE_20260604_193400\CC-E2_EEM_J_ENVELOPE_20260604_193400.idf,c:\Users\o_iseri\Desktop\idf_reader\0_BEM_Setup\SimResults_neighbourhoods\option_9_j3_20260602_v2\US_ASHRAE\CC-E2\CC-E2_EEM_J_ENVELOPE_20260604_193400\results
CC-E2,CC-E2,US_ASHRAE,0,1,0,0,EEM_J_HVAC_ONLY,210.9971,21.6679,17.2901,20.93,25.6016,85.0352,34.0558,49.9837,tier3,7,1467,c:\Users\o_iseri\Desktop\idf_reader\0_BEM_Setup\SimResults_neighbourhoods\option_9_j3_20260602_v2\US_ASHRAE\CC-E2\CC-E2_EEM_J_HVAC_ONLY_20260604_193404\CC-E2_EEM_J_HVAC_ONLY_20260604_193404.idf,c:\Users\o_iseri\Desktop\idf_reader\0_BEM_Setup\SimResults_neighbourhoods\option_9_j3_20260602_v2\US_ASHRAE\CC-E2\CC-E2_EEM_J_HVAC_ONLY_20260604_193404\results
CC-E2,CC-E2,US_ASHRAE,0,0,1,0,EEM_J_DHW_ONLY,374.6333,206.4298,17.4322,3.8972,25.6016,85.0352,29.8097,49.9837,tier3,7,1762,c:\Users\o_iseri\Desktop\idf_reader\0_BEM_Setup\SimResults_neighbourhoods\option_9_j3_20260602_v2\US_ASHRAE\CC-E2\CC-E2_EEM_J_DHW_ONLY_20260604_193405\CC-E2_EEM_J_DHW_ONLY_20260604_193405.idf,c:\Users\o_iseri\Desktop\idf_reader\0_BEM_Setup\SimResults_neighbourhoods\option_9_j3_20260602_v2\US_ASHRAE\CC-E2\CC-E2_EEM_J_DHW_ONLY_20260604_193405\results
CC-E2,CC-E2,US_ASHRAE,1,1,0,0,EEM_J_ENV_HVAC,206.4954,15.7415,17.7797,20.8994,25.6925,85.0359,34.6805,49.9738,tier3,7,1537,c:\Users\o_iseri\Desktop\idf_reader\0_BEM_Setup\SimResults_neighbourhoods\option_9_j3_20260602_v2\US_ASHRAE\CC-E2\CC-E2_EEM_J_ENV_HVAC_20260604_193407\CC-E2_EEM_J_ENV_HVAC_20260604_193407.idf,c:\Users\o_iseri\Desktop\idf_reader\0_BEM_Setup\SimResults_neighbourhoods\option_9_j3_20260602_v2\US_ASHRAE\CC-E2\CC-E2_EEM_J_ENV_HVAC_20260604_193407\results
CC-E2,CC-E2,US_ASHRAE,1,0,1,0,EEM_J_ENV_DHW,344.0159,172.9241,17.8731,3.9047,25.6925,85.0359,31.9101,49.9738,tier3,40,1828,c:\Users\o_iseri\Desktop\idf_reader\0_BEM_Setup\SimResults_neighbourhoods\option_9_j3_20260602_v2\US_ASHRAE\CC-E2\CC-E2_EEM_J_ENV_DHW_20260604_193500\CC-E2_EEM_J_ENV_DHW_20260604_193500.idf,c:\Users\o_iseri\Desktop\idf_reader\0_BEM_Setup\SimResults_neighbourhoods\option_9_j3_20260602_v2\US_ASHRAE\CC-E2\CC-E2_EEM_J_ENV_DHW_20260604_193500\results
CC-E2,CC-E2,US_ASHRAE,0,1,1,0,EEM_J_HVAC_DHW,196.0221,23.6536,17.2817,3.9256,25.6016,85.0352,34.1071,49.9837,tier3,9,1801,c:\Users\o_iseri\Desktop\idf_reader\0_BEM_Setup\SimResults_neighbourhoods\option_9_j3_20260602_v2\US_ASHRAE\CC-E2\CC-E2_EEM_J_HVAC_DHW_20260604_193531\CC-E2_EEM_J_HVAC_DHW_20260604_193531.idf,c:\Users\o_iseri\Desktop\idf_reader\0_BEM_Setup\SimResults_neighbourhoods\option_9_j3_20260602_v2\US_ASHRAE\CC-E2\CC-E2_EEM_J_HVAC_DHW_20260604_193531\results
CC-E2,CC-E2,US_ASHRAE,1,1,1,0,EEM_J_ENV_HVAC_DHW,191.5393,17.7109,17.7575,3.951,25.6925,85.0359,34.7239,49.9738,tier3,44,1873,c:\Users\o_iseri\Desktop\idf_reader\0_BEM_Setup\SimResults_neighbourhoods\option_9_j3_20260602_v2\US_ASHRAE\CC-E2\CC-E2_EEM_J_ENV_HVAC_DHW_20260604_193533\CC-E2_EEM_J_ENV_HVAC_DHW_20260604_193533.idf,c:\Users\o_iseri\Desktop\idf_reader\0_BEM_Setup\SimResults_neighbourhoods\option_9_j3_20260602_v2\US_ASHRAE\CC-E2\CC-E2_EEM_J_ENV_HVAC_DHW_20260604_193533\results
CC-E2,CC-E2,US_ASHRAE,1,0,0,1,EEM_J_ENVELOPE_EEM4,321.4555,167.1239,15.8077,20.9057,14.444,67.9853,28.6563,49.9738,tier3,74,2630,c:\Users\o_iseri\Desktop\idf_reader\0_BEM_Setup\SimResults_neighbourhoods\option_9_j3_20260602_v2\US_ASHRAE\CC-E2\CC-E2_EEM_J_ENVELOPE_EEM4_20260604_193548\CC-E2_EEM_J_ENVELOPE_EEM4_20260604_193548.idf,c:\Users\o_iseri\Desktop\idf_reader\0_BEM_Setup\SimResults_neighbourhoods\option_9_j3_20260602_v2\US_ASHRAE\CC-E2\CC-E2_EEM_J_ENVELOPE_EEM4_20260604_193548\results
CC-E2,CC-E2,US_ASHRAE,1,1,0,1,EEM_J_ENV_HVAC_EEM4,172.9138,15.9016,15.6679,20.9093,14.444,67.9853,31.4821,49.9738,tier3,78,2676,c:\Users\o_iseri\Desktop\idf_reader\0_BEM_Setup\SimResults_neighbourhoods\option_9_j3_20260602_v2\US_ASHRAE\CC-E2\CC-E2_EEM_J_ENV_HVAC_EEM4_20260604_193554\CC-E2_EEM_J_ENV_HVAC_EEM4_20260604_193554.idf,c:\Users\o_iseri\Desktop\idf_reader\0_BEM_Setup\SimResults_neighbourhoods\option_9_j3_20260602_v2\US_ASHRAE\CC-E2\CC-E2_EEM_J_ENV_HVAC_EEM4_20260604_193554\results
CC-E2,CC-E2,US_ASHRAE,1,0,1,1,EEM_J_ENV_DHW_EEM4,306.4924,169.1233,15.7966,3.9064,14.444,67.9853,28.7035,49.9738,tier3,72,2970,c:\Users\o_iseri\Desktop\idf_reader\0_BEM_Setup\SimResults_neighbourhoods\option_9_j3_20260602_v2\US_ASHRAE\CC-E2\CC-E2_EEM_J_ENV_DHW_EEM4_20260604_193555\CC-E2_EEM_J_ENV_DHW_EEM4_20260604_193555.idf,c:\Users\o_iseri\Desktop\idf_reader\0_BEM_Setup\SimResults_neighbourhoods\option_9_j3_20260602_v2\US_ASHRAE\CC-E2\CC-E2_EEM_J_ENV_DHW_EEM4_20260604_193555\results
CC-E2,CC-E2,US_ASHRAE,1,1,1,1,EEM_J_ENV_HVAC_DHW_EEM4,157.9662,17.8782,15.6533,3.9401,14.444,67.9853,31.5411,49.9738,tier3,74,3013,c:\Users\o_iseri\Desktop\idf_reader\0_BEM_Setup\SimResults_neighbourhoods\option_9_j3_20260602_v2\US_ASHRAE\CC-E2\CC-E2_EEM_J_ENV_HVAC_DHW_EEM4_20260604_193602\CC-E2_EEM_J_ENV_HVAC_DHW_EEM4_20260604_193602.idf,c:\Users\o_iseri\Desktop\idf_reader\0_BEM_Setup\SimResults_neighbourhoods\option_9_j3_20260602_v2\US_ASHRAE\CC-E2\CC-E2_EEM_J_ENV_HVAC_DHW_EEM4_20260604_193602\results
CC-E3,CC-E3,US_ASHRAE,0,0,0,0,EEM_J_DEFAULT,376.2609,187.4914,18.668,23.2689,24.506,87.0534,28.884,0.7019,native,5,1622,c:\Users\o_iseri\Desktop\idf_reader\0_BEM_Setup\SimResults_neighbourhoods\option_9_j3_20260602_v2\US_ASHRAE\CC-E3\CC-E3_EEM_J_DEFAULT_20260604_193608\CC-E3_EEM_J_DEFAULT_20260604_193608.idf,c:\Users\o_iseri\Desktop\idf_reader\0_BEM_Setup\SimResults_neighbourhoods\option_9_j3_20260602_v2\US_ASHRAE\CC-E3\CC-E3_EEM_J_DEFAULT_20260604_193608\results
CC-E3,CC-E3,US_ASHRAE,1,0,0,0,EEM_J_ENVELOPE,342.7953,151.5476,19.523,23.2229,24.5813,87.0544,30.3312,52.6817,tier3,6,1886,c:\Users\o_iseri\Desktop\idf_reader\0_BEM_Setup\SimResults_neighbourhoods\option_9_j3_20260602_v2\US_ASHRAE\CC-E3\CC-E3_EEM_J_ENVELOPE_20260604_193643\CC-E3_EEM_J_ENVELOPE_20260604_193643.idf,c:\Users\o_iseri\Desktop\idf_reader\0_BEM_Setup\SimResults_neighbourhoods\option_9_j3_20260602_v2\US_ASHRAE\CC-E3\CC-E3_EEM_J_ENVELOPE_20260604_193643\results
CC-E3,CC-E3,US_ASHRAE,0,1,0,0,EEM_J_HVAC_ONLY,207.7635,15.3573,18.4278,23.2717,24.5205,87.0534,32.7614,52.7045,tier3,6,1704,c:\Users\o_iseri\Desktop\idf_reader\0_BEM_Setup\SimResults_neighbourhoods\option_9_j3_20260602_v2\US_ASHRAE\CC-E3\CC-E3_EEM_J_HVAC_ONLY_20260604_193649\CC-E3_EEM_J_HVAC_ONLY_20260604_193649.idf,c:\Users\o_iseri\Desktop\idf_reader\0_BEM_Setup\SimResults_neighbourhoods\option_9_j3_20260602_v2\US_ASHRAE\CC-E3\CC-E3_EEM_J_HVAC_ONLY_20260604_193649\results
CC-E3,CC-E3,US_ASHRAE,0,0,1,0,EEM_J_DHW_ONLY,360.238,189.5139,18.5191,5.4925,24.5205,87.0534,28.7593,52.7045,tier3,6,2372,c:\Users\o_iseri\Desktop\idf_reader\0_BEM_Setup\SimResults_neighbourhoods\option_9_j3_20260602_v2\US_ASHRAE\CC-E3\CC-E3_EEM_J_DHW_ONLY_20260604_193701\CC-E3_EEM_J_DHW_ONLY_20260604_193701.idf,c:\Users\o_iseri\Desktop\idf_reader\0_BEM_Setup\SimResults_neighbourhoods\option_9_j3_20260602_v2\US_ASHRAE\CC-E3\CC-E3_EEM_J_DHW_ONLY_20260604_193701\results
CC-E3,CC-E3,US_ASHRAE,1,1,0,0,EEM_J_ENV_HVAC,205.4276,11.6436,19.5138,23.225,24.5813,87.0544,32.8803,52.6817,tier3,7,1964,c:\Users\o_iseri\Desktop\idf_reader\0_BEM_Setup\SimResults_neighbourhoods\option_9_j3_20260602_v2\US_ASHRAE\CC-E3\CC-E3_EEM_J_ENV_HVAC_20260604_193724\CC-E3_EEM_J_ENV_HVAC_20260604_193724.idf,c:\Users\o_iseri\Desktop\idf_reader\0_BEM_Setup\SimResults_neighbourhoods\option_9_j3_20260602_v2\US_ASHRAE\CC-E3\CC-E3_EEM_J_ENV_HVAC_20260604_193724\results
CC-E3,CC-E3,US_ASHRAE,1,0,1,0,EEM_J_ENV_DHW,326.3725,152.8719,19.4688,5.4978,24.5813,87.0544,30.3624,52.6817,tier3,34,2629,c:\Users\o_iseri\Desktop\idf_reader\0_BEM_Setup\SimResults_neighbourhoods\option_9_j3_20260602_v2\US_ASHRAE\CC-E3\CC-E3_EEM_J_ENV_DHW_20260604_193825\CC-E3_EEM_J_ENV_DHW_20260604_193825.idf,c:\Users\o_iseri\Desktop\idf_reader\0_BEM_Setup\SimResults_neighbourhoods\option_9_j3_20260602_v2\US_ASHRAE\CC-E3\CC-E3_EEM_J_ENV_DHW_20260604_193825\results
CC-E3,CC-E3,US_ASHRAE,0,1,1,0,EEM_J_HVAC_DHW,191.3409,16.6533,18.4026,5.511,24.5205,87.0534,32.8278,52.7045,tier3,6,2454,c:\Users\o_iseri\Desktop\idf_reader\0_BEM_Setup\SimResults_neighbourhoods\option_9_j3_20260602_v2\US_ASHRAE\CC-E3\CC-E3_EEM_J_HVAC_DHW_20260604_193832\CC-E3_EEM_J_HVAC_DHW_20260604_193832.idf,c:\Users\o_iseri\Desktop\idf_reader\0_BEM_Setup\SimResults_neighbourhoods\option_9_j3_20260602_v2\US_ASHRAE\CC-E3\CC-E3_EEM_J_HVAC_DHW_20260604_193832\results
CC-E3,CC-E3,US_ASHRAE,1,1,1,0,EEM_J_ENV_HVAC_DHW,188.9775,12.9028,19.4525,5.5299,24.5813,87.0544,32.9265,52.6817,tier3,41,2700,c:\Users\o_iseri\Desktop\idf_reader\0_BEM_Setup\SimResults_neighbourhoods\option_9_j3_20260602_v2\US_ASHRAE\CC-E3\CC-E3_EEM_J_ENV_HVAC_DHW_20260604_193836\CC-E3_EEM_J_ENV_HVAC_DHW_20260604_193836.idf,c:\Users\o_iseri\Desktop\idf_reader\0_BEM_Setup\SimResults_neighbourhoods\option_9_j3_20260602_v2\US_ASHRAE\CC-E3\CC-E3_EEM_J_ENV_HVAC_DHW_20260604_193836\results
CC-E3,CC-E3,US_ASHRAE,1,0,0,1,EEM_J_ENVELOPE_EEM4,309.9542,151.1431,17.0177,23.2412,13.8089,70.8573,27.5103,52.6817,tier3,6,3241,c:\Users\o_iseri\Desktop\idf_reader\0_BEM_Setup\SimResults_neighbourhoods\option_9_j3_20260602_v2\US_ASHRAE\CC-E3\CC-E3_EEM_J_ENVELOPE_EEM4_20260604_193839\CC-E3_EEM_J_ENVELOPE_EEM4_20260604_193839.idf,c:\Users\o_iseri\Desktop\idf_reader\0_BEM_Setup\SimResults_neighbourhoods\option_9_j3_20260602_v2\US_ASHRAE\CC-E3\CC-E3_EEM_J_ENVELOPE_EEM4_20260604_193839\results
CC-E3,CC-E3,US_ASHRAE,1,1,0,1,EEM_J_ENV_HVAC_EEM4,173.4882,12.1782,16.8804,23.2434,13.8089,70.8573,30.1503,52.6817,tier3,5,3330,c:\Users\o_iseri\Desktop\idf_reader\0_BEM_Setup\SimResults_neighbourhoods\option_9_j3_20260602_v2\US_ASHRAE\CC-E3\CC-E3_EEM_J_ENV_HVAC_EEM4_20260604_193843\CC-E3_EEM_J_ENV_HVAC_EEM4_20260604_193843.idf,c:\Users\o_iseri\Desktop\idf_reader\0_BEM_Setup\SimResults_neighbourhoods\option_9_j3_20260602_v2\US_ASHRAE\CC-E3\CC-E3_EEM_J_ENV_HVAC_EEM4_20260604_193843\results
CC-E3,CC-E3,US_ASHRAE,1,0,1,1,EEM_J_ENV_DHW_EEM4,293.5773,152.5127,16.9806,5.4958,13.8089,70.8573,27.5449,52.6817,tier3,26,3998,c:\Users\o_iseri\Desktop\idf_reader\0_BEM_Setup\SimResults_neighbourhoods\option_9_j3_20260602_v2\US_ASHRAE\CC-E3\CC-E3_EEM_J_ENV_DHW_EEM4_20260604_193853\CC-E3_EEM_J_ENV_DHW_EEM4_20260604_193853.idf,c:\Users\o_iseri\Desktop\idf_reader\0_BEM_Setup\SimResults_neighbourhoods\option_9_j3_20260602_v2\US_ASHRAE\CC-E3\CC-E3_EEM_J_ENV_DHW_EEM4_20260604_193853\results
CC-E3,CC-E3,US_ASHRAE,1,1,1,1,EEM_J_ENV_HVAC_DHW_EEM4,157.0542,13.4697,16.8351,5.5136,13.8089,70.8573,30.1987,52.6817,tier3,46,4081,c:\Users\o_iseri\Desktop\idf_reader\0_BEM_Setup\SimResults_neighbourhoods\option_9_j3_20260602_v2\US_ASHRAE\CC-E3\CC-E3_EEM_J_ENV_HVAC_DHW_EEM4_20260604_193856\CC-E3_EEM_J_ENV_HVAC_DHW_EEM4_20260604_193856.idf,c:\Users\o_iseri\Desktop\idf_reader\0_BEM_Setup\SimResults_neighbourhoods\option_9_j3_20260602_v2\US_ASHRAE\CC-E3\CC-E3_EEM_J_ENV_HVAC_DHW_EEM4_20260604_193856\results
CC-FD1,CC-FD1,US_ASHRAE,0,0,0,0,EEM_J_DEFAULT,188.5046,63.4809,6.6506,29.1752,12.3664,56.6738,14.5171,0.1882,native,10,2016,c:\Users\o_iseri\Desktop\idf_reader\0_BEM_Setup\SimResults_neighbourhoods\option_9_j3_20260602_v2\US_ASHRAE\CC-FD1\CC-FD1_EEM_J_DEFAULT_20260604_193939\CC-FD1_EEM_J_DEFAULT_20260604_193939.idf,c:\Users\o_iseri\Desktop\idf_reader\0_BEM_Setup\SimResults_neighbourhoods\option_9_j3_20260602_v2\US_ASHRAE\CC-FD1\CC-FD1_EEM_J_DEFAULT_20260604_193939\results
CC-FD1,CC-FD1,US_ASHRAE,1,0,0,0,EEM_J_ENVELOPE,140.3964,11.619,8.9481,29.1739,12.5712,56.6738,15.748,8.4569,tier3,55,2029,c:\Users\o_iseri\Desktop\idf_reader\0_BEM_Setup\SimResults_neighbourhoods\option_9_j3_20260602_v2\US_ASHRAE\CC-FD1\CC-FD1_EEM_J_ENVELOPE_20260604_194011\CC-FD1_EEM_J_ENVELOPE_20260604_194011.idf,c:\Users\o_iseri\Desktop\idf_reader\0_BEM_Setup\SimResults_neighbourhoods\option_9_j3_20260602_v2\US_ASHRAE\CC-FD1\CC-FD1_EEM_J_ENVELOPE_20260604_194011\results
CC-FD1,CC-FD1,US_ASHRAE,0,1,0,0,EEM_J_HVAC_ONLY,132.4052,4.66,6.5395,29.1748,12.3785,56.6738,17.3335,8.4746,tier3,11,2075,c:\Users\o_iseri\Desktop\idf_reader\0_BEM_Setup\SimResults_neighbourhoods\option_9_j3_20260602_v2\US_ASHRAE\CC-FD1\CC-FD1_EEM_J_HVAC_ONLY_20260604_194021\CC-FD1_EEM_J_HVAC_ONLY_20260604_194021.idf,c:\Users\o_iseri\Desktop\idf_reader\0_BEM_Setup\SimResults_neighbourhoods\option_9_j3_20260602_v2\US_ASHRAE\CC-FD1\CC-FD1_EEM_J_HVAC_ONLY_20260604_194021\results
CC-FD1,CC-FD1,US_ASHRAE,0,0,1,0,EEM_J_DHW_ONLY,169.331,64.0487,6.6122,9.4563,12.3785,56.6738,14.52,8.4746,tier3,8,2236,c:\Users\o_iseri\Desktop\idf_reader\0_BEM_Setup\SimResults_neighbourhoods\option_9_j3_20260602_v2\US_ASHRAE\CC-FD1\CC-FD1_EEM_J_DHW_ONLY_20260604_194043\CC-FD1_EEM_J_DHW_ONLY_20260604_194043.idf,c:\Users\o_iseri\Desktop\idf_reader\0_BEM_Setup\SimResults_neighbourhoods\option_9_j3_20260602_v2\US_ASHRAE\CC-FD1\CC-FD1_EEM_J_DHW_ONLY_20260604_194043\results
CC-FD1,CC-FD1,US_ASHRAE,1,1,0,0,EEM_J_ENV_HVAC,130.7393,0.9724,8.8328,29.1718,12.5712,56.6738,16.8524,8.4569,tier3,55,2096,c:\Users\o_iseri\Desktop\idf_reader\0_BEM_Setup\SimResults_neighbourhoods\option_9_j3_20260602_v2\US_ASHRAE\CC-FD1\CC-FD1_EEM_J_ENV_HVAC_20260604_194054\CC-FD1_EEM_J_ENV_HVAC_20260604_194054.idf,c:\Users\o_iseri\Desktop\idf_reader\0_BEM_Setup\SimResults_neighbourhoods\option_9_j3_20260602_v2\US_ASHRAE\CC-FD1\CC-FD1_EEM_J_ENV_HVAC_20260604_194054\results
CC-FD1,CC-FD1,US_ASHRAE,1,0,1,0,EEM_J_ENV_DHW,119.6756,11.5625,8.6764,9.4482,12.5703,56.6738,15.0595,8.4747,tier3,55,2279,c:\Users\o_iseri\Desktop\idf_reader\0_BEM_Setup\SimResults_neighbourhoods\option_9_j3_20260602_v2\US_ASHRAE\CC-FD1\CC-FD1_EEM_J_ENV_DHW_20260604_194156\CC-FD1_EEM_J_ENV_DHW_20260604_194156.idf,c:\Users\o_iseri\Desktop\idf_reader\0_BEM_Setup\SimResults_neighbourhoods\option_9_j3_20260602_v2\US_ASHRAE\CC-FD1\CC-FD1_EEM_J_ENV_DHW_20260604_194156\results
CC-FD1,CC-FD1,US_ASHRAE,0,1,1,0,EEM_J_HVAC_DHW,113.1737,5.0843,6.5334,9.475,12.3785,56.6738,17.3843,8.4746,tier3,8,2301,c:\Users\o_iseri\Desktop\idf_reader\0_BEM_Setup\SimResults_neighbourhoods\option_9_j3_20260602_v2\US_ASHRAE\CC-FD1\CC-FD1_EEM_J_HVAC_DHW_20260604_194232\CC-FD1_EEM_J_HVAC_DHW_20260604_194232.idf,c:\Users\o_iseri\Desktop\idf_reader\0_BEM_Setup\SimResults_neighbourhoods\option_9_j3_20260602_v2\US_ASHRAE\CC-FD1\CC-FD1_EEM_J_HVAC_DHW_20260604_194232\results
CC-FD1,CC-FD1,US_ASHRAE,1,1,1,0,EEM_J_ENV_HVAC_DHW,111.5562,1.3928,8.8261,9.5234,12.5712,56.6738,16.9039,8.4569,tier3,51,2267,c:\Users\o_iseri\Desktop\idf_reader\0_BEM_Setup\SimResults_neighbourhoods\option_9_j3_20260602_v2\US_ASHRAE\CC-FD1\CC-FD1_EEM_J_ENV_HVAC_DHW_20260604_194238\CC-FD1_EEM_J_ENV_HVAC_DHW_20260604_194238.idf,c:\Users\o_iseri\Desktop\idf_reader\0_BEM_Setup\SimResults_neighbourhoods\option_9_j3_20260602_v2\US_ASHRAE\CC-FD1\CC-FD1_EEM_J_ENV_HVAC_DHW_20260604_194238\results
CC-FD1,CC-FD1,US_ASHRAE,0,0,0,1,EEM_J_EEM4_ONLY,180.5737,69.9573,5.8765,29.1758,6.0743,50.1446,13.694,8.4746,tier3,24,2486,c:\Users\o_iseri\Desktop\idf_reader\0_BEM_Setup\SimResults_neighbourhoods\option_9_j3_20260602_v2\US_ASHRAE\CC-FD1\CC-FD1_EEM_J_EEM4_ONLY_20260604_194240\CC-FD1_EEM_J_EEM4_ONLY_20260604_194240.idf,c:\Users\o_iseri\Desktop\idf_reader\0_BEM_Setup\SimResults_neighbourhoods\option_9_j3_20260602_v2\US_ASHRAE\CC-FD1\CC-FD1_EEM_J_EEM4_ONLY_20260604_194240\results
CC-FD1,CC-FD1,US_ASHRAE,1,0,0,1,EEM_J_ENVELOPE_EEM4,126.8342,14.3274,7.4937,29.1739,6.2532,50.1446,13.7073,8.4747,tier3,56,2509,c:\Users\o_iseri\Desktop\idf_reader\0_BEM_Setup\SimResults_neighbourhoods\option_9_j3_20260602_v2\US_ASHRAE\CC-FD1\CC-FD1_EEM_J_ENVELOPE_EEM4_20260604_194240\CC-FD1_EEM_J_ENVELOPE_EEM4_20260604_194240.idf,c:\Users\o_iseri\Desktop\idf_reader\0_BEM_Setup\SimResults_neighbourhoods\option_9_j3_20260602_v2\US_ASHRAE\CC-FD1\CC-FD1_EEM_J_ENVELOPE_EEM4_20260604_194240\results
CC-FD1,CC-FD1,US_ASHRAE,0,1,0,1,EEM_J_HVAC_ONLY_EEM4,118.7822,5.2255,5.8257,29.1757,6.0743,50.1446,16.6825,8.4746,tier3,24,2546,c:\Users\o_iseri\Desktop\idf_reader\0_BEM_Setup\SimResults_neighbourhoods\option_9_j3_20260602_v2\US_ASHRAE\CC-FD1\CC-FD1_EEM_J_HVAC_ONLY_EEM4_20260604_194253\CC-FD1_EEM_J_HVAC_ONLY_EEM4_20260604_194253.idf,c:\Users\o_iseri\Desktop\idf_reader\0_BEM_Setup\SimResults_neighbourhoods\option_9_j3_20260602_v2\US_ASHRAE\CC-FD1\CC-FD1_EEM_J_HVAC_ONLY_EEM4_20260604_194253\results
CC-FD1,CC-FD1,US_ASHRAE,0,0,1,1,EEM_J_DHW_ONLY_EEM4,161.2934,70.3863,5.8706,9.4296,6.0743,50.1446,13.7376,8.4746,tier3,24,2701,c:\Users\o_iseri\Desktop\idf_reader\0_BEM_Setup\SimResults_neighbourhoods\option_9_j3_20260602_v2\US_ASHRAE\CC-FD1\CC-FD1_EEM_J_DHW_ONLY_EEM4_20260604_194254\CC-FD1_EEM_J_DHW_ONLY_EEM4_20260604_194254.idf,c:\Users\o_iseri\Desktop\idf_reader\0_BEM_Setup\SimResults_neighbourhoods\option_9_j3_20260602_v2\US_ASHRAE\CC-FD1\CC-FD1_EEM_J_DHW_ONLY_EEM4_20260604_194254\results
CC-FD1,CC-FD1,US_ASHRAE,1,1,0,1,EEM_J_ENV_HVAC_EEM4,114.8646,1.2098,7.4337,29.1726,6.2532,50.1446,14.9131,8.4747,tier3,55,2571,c:\Users\o_iseri\Desktop\idf_reader\0_BEM_Setup\SimResults_neighbourhoods\option_9_j3_20260602_v2\US_ASHRAE\CC-FD1\CC-FD1_EEM_J_ENV_HVAC_EEM4_20260604_194324\CC-FD1_EEM_J_ENV_HVAC_EEM4_20260604_194324.idf,c:\Users\o_iseri\Desktop\idf_reader\0_BEM_Setup\SimResults_neighbourhoods\option_9_j3_20260602_v2\US_ASHRAE\CC-FD1\CC-FD1_EEM_J_ENV_HVAC_EEM4_20260604_194324\results
CC-FD1,CC-FD1,US_ASHRAE,1,0,1,1,EEM_J_ENV_DHW_EEM4,107.5622,14.7509,7.4867,9.4449,6.2532,50.1446,13.747,8.4747,tier3,56,2745,c:\Users\o_iseri\Desktop\idf_reader\0_BEM_Setup\SimResults_neighbourhoods\option_9_j3_20260602_v2\US_ASHRAE\CC-FD1\CC-FD1_EEM_J_ENV_DHW_EEM4_20260604_194406\CC-FD1_EEM_J_ENV_DHW_EEM4_20260604_194406.idf,c:\Users\o_iseri\Desktop\idf_reader\0_BEM_Setup\SimResults_neighbourhoods\option_9_j3_20260602_v2\US_ASHRAE\CC-FD1\CC-FD1_EEM_J_ENV_DHW_EEM4_20260604_194406\results
CC-FD1,CC-FD1,US_ASHRAE,0,1,1,1,EEM_J_HVAC_DHW_EEM4,99.541,5.6496,5.8202,9.4567,6.0743,50.1446,16.7423,8.4746,tier3,27,2758,c:\Users\o_iseri\Desktop\idf_reader\0_BEM_Setup\SimResults_neighbourhoods\option_9_j3_20260602_v2\US_ASHRAE\CC-FD1\CC-FD1_EEM_J_HVAC_DHW_EEM4_20260604_194419\CC-FD1_EEM_J_HVAC_DHW_EEM4_20260604_194419.idf,c:\Users\o_iseri\Desktop\idf_reader\0_BEM_Setup\SimResults_neighbourhoods\option_9_j3_20260602_v2\US_ASHRAE\CC-FD1\CC-FD1_EEM_J_HVAC_DHW_EEM4_20260604_194419\results
CC-FD1,CC-FD1,US_ASHRAE,1,1,1,1,EEM_J_ENV_HVAC_DHW_EEM4,96.5975,1.6304,7.6941,9.5224,6.2536,50.1446,15.6379,8.4569,tier3,76,2744,c:\Users\o_iseri\Desktop\idf_reader\0_BEM_Setup\SimResults_neighbourhoods\option_9_j3_20260602_v2\US_ASHRAE\CC-FD1\CC-FD1_EEM_J_ENV_HVAC_DHW_EEM4_20260604_194518\CC-FD1_EEM_J_ENV_HVAC_DHW_EEM4_20260604_194518.idf,c:\Users\o_iseri\Desktop\idf_reader\0_BEM_Setup\SimResults_neighbourhoods\option_9_j3_20260602_v2\US_ASHRAE\CC-FD1\CC-FD1_EEM_J_ENV_HVAC_DHW_EEM4_20260604_194518\results
CC-FD2,CC-FD2,US_ASHRAE,0,0,0,0,EEM_J_DEFAULT,170.1959,28.5331,8.7631,22.9261,13.2291,70.1684,13.2632,1.1885,native,15,10457,c:\Users\o_iseri\Desktop\idf_reader\0_BEM_Setup\SimResults_neighbourhoods\option_9_j3_20260602_v2\US_ASHRAE\CC-FD2\CC-FD2_EEM_J_DEFAULT_20260604_194547\CC-FD2_EEM_J_DEFAULT_20260604_194547.idf,c:\Users\o_iseri\Desktop\idf_reader\0_BEM_Setup\SimResults_neighbourhoods\option_9_j3_20260602_v2\US_ASHRAE\CC-FD2\CC-FD2_EEM_J_DEFAULT_20260604_194547\results
CC-FD2,CC-FD2,US_ASHRAE,1,0,0,0,EEM_J_ENVELOPE,152.3128,6.4234,10.8445,22.924,13.3549,70.1684,15.2362,14.718,tier3,43,10501,c:\Users\o_iseri\Desktop\idf_reader\0_BEM_Setup\SimResults_neighbourhoods\option_9_j3_20260602_v2\US_ASHRAE\CC-FD2\CC-FD2_EEM_J_ENVELOPE_20260604_194603\CC-FD2_EEM_J_ENVELOPE_20260604_194603.idf,c:\Users\o_iseri\Desktop\idf_reader\0_BEM_Setup\SimResults_neighbourhoods\option_9_j3_20260602_v2\US_ASHRAE\CC-FD2\CC-FD2_EEM_J_ENVELOPE_20260604_194603\results
CC-FD2,CC-FD2,US_ASHRAE,0,1,0,0,EEM_J_HVAC_ONLY,145.9833,2.94,8.6706,22.9276,13.244,70.1684,14.7211,14.7591,tier3,15,10817,c:\Users\o_iseri\Desktop\idf_reader\0_BEM_Setup\SimResults_neighbourhoods\option_9_j3_20260602_v2\US_ASHRAE\CC-FD2\CC-FD2_EEM_J_HVAC_ONLY_20260604_194607\CC-FD2_EEM_J_HVAC_ONLY_20260604_194607.idf,c:\Users\o_iseri\Desktop\idf_reader\0_BEM_Setup\SimResults_neighbourhoods\option_9_j3_20260602_v2\US_ASHRAE\CC-FD2\CC-FD2_EEM_J_HVAC_ONLY_20260604_194607\results
CC-FD2,CC-FD2,US_ASHRAE,0,0,1,0,EEM_J_DHW_ONLY,155.089,29.6304,8.677,6.8437,13.244,70.1684,13.2095,14.7591,tier3,15,10719,c:\Users\o_iseri\Desktop\idf_reader\0_BEM_Setup\SimResults_neighbourhoods\option_9_j3_20260602_v2\US_ASHRAE\CC-FD2\CC-FD2_EEM_J_DHW_ONLY_20260604_194610\CC-FD2_EEM_J_DHW_ONLY_20260604_194610.idf,c:\Users\o_iseri\Desktop\idf_reader\0_BEM_Setup\SimResults_neighbourhoods\option_9_j3_20260602_v2\US_ASHRAE\CC-FD2\CC-FD2_EEM_J_DHW_ONLY_20260604_194610\results
CC-FD2,CC-FD2,US_ASHRAE,1,1,0,0,EEM_J_ENV_HVAC,147.7368,1.224,10.761,22.9267,13.3549,70.1684,15.9484,14.718,tier3,35,10862,c:\Users\o_iseri\Desktop\idf_reader\0_BEM_Setup\SimResults_neighbourhoods\option_9_j3_20260602_v2\US_ASHRAE\CC-FD2\CC-FD2_EEM_J_ENV_HVAC_20260604_194612\CC-FD2_EEM_J_ENV_HVAC_20260604_194612.idf,c:\Users\o_iseri\Desktop\idf_reader\0_BEM_Setup\SimResults_neighbourhoods\option_9_j3_20260602_v2\US_ASHRAE\CC-FD2\CC-FD2_EEM_J_ENV_HVAC_20260604_194612\results
CC-FD2,CC-FD2,US_ASHRAE,1,0,1,0,EEM_J_ENV_DHW,136.5899,7.5585,10.596,6.8514,13.3551,70.1684,14.6885,14.7565,tier3,25,10786,c:\Users\o_iseri\Desktop\idf_reader\0_BEM_Setup\SimResults_neighbourhoods\option_9_j3_20260602_v2\US_ASHRAE\CC-FD2\CC-FD2_EEM_J_ENV_DHW_20260604_194657\CC-FD2_EEM_J_ENV_DHW_20260604_194657.idf,c:\Users\o_iseri\Desktop\idf_reader\0_BEM_Setup\SimResults_neighbourhoods\option_9_j3_20260602_v2\US_ASHRAE\CC-FD2\CC-FD2_EEM_J_ENV_DHW_20260604_194657\results
CC-FD2,CC-FD2,US_ASHRAE,0,1,1,0,EEM_J_HVAC_DHW,130.8754,3.8457,8.6575,6.8393,13.244,70.1684,14.8096,14.7591,tier3,14,11085,c:\Users\o_iseri\Desktop\idf_reader\0_BEM_Setup\SimResults_neighbourhoods\option_9_j3_20260602_v2\US_ASHRAE\CC-FD2\CC-FD2_EEM_J_HVAC_DHW_20260604_194717\CC-FD2_EEM_J_HVAC_DHW_20260604_194717.idf,c:\Users\o_iseri\Desktop\idf_reader\0_BEM_Setup\SimResults_neighbourhoods\option_9_j3_20260602_v2\US_ASHRAE\CC-FD2\CC-FD2_EEM_J_HVAC_DHW_20260604_194717\results
CC-FD2,CC-FD2,US_ASHRAE,1,1,1,0,EEM_J_ENV_HVAC_DHW,132.662,2.1346,10.7494,6.8847,13.3549,70.1684,16.0165,14.718,tier3,43,11114,c:\Users\o_iseri\Desktop\idf_reader\0_BEM_Setup\SimResults_neighbourhoods\option_9_j3_20260602_v2\US_ASHRAE\CC-FD2\CC-FD2_EEM_J_ENV_HVAC_DHW_20260604_194722\CC-FD2_EEM_J_ENV_HVAC_DHW_20260604_194722.idf,c:\Users\o_iseri\Desktop\idf_reader\0_BEM_Setup\SimResults_neighbourhoods\option_9_j3_20260602_v2\US_ASHRAE\CC-FD2\CC-FD2_EEM_J_ENV_HVAC_DHW_20260604_194722\results
CC-FD2,CC-FD2,US_ASHRAE,0,0,0,1,EEM_J_EEM4_ONLY,156.4509,33.9671,7.5419,22.9281,6.254,60.581,11.8864,14.7591,tier3,14,11072,c:\Users\o_iseri\Desktop\idf_reader\0_BEM_Setup\SimResults_neighbourhoods\option_9_j3_20260602_v2\US_ASHRAE\CC-FD2\CC-FD2_EEM_J_EEM4_ONLY_20260604_194734\CC-FD2_EEM_J_EEM4_ONLY_20260604_194734.idf,c:\Users\o_iseri\Desktop\idf_reader\0_BEM_Setup\SimResults_neighbourhoods\option_9_j3_20260602_v2\US_ASHRAE\CC-FD2\CC-FD2_EEM_J_EEM4_ONLY_20260604_194734\results
CC-FD2,CC-FD2,US_ASHRAE,1,0,0,1,EEM_J_ENVELOPE_EEM4,133.4184,7.9076,9.1177,22.9236,6.358,60.581,13.1764,14.7565,tier3,20,11120,c:\Users\o_iseri\Desktop\idf_reader\0_BEM_Setup\SimResults_neighbourhoods\option_9_j3_20260602_v2\US_ASHRAE\CC-FD2\CC-FD2_EEM_J_ENVELOPE_EEM4_20260604_194744\CC-FD2_EEM_J_ENVELOPE_EEM4_20260604_194744.idf,c:\Users\o_iseri\Desktop\idf_reader\0_BEM_Setup\SimResults_neighbourhoods\option_9_j3_20260602_v2\US_ASHRAE\CC-FD2\CC-FD2_EEM_J_ENVELOPE_EEM4_20260604_194744\results
CC-FD2,CC-FD2,US_ASHRAE,0,1,0,1,EEM_J_HVAC_ONLY_EEM4,127.6805,3.496,7.5701,22.9301,6.254,60.581,13.562,14.7591,tier3,16,11430,c:\Users\o_iseri\Desktop\idf_reader\0_BEM_Setup\SimResults_neighbourhoods\option_9_j3_20260602_v2\US_ASHRAE\CC-FD2\CC-FD2_EEM_J_HVAC_ONLY_EEM4_20260604_194745\CC-FD2_EEM_J_HVAC_ONLY_EEM4_20260604_194745.idf,c:\Users\o_iseri\Desktop\idf_reader\0_BEM_Setup\SimResults_neighbourhoods\option_9_j3_20260602_v2\US_ASHRAE\CC-FD2\CC-FD2_EEM_J_HVAC_ONLY_EEM4_20260604_194745\results
CC-FD2,CC-FD2,US_ASHRAE,0,0,1,1,EEM_J_DHW_ONLY_EEM4,141.3173,34.9039,7.5305,6.8315,6.254,60.581,11.9246,14.7591,tier3,14,11349,c:\Users\o_iseri\Desktop\idf_reader\0_BEM_Setup\SimResults_neighbourhoods\option_9_j3_20260602_v2\US_ASHRAE\CC-FD2\CC-FD2_EEM_J_DHW_ONLY_EEM4_20260604_194757\CC-FD2_EEM_J_DHW_ONLY_EEM4_20260604_194757.idf,c:\Users\o_iseri\Desktop\idf_reader\0_BEM_Setup\SimResults_neighbourhoods\option_9_j3_20260602_v2\US_ASHRAE\CC-FD2\CC-FD2_EEM_J_DHW_ONLY_EEM4_20260604_194757\results
CC-FD2,CC-FD2,US_ASHRAE,1,1,0,1,EEM_J_ENV_HVAC_EEM4,127.774,1.4325,9.1299,22.926,6.358,60.581,13.999,14.7565,tier3,21,11486,c:\Users\o_iseri\Desktop\idf_reader\0_BEM_Setup\SimResults_neighbourhoods\option_9_j3_20260602_v2\US_ASHRAE\CC-FD2\CC-FD2_EEM_J_ENV_HVAC_EEM4_20260604_194828\CC-FD2_EEM_J_ENV_HVAC_EEM4_20260604_194828.idf,c:\Users\o_iseri\Desktop\idf_reader\0_BEM_Setup\SimResults_neighbourhoods\option_9_j3_20260602_v2\US_ASHRAE\CC-FD2\CC-FD2_EEM_J_ENV_HVAC_EEM4_20260604_194828\results
CC-FD2,CC-FD2,US_ASHRAE,1,0,1,1,EEM_J_ENV_DHW_EEM4,118.318,8.8625,9.1053,6.839,6.358,60.581,13.217,14.7565,tier3,26,11400,c:\Users\o_iseri\Desktop\idf_reader\0_BEM_Setup\SimResults_neighbourhoods\option_9_j3_20260602_v2\US_ASHRAE\CC-FD2\CC-FD2_EEM_J_ENV_DHW_EEM4_20260604_194831\CC-FD2_EEM_J_ENV_DHW_EEM4_20260604_194831.idf,c:\Users\o_iseri\Desktop\idf_reader\0_BEM_Setup\SimResults_neighbourhoods\option_9_j3_20260602_v2\US_ASHRAE\CC-FD2\CC-FD2_EEM_J_ENV_DHW_EEM4_20260604_194831\results
CC-FD2,CC-FD2,US_ASHRAE,0,1,1,1,EEM_J_HVAC_DHW_EEM4,112.5302,4.4163,7.5591,6.8394,6.254,60.581,13.5944,14.7591,tier3,21,11708,c:\Users\o_iseri\Desktop\idf_reader\0_BEM_Setup\SimResults_neighbourhoods\option_9_j3_20260602_v2\US_ASHRAE\CC-FD2\CC-FD2_EEM_J_HVAC_DHW_EEM4_20260604_194908\CC-FD2_EEM_J_HVAC_DHW_EEM4_20260604_194908.idf,c:\Users\o_iseri\Desktop\idf_reader\0_BEM_Setup\SimResults_neighbourhoods\option_9_j3_20260602_v2\US_ASHRAE\CC-FD2\CC-FD2_EEM_J_HVAC_DHW_EEM4_20260604_194908\results
CC-FD2,CC-FD2,US_ASHRAE,1,1,1,1,EEM_J_ENV_HVAC_DHW_EEM4,113.3787,2.3273,9.2882,6.872,6.3565,60.581,14.6317,14.718,tier3,48,11722,c:\Users\o_iseri\Desktop\idf_reader\0_BEM_Setup\SimResults_neighbourhoods\option_9_j3_20260602_v2\US_ASHRAE\CC-FD2\CC-FD2_EEM_J_ENV_HVAC_DHW_EEM4_20260604_194930\CC-FD2_EEM_J_ENV_HVAC_DHW_EEM4_20260604_194930.idf,c:\Users\o_iseri\Desktop\idf_reader\0_BEM_Setup\SimResults_neighbourhoods\option_9_j3_20260602_v2\US_ASHRAE\CC-FD2\CC-FD2_EEM_J_ENV_HVAC_DHW_EEM4_20260604_194930\results
CC-FD3,CC-FD3,US_ASHRAE,0,0,0,0,EEM_J_DEFAULT,167.0526,40.612,8.3866,29.495,13.4761,55.2137,12.5909,0.348,native,9,15860,c:\Users\o_iseri\Desktop\idf_reader\0_BEM_Setup\SimResults_neighbourhoods\option_9_j3_20260602_v2\US_ASHRAE\CC-FD3\CC-FD3_EEM_J_DEFAULT_20260604_195008\CC-FD3_EEM_J_DEFAULT_20260604_195008.idf,c:\Users\o_iseri\Desktop\idf_reader\0_BEM_Setup\SimResults_neighbourhoods\option_9_j3_20260602_v2\US_ASHRAE\CC-FD3\CC-FD3_EEM_J_DEFAULT_20260604_195008\results
CC-FD3,CC-FD3,US_ASHRAE,1,0,0,0,EEM_J_ENVELOPE,138.4499,7.9149,10.8447,29.4934,13.6981,55.2137,13.9496,12.2412,tier3,5,15926,c:\Users\o_iseri\Desktop\idf_reader\0_BEM_Setup\SimResults_neighbourhoods\option_9_j3_20260602_v2\US_ASHRAE\CC-FD3\CC-FD3_EEM_J_ENVELOPE_20260604_195022\CC-FD3_EEM_J_ENVELOPE_20260604_195022.idf,c:\Users\o_iseri\Desktop\idf_reader\0_BEM_Setup\SimResults_neighbourhoods\option_9_j3_20260602_v2\US_ASHRAE\CC-FD3\CC-FD3_EEM_J_ENVELOPE_20260604_195022\results
CC-FD3,CC-FD3,US_ASHRAE,0,1,0,0,EEM_J_HVAC_ONLY,132.1358,3.7568,8.2368,29.4956,13.4918,55.2137,14.6582,12.2421,tier3,11,15961,c:\Users\o_iseri\Desktop\idf_reader\0_BEM_Setup\SimResults_neighbourhoods\option_9_j3_20260602_v2\US_ASHRAE\CC-FD3\CC-FD3_EEM_J_HVAC_ONLY_20260604_195033\CC-FD3_EEM_J_HVAC_ONLY_20260604_195033.idf,c:\Users\o_iseri\Desktop\idf_reader\0_BEM_Setup\SimResults_neighbourhoods\option_9_j3_20260602_v2\US_ASHRAE\CC-FD3\CC-FD3_EEM_J_HVAC_ONLY_20260604_195033\results
CC-FD3,CC-FD3,US_ASHRAE,0,0,1,0,EEM_J_DHW_ONLY,148.0396,41.2839,8.3117,9.9198,13.4918,55.2137,12.5388,12.2421,tier3,11,16258,c:\Users\o_iseri\Desktop\idf_reader\0_BEM_Setup\SimResults_neighbourhoods\option_9_j3_20260602_v2\US_ASHRAE\CC-FD3\CC-FD3_EEM_J_DHW_ONLY_20260604_195035\CC-FD3_EEM_J_DHW_ONLY_20260604_195035.idf,c:\Users\o_iseri\Desktop\idf_reader\0_BEM_Setup\SimResults_neighbourhoods\option_9_j3_20260602_v2\US_ASHRAE\CC-FD3\CC-FD3_EEM_J_DHW_ONLY_20260604_195035\results
CC-FD3,CC-FD3,US_ASHRAE,1,1,0,0,EEM_J_ENV_HVAC,132.4419,1.1361,10.7093,29.4938,13.6981,55.2137,14.8547,12.2412,tier3,6,16011,c:\Users\o_iseri\Desktop\idf_reader\0_BEM_Setup\SimResults_neighbourhoods\option_9_j3_20260602_v2\US_ASHRAE\CC-FD3\CC-FD3_EEM_J_ENV_HVAC_20260604_195038\CC-FD3_EEM_J_ENV_HVAC_20260604_195038.idf,c:\Users\o_iseri\Desktop\idf_reader\0_BEM_Setup\SimResults_neighbourhoods\option_9_j3_20260602_v2\US_ASHRAE\CC-FD3\CC-FD3_EEM_J_ENV_HVAC_20260604_195038\results
CC-FD3,CC-FD3,US_ASHRAE,1,0,1,0,EEM_J_ENV_DHW,119.3254,8.3059,10.8454,9.9317,13.6981,55.2137,13.9949,12.2412,tier3,7,16322,c:\Users\o_iseri\Desktop\idf_reader\0_BEM_Setup\SimResults_neighbourhoods\option_9_j3_20260602_v2\US_ASHRAE\CC-FD3\CC-FD3_EEM_J_ENV_DHW_20260604_195122\CC-FD3_EEM_J_ENV_DHW_20260604_195122.idf,c:\Users\o_iseri\Desktop\idf_reader\0_BEM_Setup\SimResults_neighbourhoods\option_9_j3_20260602_v2\US_ASHRAE\CC-FD3\CC-FD3_EEM_J_ENV_DHW_20260604_195122\results
CC-FD3,CC-FD3,US_ASHRAE,0,1,1,0,EEM_J_HVAC_DHW,113.0409,4.1496,8.2375,9.9484,13.4918,55.2137,14.7172,12.2421,tier3,11,16345,c:\Users\o_iseri\Desktop\idf_reader\0_BEM_Setup\SimResults_neighbourhoods\option_9_j3_20260602_v2\US_ASHRAE\CC-FD3\CC-FD3_EEM_J_HVAC_DHW_20260604_195127\CC-FD3_EEM_J_HVAC_DHW_20260604_195127.idf,c:\Users\o_iseri\Desktop\idf_reader\0_BEM_Setup\SimResults_neighbourhoods\option_9_j3_20260602_v2\US_ASHRAE\CC-FD3\CC-FD3_EEM_J_HVAC_DHW_20260604_195127\results
CC-FD3,CC-FD3,US_ASHRAE,1,1,1,0,EEM_J_ENV_HVAC_DHW,113.3978,1.525,10.7102,9.988,13.6981,55.2137,14.9263,12.2412,tier3,6,16406,c:\Users\o_iseri\Desktop\idf_reader\0_BEM_Setup\SimResults_neighbourhoods\option_9_j3_20260602_v2\US_ASHRAE\CC-FD3\CC-FD3_EEM_J_ENV_HVAC_DHW_20260604_195146\CC-FD3_EEM_J_ENV_HVAC_DHW_20260604_195146.idf,c:\Users\o_iseri\Desktop\idf_reader\0_BEM_Setup\SimResults_neighbourhoods\option_9_j3_20260602_v2\US_ASHRAE\CC-FD3\CC-FD3_EEM_J_ENV_HVAC_DHW_20260604_195146\results
CC-FD3,CC-FD3,US_ASHRAE,0,0,0,1,EEM_J_EEM4_ONLY,157.3925,46.9786,7.2356,29.4953,6.6005,48.3444,11.448,12.2421,tier3,5,16611,c:\Users\o_iseri\Desktop\idf_reader\0_BEM_Setup\SimResults_neighbourhoods\option_9_j3_20260602_v2\US_ASHRAE\CC-FD3\CC-FD3_EEM_J_EEM4_ONLY_20260604_195157\CC-FD3_EEM_J_EEM4_ONLY_20260604_195157.idf,c:\Users\o_iseri\Desktop\idf_reader\0_BEM_Setup\SimResults_neighbourhoods\option_9_j3_20260602_v2\US_ASHRAE\CC-FD3\CC-FD3_EEM_J_EEM4_ONLY_20260604_195157\results
CC-FD3,CC-FD3,US_ASHRAE,1,0,0,1,EEM_J_ENVELOPE_EEM4,124.6729,10.7244,9.2796,29.494,6.794,48.3444,12.6517,12.2412,tier3,5,16681,c:\Users\o_iseri\Desktop\idf_reader\0_BEM_Setup\SimResults_neighbourhoods\option_9_j3_20260602_v2\US_ASHRAE\CC-FD3\CC-FD3_EEM_J_ENVELOPE_EEM4_20260604_195202\CC-FD3_EEM_J_ENVELOPE_EEM4_20260604_195202.idf,c:\Users\o_iseri\Desktop\idf_reader\0_BEM_Setup\SimResults_neighbourhoods\option_9_j3_20260602_v2\US_ASHRAE\CC-FD3\CC-FD3_EEM_J_ENVELOPE_EEM4_20260604_195202\results
CC-FD3,CC-FD3,US_ASHRAE,0,1,0,1,EEM_J_HVAC_ONLY_EEM4,117.2919,4.5146,7.1952,29.495,6.6005,48.3444,13.8491,12.2421,tier3,6,16705,c:\Users\o_iseri\Desktop\idf_reader\0_BEM_Setup\SimResults_neighbourhoods\option_9_j3_20260602_v2\US_ASHRAE\CC-FD3\CC-FD3_EEM_J_HVAC_ONLY_EEM4_20260604_195209\CC-FD3_EEM_J_HVAC_ONLY_EEM4_20260604_195209.idf,c:\Users\o_iseri\Desktop\idf_reader\0_BEM_Setup\SimResults_neighbourhoods\option_9_j3_20260602_v2\US_ASHRAE\CC-FD3\CC-FD3_EEM_J_HVAC_ONLY_EEM4_20260604_195209\results
CC-FD3,CC-FD3,US_ASHRAE,0,0,1,1,EEM_J_DHW_ONLY_EEM4,138.251,47.3758,7.2363,9.9108,6.6005,48.3444,11.4933,12.2421,tier3,5,16991,c:\Users\o_iseri\Desktop\idf_reader\0_BEM_Setup\SimResults_neighbourhoods\option_9_j3_20260602_v2\US_ASHRAE\CC-FD3\CC-FD3_EEM_J_DHW_ONLY_EEM4_20260604_195226\CC-FD3_EEM_J_DHW_ONLY_EEM4_20260604_195226.idf,c:\Users\o_iseri\Desktop\idf_reader\0_BEM_Setup\SimResults_neighbourhoods\option_9_j3_20260602_v2\US_ASHRAE\CC-FD3\CC-FD3_EEM_J_DHW_ONLY_EEM4_20260604_195226\results
CC-FD3,CC-FD3,US_ASHRAE,1,1,0,1,EEM_J_ENV_HVAC_EEM4,116.4052,1.4346,9.2192,29.4944,6.794,48.3444,13.7303,12.2412,tier3,10,16777,c:\Users\o_iseri\Desktop\idf_reader\0_BEM_Setup\SimResults_neighbourhoods\option_9_j3_20260602_v2\US_ASHRAE\CC-FD3\CC-FD3_EEM_J_ENV_HVAC_EEM4_20260604_195241\CC-FD3_EEM_J_ENV_HVAC_EEM4_20260604_195241.idf,c:\Users\o_iseri\Desktop\idf_reader\0_BEM_Setup\SimResults_neighbourhoods\option_9_j3_20260602_v2\US_ASHRAE\CC-FD3\CC-FD3_EEM_J_ENV_HVAC_EEM4_20260604_195241\results
CC-FD3,CC-FD3,US_ASHRAE,1,0,1,1,EEM_J_ENV_DHW_EEM4,105.5528,11.1388,9.2803,9.9157,6.794,48.3444,12.6946,12.2412,tier3,6,17071,c:\Users\o_iseri\Desktop\idf_reader\0_BEM_Setup\SimResults_neighbourhoods\option_9_j3_20260602_v2\US_ASHRAE\CC-FD3\CC-FD3_EEM_J_ENV_DHW_EEM4_20260604_195301\CC-FD3_EEM_J_ENV_DHW_EEM4_20260604_195301.idf,c:\Users\o_iseri\Desktop\idf_reader\0_BEM_Setup\SimResults_neighbourhoods\option_9_j3_20260602_v2\US_ASHRAE\CC-FD3\CC-FD3_EEM_J_ENV_DHW_EEM4_20260604_195301\results
CC-FD3,CC-FD3,US_ASHRAE,0,1,1,1,EEM_J_HVAC_DHW_EEM4,98.106,4.9204,7.1958,9.9216,6.6005,48.3444,13.8306,12.2421,tier3,6,17090,c:\Users\o_iseri\Desktop\idf_reader\0_BEM_Setup\SimResults_neighbourhoods\option_9_j3_20260602_v2\US_ASHRAE\CC-FD3\CC-FD3_EEM_J_HVAC_DHW_EEM4_20260604_195317\CC-FD3_EEM_J_HVAC_DHW_EEM4_20260604_195317.idf,c:\Users\o_iseri\Desktop\idf_reader\0_BEM_Setup\SimResults_neighbourhoods\option_9_j3_20260602_v2\US_ASHRAE\CC-FD3\CC-FD3_EEM_J_HVAC_DHW_EEM4_20260604_195317\results
CC-FD3,CC-FD3,US_ASHRAE,1,1,1,1,EEM_J_ENV_HVAC_DHW_EEM4,97.2759,1.8248,9.2198,9.9415,6.794,48.3444,13.7635,12.2412,tier3,9,17177,c:\Users\o_iseri\Desktop\idf_reader\0_BEM_Setup\SimResults_neighbourhoods\option_9_j3_20260602_v2\US_ASHRAE\CC-FD3\CC-FD3_EEM_J_ENV_HVAC_DHW_EEM4_20260604_195344\CC-FD3_EEM_J_ENV_HVAC_DHW_EEM4_20260604_195344.idf,c:\Users\o_iseri\Desktop\idf_reader\0_BEM_Setup\SimResults_neighbourhoods\option_9_j3_20260602_v2\US_ASHRAE\CC-FD3\CC-FD3_EEM_J_ENV_HVAC_DHW_EEM4_20260604_195344\results
RC-MR1,RC-MR1,CAN_MTL,0,0,0,0,EEM_J_DEFAULT,113.6344,21.6226,8.4987,37.7626,5.0929,30.9992,7.7857,0,native,0,1253,c:\Users\o_iseri\Desktop\idf_reader\0_BEM_Setup\SimResults_neighbourhoods\option_9_j2_20260531_v1\CAN_MTL\RC-MR1\RC-MR1_EEM_J_DEFAULT_20260531_113053\RC-MR1_EEM_J_DEFAULT_20260531_113053.idf,c:\Users\o_iseri\Desktop\idf_reader\0_BEM_Setup\SimResults_neighbourhoods\option_9_j2_20260531_v1\CAN_MTL\RC-MR1\RC-MR1_EEM_J_DEFAULT_20260531_113053\results
RC-MR1,RC-MR1,CAN_MTL,1,0,0,0,EEM_J_ENVELOPE,100.522,7.3181,10.0583,37.3344,5.0929,30.9992,7.8464,74.6133,tier3,0,1347,c:\Users\o_iseri\Desktop\idf_reader\0_BEM_Setup\SimResults_neighbourhoods\option_9_j2_20260531_v1\CAN_MTL\RC-MR1\RC-MR1_EEM_J_ENVELOPE_20260531_113102\RC-MR1_EEM_J_ENVELOPE_20260531_113102.idf,c:\Users\o_iseri\Desktop\idf_reader\0_BEM_Setup\SimResults_neighbourhoods\option_9_j2_20260531_v1\CAN_MTL\RC-MR1\RC-MR1_EEM_J_ENVELOPE_20260531_113102\results
RC-MR1,RC-MR1,CAN_MTL,0,1,0,0,EEM_J_HVAC_ONLY,99.9977,6.5408,9.5196,37.7752,5.0929,30.9992,8.1974,74.6263,tier3,0,1442,c:\Users\o_iseri\Desktop\idf_reader\0_BEM_Setup\SimResults_neighbourhoods\option_9_j2_20260531_v1\CAN_MTL\RC-MR1\RC-MR1_EEM_J_HVAC_ONLY_20260531_113110\RC-MR1_EEM_J_HVAC_ONLY_20260531_113110.idf,c:\Users\o_iseri\Desktop\idf_reader\0_BEM_Setup\SimResults_neighbourhoods\option_9_j2_20260531_v1\CAN_MTL\RC-MR1\RC-MR1_EEM_J_HVAC_ONLY_20260531_113110\results
RC-MR1,RC-MR1,CAN_MTL,0,0,1,0,EEM_J_DHW_ONLY,91.41,21.9175,8.3398,15.386,5.0929,30.9992,7.8018,74.6263,tier3,32,2156,c:\Users\o_iseri\Desktop\idf_reader\0_BEM_Setup\SimResults_neighbourhoods\option_9_j2_20260531_v1\CAN_MTL\RC-MR1\RC-MR1_EEM_J_DHW_ONLY_20260531_113116\RC-MR1_EEM_J_DHW_ONLY_20260531_113116.idf,c:\Users\o_iseri\Desktop\idf_reader\0_BEM_Setup\SimResults_neighbourhoods\option_9_j2_20260531_v1\CAN_MTL\RC-MR1\RC-MR1_EEM_J_DHW_ONLY_20260531_113116\results
RC-MR1,RC-MR1,CAN_MTL,1,1,0,0,EEM_J_ENV_HVAC,96.6525,2.4097,11.1556,37.3453,5.0929,30.9992,7.7772,74.6133,tier3,0,1493,c:\Users\o_iseri\Desktop\idf_reader\0_BEM_Setup\SimResults_neighbourhoods\option_9_j2_20260531_v1\CAN_MTL\RC-MR1\RC-MR1_EEM_J_ENV_HVAC_20260531_113117\RC-MR1_EEM_J_ENV_HVAC_20260531_113117.idf,c:\Users\o_iseri\Desktop\idf_reader\0_BEM_Setup\SimResults_neighbourhoods\option_9_j2_20260531_v1\CAN_MTL\RC-MR1\RC-MR1_EEM_J_ENV_HVAC_20260531_113117\results
RC-MR1,RC-MR1,CAN_MTL,1,0,1,0,EEM_J_ENV_DHW,78.3511,7.4833,9.8573,15.2015,5.0929,30.9992,7.8442,74.6133,tier3,212,2260,c:\Users\o_iseri\Desktop\idf_reader\0_BEM_Setup\SimResults_neighbourhoods\option_9_j2_20260531_v1\CAN_MTL\RC-MR1\RC-MR1_EEM_J_ENV_DHW_20260531_113129\RC-MR1_EEM_J_ENV_DHW_20260531_113129.idf,c:\Users\o_iseri\Desktop\idf_reader\0_BEM_Setup\SimResults_neighbourhoods\option_9_j2_20260531_v1\CAN_MTL\RC-MR1\RC-MR1_EEM_J_ENV_DHW_20260531_113129\results
RC-MR1,RC-MR1,CAN_MTL,0,1,1,0,EEM_J_HVAC_DHW,77.5154,6.6007,9.3223,15.3855,5.0929,30.9992,8.2421,74.6263,tier3,16,2342,c:\Users\o_iseri\Desktop\idf_reader\0_BEM_Setup\SimResults_neighbourhoods\option_9_j2_20260531_v1\CAN_MTL\RC-MR1\RC-MR1_EEM_J_HVAC_DHW_20260531_113135\RC-MR1_EEM_J_HVAC_DHW_20260531_113135.idf,c:\Users\o_iseri\Desktop\idf_reader\0_BEM_Setup\SimResults_neighbourhoods\option_9_j2_20260531_v1\CAN_MTL\RC-MR1\RC-MR1_EEM_J_HVAC_DHW_20260531_113135\results
RC-MR1,RC-MR1,CAN_MTL,1,1,1,0,EEM_J_ENV_HVAC_DHW,74.3183,2.4375,10.9133,15.1978,5.0929,30.9992,7.8049,74.6133,tier3,155,2387,c:\Users\o_iseri\Desktop\idf_reader\0_BEM_Setup\SimResults_neighbourhoods\option_9_j2_20260531_v1\CAN_MTL\RC-MR1\RC-MR1_EEM_J_ENV_HVAC_DHW_20260531_113140\RC-MR1_EEM_J_ENV_HVAC_DHW_20260531_113140.idf,c:\Users\o_iseri\Desktop\idf_reader\0_BEM_Setup\SimResults_neighbourhoods\option_9_j2_20260531_v1\CAN_MTL\RC-MR1\RC-MR1_EEM_J_ENV_HVAC_DHW_20260531_113140\results
RC-MR1,RC-MR1,CAN_MTL,1,0,0,1,EEM_J_ENVELOPE_EEM4,84.9227,10.2137,7.7104,37.363,2.3442,18.4658,6.953,74.6133,tier3,0,1797,c:\Users\o_iseri\Desktop\idf_reader\0_BEM_Setup\SimResults_neighbourhoods\option_9_j2_20260531_v1\CAN_MTL\RC-MR1\RC-MR1_EEM_J_ENVELOPE_EEM4_20260531_113140\RC-MR1_EEM_J_ENVELOPE_EEM4_20260531_113140.idf,c:\Users\o_iseri\Desktop\idf_reader\0_BEM_Setup\SimResults_neighbourhoods\option_9_j2_20260531_v1\CAN_MTL\RC-MR1\RC-MR1_EEM_J_ENVELOPE_EEM4_20260531_113140\results
RC-MR1,RC-MR1,CAN_MTL,1,1,0,1,EEM_J_ENV_HVAC_EEM4,78.7087,3.0669,8.4546,37.371,2.3442,18.4658,7.1336,74.6133,tier3,0,1916,c:\Users\o_iseri\Desktop\idf_reader\0_BEM_Setup\SimResults_neighbourhoods\option_9_j2_20260531_v1\CAN_MTL\RC-MR1\RC-MR1_EEM_J_ENV_HVAC_EEM4_20260531_113145\RC-MR1_EEM_J_ENV_HVAC_EEM4_20260531_113145.idf,c:\Users\o_iseri\Desktop\idf_reader\0_BEM_Setup\SimResults_neighbourhoods\option_9_j2_20260531_v1\CAN_MTL\RC-MR1\RC-MR1_EEM_J_ENV_HVAC_EEM4_20260531_113145\results
RC-MR1,RC-MR1,CAN_MTL,1,0,1,1,EEM_J_ENV_DHW_EEM4,62.7998,10.4239,7.5272,15.2141,2.3442,18.4658,6.952,74.6133,tier3,22,2690,c:\Users\o_iseri\Desktop\idf_reader\0_BEM_Setup\SimResults_neighbourhoods\option_9_j2_20260531_v1\CAN_MTL\RC-MR1\RC-MR1_EEM_J_ENV_DHW_EEM4_20260531_113146\RC-MR1_EEM_J_ENV_DHW_EEM4_20260531_113146.idf,c:\Users\o_iseri\Desktop\idf_reader\0_BEM_Setup\SimResults_neighbourhoods\option_9_j2_20260531_v1\CAN_MTL\RC-MR1\RC-MR1_EEM_J_ENV_DHW_EEM4_20260531_113146\results
RC-MR1,RC-MR1,CAN_MTL,1,1,1,1,EEM_J_ENV_HVAC_DHW_EEM4,56.3728,3.1007,8.2137,15.2136,2.3442,18.4658,7.1621,74.6133,tier3,32,2809,c:\Users\o_iseri\Desktop\idf_reader\0_BEM_Setup\SimResults_neighbourhoods\option_9_j2_20260531_v1\CAN_MTL\RC-MR1\RC-MR1_EEM_J_ENV_HVAC_DHW_EEM4_20260531_113150\RC-MR1_EEM_J_ENV_HVAC_DHW_EEM4_20260531_113150.idf,c:\Users\o_iseri\Desktop\idf_reader\0_BEM_Setup\SimResults_neighbourhoods\option_9_j2_20260531_v1\CAN_MTL\RC-MR1\RC-MR1_EEM_J_ENV_HVAC_DHW_EEM4_20260531_113150\results
RC-MR2,RC-MR2,CAN_MTL,0,0,0,0,EEM_J_DEFAULT,107.0193,20.6535,8.29,43.6002,4.7934,19.3399,8.1037,0,native,0,7626,c:\Users\o_iseri\Desktop\idf_reader\0_BEM_Setup\SimResults_neighbourhoods\option_9_j2_20260531_v1\CAN_MTL\RC-MR2\RC-MR2_EEM_J_DEFAULT_20260531_113203\RC-MR2_EEM_J_DEFAULT_20260531_113203.idf,c:\Users\o_iseri\Desktop\idf_reader\0_BEM_Setup\SimResults_neighbourhoods\option_9_j2_20260531_v1\CAN_MTL\RC-MR2\RC-MR2_EEM_J_DEFAULT_20260531_113203\results
RC-MR2,RC-MR2,CAN_MTL,1,0,0,0,EEM_J_ENVELOPE,99.1496,11.8151,9.4614,43.5565,4.7934,19.3399,7.9446,66.7586,tier3,0,7658,c:\Users\o_iseri\Desktop\idf_reader\0_BEM_Setup\SimResults_neighbourhoods\option_9_j2_20260531_v1\CAN_MTL\RC-MR2\RC-MR2_EEM_J_ENVELOPE_20260531_113212\RC-MR2_EEM_J_ENVELOPE_20260531_113212.idf,c:\Users\o_iseri\Desktop\idf_reader\0_BEM_Setup\SimResults_neighbourhoods\option_9_j2_20260531_v1\CAN_MTL\RC-MR2\RC-MR2_EEM_J_ENVELOPE_20260531_113212\results
RC-MR2,RC-MR2,CAN_MTL,0,1,0,0,EEM_J_HVAC_ONLY,94.3429,6.138,9.9564,43.6192,4.7934,19.3399,8.2573,66.7586,tier3,0,8220,c:\Users\o_iseri\Desktop\idf_reader\0_BEM_Setup\SimResults_neighbourhoods\option_9_j2_20260531_v1\CAN_MTL\RC-MR2\RC-MR2_EEM_J_HVAC_ONLY_20260531_113214\RC-MR2_EEM_J_HVAC_ONLY_20260531_113214.idf,c:\Users\o_iseri\Desktop\idf_reader\0_BEM_Setup\SimResults_neighbourhoods\option_9_j2_20260531_v1\CAN_MTL\RC-MR2\RC-MR2_EEM_J_HVAC_ONLY_20260531_113214\results
RC-MR2,RC-MR2,CAN_MTL,0,0,1,0,EEM_J_DHW_ONLY,80.9826,21.1155,8.0526,17.3309,4.7934,19.3399,8.1117,66.7586,tier3,18,10276,c:\Users\o_iseri\Desktop\idf_reader\0_BEM_Setup\SimResults_neighbourhoods\option_9_j2_20260531_v1\CAN_MTL\RC-MR2\RC-MR2_EEM_J_DHW_ONLY_20260531_113216\RC-MR2_EEM_J_DHW_ONLY_20260531_113216.idf,c:\Users\o_iseri\Desktop\idf_reader\0_BEM_Setup\SimResults_neighbourhoods\option_9_j2_20260531_v1\CAN_MTL\RC-MR2\RC-MR2_EEM_J_DHW_ONLY_20260531_113216\results
RC-MR2,RC-MR2,CAN_MTL,1,1,0,0,EEM_J_ENV_HVAC,92.4036,3.5246,11.182,43.574,4.7934,19.3399,7.7511,66.7586,tier3,0,8249,c:\Users\o_iseri\Desktop\idf_reader\0_BEM_Setup\SimResults_neighbourhoods\option_9_j2_20260531_v1\CAN_MTL\RC-MR2\RC-MR2_EEM_J_ENV_HVAC_20260531_113230\RC-MR2_EEM_J_ENV_HVAC_20260531_113230.idf,c:\Users\o_iseri\Desktop\idf_reader\0_BEM_Setup\SimResults_neighbourhoods\option_9_j2_20260531_v1\CAN_MTL\RC-MR2\RC-MR2_EEM_J_ENV_HVAC_20260531_113230\results
RC-MR2,RC-MR2,CAN_MTL,1,0,1,0,EEM_J_ENV_DHW,72.7473,12.069,9.175,17.2089,4.7934,19.3399,7.9224,66.7586,tier3,34,10275,c:\Users\o_iseri\Desktop\idf_reader\0_BEM_Setup\SimResults_neighbourhoods\option_9_j2_20260531_v1\CAN_MTL\RC-MR2\RC-MR2_EEM_J_ENV_DHW_20260531_113249\RC-MR2_EEM_J_ENV_DHW_20260531_113249.idf,c:\Users\o_iseri\Desktop\idf_reader\0_BEM_Setup\SimResults_neighbourhoods\option_9_j2_20260531_v1\CAN_MTL\RC-MR2\RC-MR2_EEM_J_ENV_DHW_20260531_113249\results
RC-MR2,RC-MR2,CAN_MTL,0,1,1,0,EEM_J_HVAC_DHW,67.9104,6.2337,9.6678,17.3321,4.7934,19.3399,8.3048,66.7586,tier3,19,10852,c:\Users\o_iseri\Desktop\idf_reader\0_BEM_Setup\SimResults_neighbourhoods\option_9_j2_20260531_v1\CAN_MTL\RC-MR2\RC-MR2_EEM_J_HVAC_DHW_20260531_113251\RC-MR2_EEM_J_HVAC_DHW_20260531_113251.idf,c:\Users\o_iseri\Desktop\idf_reader\0_BEM_Setup\SimResults_neighbourhoods\option_9_j2_20260531_v1\CAN_MTL\RC-MR2\RC-MR2_EEM_J_HVAC_DHW_20260531_113251\results
RC-MR2,RC-MR2,CAN_MTL,1,1,1,0,EEM_J_ENV_HVAC_DHW,65.7366,3.5513,10.8369,17.2055,4.7934,19.3399,7.771,66.7586,tier3,40,10867,c:\Users\o_iseri\Desktop\idf_reader\0_BEM_Setup\SimResults_neighbourhoods\option_9_j2_20260531_v1\CAN_MTL\RC-MR2\RC-MR2_EEM_J_ENV_HVAC_DHW_20260531_113255\RC-MR2_EEM_J_ENV_HVAC_DHW_20260531_113255.idf,c:\Users\o_iseri\Desktop\idf_reader\0_BEM_Setup\SimResults_neighbourhoods\option_9_j2_20260531_v1\CAN_MTL\RC-MR2\RC-MR2_EEM_J_ENV_HVAC_DHW_20260531_113255\results
RC-MR2,RC-MR2,CAN_MTL,1,0,0,1,EEM_J_ENVELOPE_EEM4,87.6065,14.6639,7.1074,43.5702,1.9769,11.1883,6.8613,66.7586,tier3,0,9338,c:\Users\o_iseri\Desktop\idf_reader\0_BEM_Setup\SimResults_neighbourhoods\option_9_j2_20260531_v1\CAN_MTL\RC-MR2\RC-MR2_EEM_J_ENVELOPE_EEM4_20260531_113257\RC-MR2_EEM_J_ENVELOPE_EEM4_20260531_113257.idf,c:\Users\o_iseri\Desktop\idf_reader\0_BEM_Setup\SimResults_neighbourhoods\option_9_j2_20260531_v1\CAN_MTL\RC-MR2\RC-MR2_EEM_J_ENVELOPE_EEM4_20260531_113257\results
RC-MR2,RC-MR2,CAN_MTL,1,1,0,1,EEM_J_ENV_HVAC_EEM4,78.0833,3.7838,8.3317,43.6047,1.9769,11.1883,6.9593,66.7586,tier3,0,9918,c:\Users\o_iseri\Desktop\idf_reader\0_BEM_Setup\SimResults_neighbourhoods\option_9_j2_20260531_v1\CAN_MTL\RC-MR2\RC-MR2_EEM_J_ENV_HVAC_EEM4_20260531_113303\RC-MR2_EEM_J_ENV_HVAC_EEM4_20260531_113303.idf,c:\Users\o_iseri\Desktop\idf_reader\0_BEM_Setup\SimResults_neighbourhoods\option_9_j2_20260531_v1\CAN_MTL\RC-MR2\RC-MR2_EEM_J_ENV_HVAC_EEM4_20260531_113303\results
RC-MR2,RC-MR2,CAN_MTL,1,0,1,1,EEM_J_ENV_DHW_EEM4,61.3476,15.0098,6.8555,17.2115,1.9769,11.1883,6.867,66.7586,tier3,29,11986,c:\Users\o_iseri\Desktop\idf_reader\0_BEM_Setup\SimResults_neighbourhoods\option_9_j2_20260531_v1\CAN_MTL\RC-MR2\RC-MR2_EEM_J_ENV_DHW_EEM4_20260531_113304\RC-MR2_EEM_J_ENV_DHW_EEM4_20260531_113304.idf,c:\Users\o_iseri\Desktop\idf_reader\0_BEM_Setup\SimResults_neighbourhoods\option_9_j2_20260531_v1\CAN_MTL\RC-MR2\RC-MR2_EEM_J_ENV_DHW_EEM4_20260531_113304\results
RC-MR2,RC-MR2,CAN_MTL,1,1,1,1,EEM_J_ENV_HVAC_DHW_EEM4,51.4835,3.8522,8.019,17.2084,1.9769,11.1883,7.0001,66.7586,tier3,22,12563,c:\Users\o_iseri\Desktop\idf_reader\0_BEM_Setup\SimResults_neighbourhoods\option_9_j2_20260531_v1\CAN_MTL\RC-MR2\RC-MR2_EEM_J_ENV_HVAC_DHW_EEM4_20260531_113314\RC-MR2_EEM_J_ENV_HVAC_DHW_EEM4_20260531_113314.idf,c:\Users\o_iseri\Desktop\idf_reader\0_BEM_Setup\SimResults_neighbourhoods\option_9_j2_20260531_v1\CAN_MTL\RC-MR2\RC-MR2_EEM_J_ENV_HVAC_DHW_EEM4_20260531_113314\results
RC-MR3,RC-MR3,CAN_MTL,0,0,0,0,EEM_J_DEFAULT,107.0162,21.1027,7.9534,43.6029,4.7933,19.3398,7.9855,0,native,0,11196,c:\Users\o_iseri\Desktop\idf_reader\0_BEM_Setup\SimResults_neighbourhoods\option_9_j2_20260531_v1\CAN_MTL\RC-MR3\RC-MR3_EEM_J_DEFAULT_20260531_113316\RC-MR3_EEM_J_DEFAULT_20260531_113316.idf,c:\Users\o_iseri\Desktop\idf_reader\0_BEM_Setup\SimResults_neighbourhoods\option_9_j2_20260531_v1\CAN_MTL\RC-MR3\RC-MR3_EEM_J_DEFAULT_20260531_113316\results
RC-MR3,RC-MR3,CAN_MTL,1,0,0,0,EEM_J_ENVELOPE,99.0023,12.1673,9.0974,43.5579,4.7933,19.3398,7.808,66.7586,tier3,0,11248,c:\Users\o_iseri\Desktop\idf_reader\0_BEM_Setup\SimResults_neighbourhoods\option_9_j2_20260531_v1\CAN_MTL\RC-MR3\RC-MR3_EEM_J_ENVELOPE_20260531_113331\RC-MR3_EEM_J_ENVELOPE_20260531_113331.idf,c:\Users\o_iseri\Desktop\idf_reader\0_BEM_Setup\SimResults_neighbourhoods\option_9_j2_20260531_v1\CAN_MTL\RC-MR3\RC-MR3_EEM_J_ENVELOPE_20260531_113331\results
RC-MR3,RC-MR3,CAN_MTL,0,1,0,0,EEM_J_HVAC_ONLY,93.9834,6.246,9.5662,43.6219,4.7933,19.3398,8.1775,66.7586,tier3,0,12077,c:\Users\o_iseri\Desktop\idf_reader\0_BEM_Setup\SimResults_neighbourhoods\option_9_j2_20260531_v1\CAN_MTL\RC-MR3\RC-MR3_EEM_J_HVAC_ONLY_20260531_113335\RC-MR3_EEM_J_HVAC_ONLY_20260531_113335.idf,c:\Users\o_iseri\Desktop\idf_reader\0_BEM_Setup\SimResults_neighbourhoods\option_9_j2_20260531_v1\CAN_MTL\RC-MR3\RC-MR3_EEM_J_HVAC_ONLY_20260531_113335\results
RC-MR3,RC-MR3,CAN_MTL,0,0,1,0,EEM_J_DHW_ONLY,80.9984,21.5836,7.7198,17.3338,4.7933,19.3398,7.9894,66.7586,tier3,23,15170,c:\Users\o_iseri\Desktop\idf_reader\0_BEM_Setup\SimResults_neighbourhoods\option_9_j2_20260531_v1\CAN_MTL\RC-MR3\RC-MR3_EEM_J_DHW_ONLY_20260531_113340\RC-MR3_EEM_J_DHW_ONLY_20260531_113340.idf,c:\Users\o_iseri\Desktop\idf_reader\0_BEM_Setup\SimResults_neighbourhoods\option_9_j2_20260531_v1\CAN_MTL\RC-MR3\RC-MR3_EEM_J_DHW_ONLY_20260531_113340\results
RC-MR3,RC-MR3,CAN_MTL,1,1,0,0,EEM_J_ENV_HVAC,91.9561,3.5937,10.7589,43.5756,4.7933,19.3398,7.6561,66.7586,tier3,0,12140,c:\Users\o_iseri\Desktop\idf_reader\0_BEM_Setup\SimResults_neighbourhoods\option_9_j2_20260531_v1\CAN_MTL\RC-MR3\RC-MR3_EEM_J_ENV_HVAC_20260531_113347\RC-MR3_EEM_J_ENV_HVAC_20260531_113347.idf,c:\Users\o_iseri\Desktop\idf_reader\0_BEM_Setup\SimResults_neighbourhoods\option_9_j2_20260531_v1\CAN_MTL\RC-MR3\RC-MR3_EEM_J_ENV_HVAC_20260531_113347\results
RC-MR3,RC-MR3,CAN_MTL,1,0,1,0,EEM_J_ENV_DHW,72.6071,12.4235,8.8105,17.2164,4.7933,19.3398,7.7849,66.7586,tier3,39,15171,c:\Users\o_iseri\Desktop\idf_reader\0_BEM_Setup\SimResults_neighbourhoods\option_9_j2_20260531_v1\CAN_MTL\RC-MR3\RC-MR3_EEM_J_ENV_DHW_20260531_113429\RC-MR3_EEM_J_ENV_DHW_20260531_113429.idf,c:\Users\o_iseri\Desktop\idf_reader\0_BEM_Setup\SimResults_neighbourhoods\option_9_j2_20260531_v1\CAN_MTL\RC-MR3\RC-MR3_EEM_J_ENV_DHW_20260531_113429\results
RC-MR3,RC-MR3,CAN_MTL,0,1,1,0,EEM_J_HVAC_DHW,67.5488,6.3417,9.2787,17.3318,4.7933,19.3398,8.2249,66.7586,tier3,25,16040,c:\Users\o_iseri\Desktop\idf_reader\0_BEM_Setup\SimResults_neighbourhoods\option_9_j2_20260531_v1\CAN_MTL\RC-MR3\RC-MR3_EEM_J_HVAC_DHW_20260531_113439\RC-MR3_EEM_J_HVAC_DHW_20260531_113439.idf,c:\Users\o_iseri\Desktop\idf_reader\0_BEM_Setup\SimResults_neighbourhoods\option_9_j2_20260531_v1\CAN_MTL\RC-MR3\RC-MR3_EEM_J_HVAC_DHW_20260531_113439\results
RC-MR3,RC-MR3,CAN_MTL,1,1,1,0,EEM_J_ENV_HVAC_DHW,65.2989,3.6185,10.4151,17.2178,4.7933,19.3398,7.6758,66.7586,tier3,56,16043,c:\Users\o_iseri\Desktop\idf_reader\0_BEM_Setup\SimResults_neighbourhoods\option_9_j2_20260531_v1\CAN_MTL\RC-MR3\RC-MR3_EEM_J_ENV_HVAC_DHW_20260531_113441\RC-MR3_EEM_J_ENV_HVAC_DHW_20260531_113441.idf,c:\Users\o_iseri\Desktop\idf_reader\0_BEM_Setup\SimResults_neighbourhoods\option_9_j2_20260531_v1\CAN_MTL\RC-MR3\RC-MR3_EEM_J_ENV_HVAC_DHW_20260531_113441\results
RC-MR3,RC-MR3,CAN_MTL,1,0,0,1,EEM_J_ENVELOPE_EEM4,87.5668,15.0639,6.7647,43.5718,2.0009,11.1883,6.7384,66.7586,tier3,0,13780,c:\Users\o_iseri\Desktop\idf_reader\0_BEM_Setup\SimResults_neighbourhoods\option_9_j2_20260531_v1\CAN_MTL\RC-MR3\RC-MR3_EEM_J_ENVELOPE_EEM4_20260531_113447\RC-MR3_EEM_J_ENVELOPE_EEM4_20260531_113447.idf,c:\Users\o_iseri\Desktop\idf_reader\0_BEM_Setup\SimResults_neighbourhoods\option_9_j2_20260531_v1\CAN_MTL\RC-MR3\RC-MR3_EEM_J_ENVELOPE_EEM4_20260531_113447\results
RC-MR3,RC-MR3,CAN_MTL,1,1,0,1,EEM_J_ENV_HVAC_EEM4,77.6538,3.8216,7.9297,43.6101,2.0009,11.1883,6.8645,66.7586,tier3,5,14644,c:\Users\o_iseri\Desktop\idf_reader\0_BEM_Setup\SimResults_neighbourhoods\option_9_j2_20260531_v1\CAN_MTL\RC-MR3\RC-MR3_EEM_J_ENV_HVAC_EEM4_20260531_113455\RC-MR3_EEM_J_ENV_HVAC_EEM4_20260531_113455.idf,c:\Users\o_iseri\Desktop\idf_reader\0_BEM_Setup\SimResults_neighbourhoods\option_9_j2_20260531_v1\CAN_MTL\RC-MR3\RC-MR3_EEM_J_ENV_HVAC_EEM4_20260531_113455\results
RC-MR3,RC-MR3,CAN_MTL,1,0,1,1,EEM_J_ENV_DHW_EEM4,61.3409,15.4293,6.5241,17.2145,2.0009,11.1883,6.745,66.7586,tier3,25,17747,c:\Users\o_iseri\Desktop\idf_reader\0_BEM_Setup\SimResults_neighbourhoods\option_9_j2_20260531_v1\CAN_MTL\RC-MR3\RC-MR3_EEM_J_ENV_DHW_EEM4_20260531_113458\RC-MR3_EEM_J_ENV_DHW_EEM4_20260531_113458.idf,c:\Users\o_iseri\Desktop\idf_reader\0_BEM_Setup\SimResults_neighbourhoods\option_9_j2_20260531_v1\CAN_MTL\RC-MR3\RC-MR3_EEM_J_ENV_DHW_EEM4_20260531_113458\results
RC-MR3,RC-MR3,CAN_MTL,1,1,1,1,EEM_J_ENV_HVAC_DHW_EEM4,51.0855,3.9072,7.6227,17.2161,2.0009,11.1883,6.9116,66.7586,tier3,11,18615,c:\Users\o_iseri\Desktop\idf_reader\0_BEM_Setup\SimResults_neighbourhoods\option_9_j2_20260531_v1\CAN_MTL\RC-MR3\RC-MR3_EEM_J_ENV_HVAC_DHW_EEM4_20260531_113501\RC-MR3_EEM_J_ENV_HVAC_DHW_EEM4_20260531_113501.idf,c:\Users\o_iseri\Desktop\idf_reader\0_BEM_Setup\SimResults_neighbourhoods\option_9_j2_20260531_v1\CAN_MTL\RC-MR3\RC-MR3_EEM_J_ENV_HVAC_DHW_EEM4_20260531_113501\results
RC-D,RC-D,CAN_MTL,0,0,0,0,EEM_J_DEFAULT,138.5547,51.7136,6.3347,22.1397,4.7017,46.5502,6.2565,0,native,0,547,c:\Users\o_iseri\Desktop\idf_reader\0_BEM_Setup\SimResults_neighbourhoods\option_9_j2_20260531_v1\CAN_MTL\RC-D\RC-D_EEM_J_DEFAULT_20260531_113512\RC-D_EEM_J_DEFAULT_20260531_113512.idf,c:\Users\o_iseri\Desktop\idf_reader\0_BEM_Setup\SimResults_neighbourhoods\option_9_j2_20260531_v1\CAN_MTL\RC-D\RC-D_EEM_J_DEFAULT_20260531_113512\results
RC-D,RC-D,CAN_MTL,1,0,0,0,EEM_J_ENVELOPE,108.2342,21.7143,6.848,21.7113,4.7017,46.5502,5.8505,100.7432,tier3,0,365,c:\Users\o_iseri\Desktop\idf_reader\0_BEM_Setup\SimResults_neighbourhoods\option_9_j2_20260531_v1\CAN_MTL\RC-D\RC-D_EEM_J_ENVELOPE_20260531_113530\RC-D_EEM_J_ENVELOPE_20260531_113530.idf,c:\Users\o_iseri\Desktop\idf_reader\0_BEM_Setup\SimResults_neighbourhoods\option_9_j2_20260531_v1\CAN_MTL\RC-D\RC-D_EEM_J_ENVELOPE_20260531_113530\results
RC-D,RC-D,CAN_MTL,0,1,0,0,EEM_J_HVAC_ONLY,103.5256,15.678,5.8623,22.1442,4.7017,46.5502,7.731,100.8311,tier3,0,696,c:\Users\o_iseri\Desktop\idf_reader\0_BEM_Setup\SimResults_neighbourhoods\option_9_j2_20260531_v1\CAN_MTL\RC-D\RC-D_EEM_J_HVAC_ONLY_20260531_113545\RC-D_EEM_J_HVAC_ONLY_20260531_113545.idf,c:\Users\o_iseri\Desktop\idf_reader\0_BEM_Setup\SimResults_neighbourhoods\option_9_j2_20260531_v1\CAN_MTL\RC-D\RC-D_EEM_J_HVAC_ONLY_20260531_113545\results
RC-D,RC-D,CAN_MTL,0,0,1,0,EEM_J_DHW_ONLY,126.022,54.3241,6.3569,6.8056,4.7017,46.5502,6.4252,100.8311,tier3,0,1123,c:\Users\o_iseri\Desktop\idf_reader\0_BEM_Setup\SimResults_neighbourhoods\option_9_j2_20260531_v1\CAN_MTL\RC-D\RC-D_EEM_J_DHW_ONLY_20260531_113549\RC-D_EEM_J_DHW_ONLY_20260531_113549.idf,c:\Users\o_iseri\Desktop\idf_reader\0_BEM_Setup\SimResults_neighbourhoods\option_9_j2_20260531_v1\CAN_MTL\RC-D\RC-D_EEM_J_DHW_ONLY_20260531_113549\results
RC-D,RC-D,CAN_MTL,1,1,0,0,EEM_J_ENV_HVAC,93.1491,6.4589,6.2471,21.7114,4.7017,46.5502,6.6215,100.7432,tier3,0,792,c:\Users\o_iseri\Desktop\idf_reader\0_BEM_Setup\SimResults_neighbourhoods\option_9_j2_20260531_v1\CAN_MTL\RC-D\RC-D_EEM_J_ENV_HVAC_20260531_113603\RC-D_EEM_J_ENV_HVAC_20260531_113603.idf,c:\Users\o_iseri\Desktop\idf_reader\0_BEM_Setup\SimResults_neighbourhoods\option_9_j2_20260531_v1\CAN_MTL\RC-D\RC-D_EEM_J_ENV_HVAC_20260531_113603\results
RC-D,RC-D,CAN_MTL,1,0,1,0,EEM_J_ENV_DHW,96.0446,24.4231,6.864,6.6327,4.7017,46.5502,6.0147,100.7432,tier3,0,1223,c:\Users\o_iseri\Desktop\idf_reader\0_BEM_Setup\SimResults_neighbourhoods\option_9_j2_20260531_v1\CAN_MTL\RC-D\RC-D_EEM_J_ENV_DHW_20260531_113736\RC-D_EEM_J_ENV_DHW_20260531_113736.idf,c:\Users\o_iseri\Desktop\idf_reader\0_BEM_Setup\SimResults_neighbourhoods\option_9_j2_20260531_v1\CAN_MTL\RC-D\RC-D_EEM_J_ENV_DHW_20260531_113736\results
RC-D,RC-D,CAN_MTL,0,1,1,0,EEM_J_HVAC_DHW,91.0637,18.3678,5.882,6.8082,4.7017,46.5502,7.8956,100.8311,tier3,0,1272,c:\Users\o_iseri\Desktop\idf_reader\0_BEM_Setup\SimResults_neighbourhoods\option_9_j2_20260531_v1\CAN_MTL\RC-D\RC-D_EEM_J_HVAC_DHW_20260531_113736\RC-D_EEM_J_HVAC_DHW_20260531_113736.idf,c:\Users\o_iseri\Desktop\idf_reader\0_BEM_Setup\SimResults_neighbourhoods\option_9_j2_20260531_v1\CAN_MTL\RC-D\RC-D_EEM_J_HVAC_DHW_20260531_113736\results
RC-D,RC-D,CAN_MTL,1,1,1,0,EEM_J_ENV_HVAC_DHW,80.9649,9.1724,6.262,6.6339,4.7017,46.5502,6.7864,100.7432,tier3,0,1370,c:\Users\o_iseri\Desktop\idf_reader\0_BEM_Setup\SimResults_neighbourhoods\option_9_j2_20260531_v1\CAN_MTL\RC-D\RC-D_EEM_J_ENV_HVAC_DHW_20260531_113740\RC-D_EEM_J_ENV_HVAC_DHW_20260531_113740.idf,c:\Users\o_iseri\Desktop\idf_reader\0_BEM_Setup\SimResults_neighbourhoods\option_9_j2_20260531_v1\CAN_MTL\RC-D\RC-D_EEM_J_ENV_HVAC_DHW_20260531_113740\results
RC-D,RC-D,CAN_MTL,0,0,0,1,EEM_J_EEM4_ONLY,123.6896,58.5499,5.1778,22.1448,2.5859,28.3405,6.0323,100.8311,tier3,0,547,c:\Users\o_iseri\Desktop\idf_reader\0_BEM_Setup\SimResults_neighbourhoods\option_9_j2_20260531_v1\CAN_MTL\RC-D\RC-D_EEM_J_EEM4_ONLY_20260531_113745\RC-D_EEM_J_EEM4_ONLY_20260531_113745.idf,c:\Users\o_iseri\Desktop\idf_reader\0_BEM_Setup\SimResults_neighbourhoods\option_9_j2_20260531_v1\CAN_MTL\RC-D\RC-D_EEM_J_EEM4_ONLY_20260531_113745\results
RC-D,RC-D,CAN_MTL,1,0,0,1,EEM_J_ENVELOPE_EEM4,92.1691,27.5473,5.4731,21.7313,2.5859,28.3405,5.6328,100.7432,tier3,0,629,c:\Users\o_iseri\Desktop\idf_reader\0_BEM_Setup\SimResults_neighbourhoods\option_9_j2_20260531_v1\CAN_MTL\RC-D\RC-D_EEM_J_ENVELOPE_EEM4_20260531_113757\RC-D_EEM_J_ENVELOPE_EEM4_20260531_113757.idf,c:\Users\o_iseri\Desktop\idf_reader\0_BEM_Setup\SimResults_neighbourhoods\option_9_j2_20260531_v1\CAN_MTL\RC-D\RC-D_EEM_J_ENVELOPE_EEM4_20260531_113757\results
RC-D,RC-D,CAN_MTL,0,1,0,1,EEM_J_HVAC_ONLY_EEM4,83.9844,17.5729,4.8147,22.1551,2.5859,28.3405,7.6571,100.8311,tier3,0,696,c:\Users\o_iseri\Desktop\idf_reader\0_BEM_Setup\SimResults_neighbourhoods\option_9_j2_20260531_v1\CAN_MTL\RC-D\RC-D_EEM_J_HVAC_ONLY_EEM4_20260531_113803\RC-D_EEM_J_HVAC_ONLY_EEM4_20260531_113803.idf,c:\Users\o_iseri\Desktop\idf_reader\0_BEM_Setup\SimResults_neighbourhoods\option_9_j2_20260531_v1\CAN_MTL\RC-D\RC-D_EEM_J_HVAC_ONLY_EEM4_20260531_113803\results
RC-D,RC-D,CAN_MTL,0,0,1,1,EEM_J_DHW_ONLY_EEM4,111.1436,61.1535,5.199,6.8051,2.5859,28.3405,6.2013,100.8311,tier3,0,1123,c:\Users\o_iseri\Desktop\idf_reader\0_BEM_Setup\SimResults_neighbourhoods\option_9_j2_20260531_v1\CAN_MTL\RC-D\RC-D_EEM_J_DHW_ONLY_EEM4_20260531_113803\RC-D_EEM_J_DHW_ONLY_EEM4_20260531_113803.idf,c:\Users\o_iseri\Desktop\idf_reader\0_BEM_Setup\SimResults_neighbourhoods\option_9_j2_20260531_v1\CAN_MTL\RC-D\RC-D_EEM_J_DHW_ONLY_EEM4_20260531_113803\results
RC-D,RC-D,CAN_MTL,1,1,0,1,EEM_J_ENV_HVAC_EEM4,73.319,8.2133,4.9863,21.7316,2.5859,28.3405,6.6032,100.7432,tier3,0,792,c:\Users\o_iseri\Desktop\idf_reader\0_BEM_Setup\SimResults_neighbourhoods\option_9_j2_20260531_v1\CAN_MTL\RC-D\RC-D_EEM_J_ENV_HVAC_EEM4_20260531_113845\RC-D_EEM_J_ENV_HVAC_EEM4_20260531_113845.idf,c:\Users\o_iseri\Desktop\idf_reader\0_BEM_Setup\SimResults_neighbourhoods\option_9_j2_20260531_v1\CAN_MTL\RC-D\RC-D_EEM_J_ENV_HVAC_EEM4_20260531_113845\results
RC-D,RC-D,CAN_MTL,1,0,1,1,EEM_J_ENV_DHW_EEM4,79.9656,30.2542,5.4889,6.6408,2.5859,28.3405,5.7971,100.7432,tier3,0,1235,c:\Users\o_iseri\Desktop\idf_reader\0_BEM_Setup\SimResults_neighbourhoods\option_9_j2_20260531_v1\CAN_MTL\RC-D\RC-D_EEM_J_ENV_DHW_EEM4_20260531_113932\RC-D_EEM_J_ENV_DHW_EEM4_20260531_113932.idf,c:\Users\o_iseri\Desktop\idf_reader\0_BEM_Setup\SimResults_neighbourhoods\option_9_j2_20260531_v1\CAN_MTL\RC-D\RC-D_EEM_J_ENV_DHW_EEM4_20260531_113932\results
RC-D,RC-D,CAN_MTL,0,1,1,1,EEM_J_HVAC_DHW_EEM4,71.5233,20.2657,4.8339,6.816,2.5859,28.3405,7.823,100.8311,tier3,0,1272,c:\Users\o_iseri\Desktop\idf_reader\0_BEM_Setup\SimResults_neighbourhoods\option_9_j2_20260531_v1\CAN_MTL\RC-D\RC-D_EEM_J_HVAC_DHW_EEM4_20260531_113938\RC-D_EEM_J_HVAC_DHW_EEM4_20260531_113938.idf,c:\Users\o_iseri\Desktop\idf_reader\0_BEM_Setup\SimResults_neighbourhoods\option_9_j2_20260531_v1\CAN_MTL\RC-D\RC-D_EEM_J_HVAC_DHW_EEM4_20260531_113938\results
RC-D,RC-D,CAN_MTL,1,1,1,1,EEM_J_ENV_HVAC_DHW_EEM4,61.1231,10.9261,5.0008,6.6435,2.5859,28.3405,6.7681,100.7432,tier3,0,1368,c:\Users\o_iseri\Desktop\idf_reader\0_BEM_Setup\SimResults_neighbourhoods\option_9_j2_20260531_v1\CAN_MTL\RC-D\RC-D_EEM_J_ENV_HVAC_DHW_EEM4_20260531_113955\RC-D_EEM_J_ENV_HVAC_DHW_EEM4_20260531_113955.idf,c:\Users\o_iseri\Desktop\idf_reader\0_BEM_Setup\SimResults_neighbourhoods\option_9_j2_20260531_v1\CAN_MTL\RC-D\RC-D_EEM_J_ENV_HVAC_DHW_EEM4_20260531_113955\results
RC-ML,RC-ML,CAN_MTL,0,0,0,0,EEM_J_DEFAULT,139.2319,44.1844,6.2969,24.4496,5.2214,51.6957,6.4308,0,native,0,653,c:\Users\o_iseri\Desktop\idf_reader\0_BEM_Setup\SimResults_neighbourhoods\option_9_j2_20260531_v1\CAN_MTL\RC-ML\RC-ML_EEM_J_DEFAULT_20260531_114003\RC-ML_EEM_J_DEFAULT_20260531_114003.idf,c:\Users\o_iseri\Desktop\idf_reader\0_BEM_Setup\SimResults_neighbourhoods\option_9_j2_20260531_v1\CAN_MTL\RC-ML\RC-ML_EEM_J_DEFAULT_20260531_114003\results
RC-ML,RC-ML,CAN_MTL,1,0,0,0,EEM_J_ENVELOPE,111.0248,16.2044,7.02,23.8319,5.2214,51.6957,6.0982,93.0196,tier3,0,753,c:\Users\o_iseri\Desktop\idf_reader\0_BEM_Setup\SimResults_neighbourhoods\option_9_j2_20260531_v1\CAN_MTL\RC-ML\RC-ML_EEM_J_ENVELOPE_20260531_114016\RC-ML_EEM_J_ENVELOPE_20260531_114016.idf,c:\Users\o_iseri\Desktop\idf_reader\0_BEM_Setup\SimResults_neighbourhoods\option_9_j2_20260531_v1\CAN_MTL\RC-ML\RC-ML_EEM_J_ENVELOPE_20260531_114016\results
RC-ML,RC-ML,CAN_MTL,0,1,0,0,EEM_J_HVAC_ONLY,109.3428,13.4772,5.8179,24.4557,5.2214,51.6957,7.7218,93.0871,tier3,0,758,c:\Users\o_iseri\Desktop\idf_reader\0_BEM_Setup\SimResults_neighbourhoods\option_9_j2_20260531_v1\CAN_MTL\RC-ML\RC-ML_EEM_J_HVAC_ONLY_20260531_114019\RC-ML_EEM_J_HVAC_ONLY_20260531_114019.idf,c:\Users\o_iseri\Desktop\idf_reader\0_BEM_Setup\SimResults_neighbourhoods\option_9_j2_20260531_v1\CAN_MTL\RC-ML\RC-ML_EEM_J_HVAC_ONLY_20260531_114019\results
RC-ML,RC-ML,CAN_MTL,0,0,1,0,EEM_J_DHW_ONLY,125.339,45.4786,6.3197,9.1301,5.2214,51.6957,6.5405,93.0871,tier3,0,967,c:\Users\o_iseri\Desktop\idf_reader\0_BEM_Setup\SimResults_neighbourhoods\option_9_j2_20260531_v1\CAN_MTL\RC-ML\RC-ML_EEM_J_DHW_ONLY_20260531_114023\RC-ML_EEM_J_DHW_ONLY_20260531_114023.idf,c:\Users\o_iseri\Desktop\idf_reader\0_BEM_Setup\SimResults_neighbourhoods\option_9_j2_20260531_v1\CAN_MTL\RC-ML\RC-ML_EEM_J_DHW_ONLY_20260531_114023\results
RC-ML,RC-ML,CAN_MTL,1,1,0,0,EEM_J_ENV_HVAC,99.6756,4.8626,6.3769,23.8315,5.2214,51.6957,6.7345,93.0196,tier3,0,856,c:\Users\o_iseri\Desktop\idf_reader\0_BEM_Setup\SimResults_neighbourhoods\option_9_j2_20260531_v1\CAN_MTL\RC-ML\RC-ML_EEM_J_ENV_HVAC_20260531_114036\RC-ML_EEM_J_ENV_HVAC_20260531_114036.idf,c:\Users\o_iseri\Desktop\idf_reader\0_BEM_Setup\SimResults_neighbourhoods\option_9_j2_20260531_v1\CAN_MTL\RC-ML\RC-ML_EEM_J_ENV_HVAC_20260531_114036\results
RC-ML,RC-ML,CAN_MTL,1,0,1,0,EEM_J_ENV_DHW,97.5949,17.61,7.0321,8.8797,5.2214,51.6957,6.203,93.0196,tier3,0,1076,c:\Users\o_iseri\Desktop\idf_reader\0_BEM_Setup\SimResults_neighbourhoods\option_9_j2_20260531_v1\CAN_MTL\RC-ML\RC-ML_EEM_J_ENV_DHW_20260531_114129\RC-ML_EEM_J_ENV_DHW_20260531_114129.idf,c:\Users\o_iseri\Desktop\idf_reader\0_BEM_Setup\SimResults_neighbourhoods\option_9_j2_20260531_v1\CAN_MTL\RC-ML\RC-ML_EEM_J_ENV_DHW_20260531_114129\results
RC-ML,RC-ML,CAN_MTL,0,1,1,0,EEM_J_HVAC_DHW,95.513,14.8406,5.8396,9.1338,5.2214,51.6957,7.8289,93.0871,tier3,0,1076,c:\Users\o_iseri\Desktop\idf_reader\0_BEM_Setup\SimResults_neighbourhoods\option_9_j2_20260531_v1\CAN_MTL\RC-ML\RC-ML_EEM_J_HVAC_DHW_20260531_114135\RC-ML_EEM_J_HVAC_DHW_20260531_114135.idf,c:\Users\o_iseri\Desktop\idf_reader\0_BEM_Setup\SimResults_neighbourhoods\option_9_j2_20260531_v1\CAN_MTL\RC-ML\RC-ML_EEM_J_HVAC_DHW_20260531_114135\results
RC-ML,RC-ML,CAN_MTL,1,1,1,0,EEM_J_ENV_HVAC_DHW,86.2363,6.2545,6.3899,8.879,5.2214,51.6957,6.8428,93.0196,tier3,0,1178,c:\Users\o_iseri\Desktop\idf_reader\0_BEM_Setup\SimResults_neighbourhoods\option_9_j2_20260531_v1\CAN_MTL\RC-ML\RC-ML_EEM_J_ENV_HVAC_DHW_20260531_114136\RC-ML_EEM_J_ENV_HVAC_DHW_20260531_114136.idf,c:\Users\o_iseri\Desktop\idf_reader\0_BEM_Setup\SimResults_neighbourhoods\option_9_j2_20260531_v1\CAN_MTL\RC-ML\RC-ML_EEM_J_ENV_HVAC_DHW_20260531_114136\results
RC-ML,RC-ML,CAN_MTL,0,0,0,1,EEM_J_EEM4_ONLY,122.4436,51.561,4.9159,24.4571,2.8718,31.4732,6.2116,93.0871,tier3,0,639,c:\Users\o_iseri\Desktop\idf_reader\0_BEM_Setup\SimResults_neighbourhoods\option_9_j2_20260531_v1\CAN_MTL\RC-ML\RC-ML_EEM_J_EEM4_ONLY_20260531_114137\RC-ML_EEM_J_EEM4_ONLY_20260531_114137.idf,c:\Users\o_iseri\Desktop\idf_reader\0_BEM_Setup\SimResults_neighbourhoods\option_9_j2_20260531_v1\CAN_MTL\RC-ML\RC-ML_EEM_J_EEM4_ONLY_20260531_114137\results
RC-ML,RC-ML,CAN_MTL,1,0,0,1,EEM_J_ENVELOPE_EEM4,92.4709,22.1021,5.3463,23.8622,2.8718,31.4732,5.8622,93.0196,tier3,0,755,c:\Users\o_iseri\Desktop\idf_reader\0_BEM_Setup\SimResults_neighbourhoods\option_9_j2_20260531_v1\CAN_MTL\RC-ML\RC-ML_EEM_J_ENVELOPE_EEM4_20260531_114153\RC-ML_EEM_J_ENVELOPE_EEM4_20260531_114153.idf,c:\Users\o_iseri\Desktop\idf_reader\0_BEM_Setup\SimResults_neighbourhoods\option_9_j2_20260531_v1\CAN_MTL\RC-ML\RC-ML_EEM_J_ENVELOPE_EEM4_20260531_114153\results
RC-ML,RC-ML,CAN_MTL,0,1,0,1,EEM_J_HVAC_ONLY_EEM4,87.5278,15.5481,4.5871,24.4689,2.8718,31.4732,7.6257,93.0871,tier3,0,752,c:\Users\o_iseri\Desktop\idf_reader\0_BEM_Setup\SimResults_neighbourhoods\option_9_j2_20260531_v1\CAN_MTL\RC-ML\RC-ML_EEM_J_HVAC_ONLY_EEM4_20260531_114216\RC-ML_EEM_J_HVAC_ONLY_EEM4_20260531_114216.idf,c:\Users\o_iseri\Desktop\idf_reader\0_BEM_Setup\SimResults_neighbourhoods\option_9_j2_20260531_v1\CAN_MTL\RC-ML\RC-ML_EEM_J_HVAC_ONLY_EEM4_20260531_114216\results
RC-ML,RC-ML,CAN_MTL,0,0,1,1,EEM_J_DHW_ONLY_EEM4,108.5351,52.8471,4.9384,9.1294,2.8718,31.4732,6.3222,93.0871,tier3,0,957,c:\Users\o_iseri\Desktop\idf_reader\0_BEM_Setup\SimResults_neighbourhoods\option_9_j2_20260531_v1\CAN_MTL\RC-ML\RC-ML_EEM_J_DHW_ONLY_EEM4_20260531_114221\RC-ML_EEM_J_DHW_ONLY_EEM4_20260531_114221.idf,c:\Users\o_iseri\Desktop\idf_reader\0_BEM_Setup\SimResults_neighbourhoods\option_9_j2_20260531_v1\CAN_MTL\RC-ML\RC-ML_EEM_J_DHW_ONLY_EEM4_20260531_114221\results
RC-ML,RC-ML,CAN_MTL,1,1,0,1,EEM_J_ENV_HVAC_EEM4,77.2965,6.6105,4.8486,23.8626,2.8718,31.4732,6.6768,93.0196,tier3,0,856,c:\Users\o_iseri\Desktop\idf_reader\0_BEM_Setup\SimResults_neighbourhoods\option_9_j2_20260531_v1\CAN_MTL\RC-ML\RC-ML_EEM_J_ENV_HVAC_EEM4_20260531_114240\RC-ML_EEM_J_ENV_HVAC_EEM4_20260531_114240.idf,c:\Users\o_iseri\Desktop\idf_reader\0_BEM_Setup\SimResults_neighbourhoods\option_9_j2_20260531_v1\CAN_MTL\RC-ML\RC-ML_EEM_J_ENV_HVAC_EEM4_20260531_114240\results
RC-ML,RC-ML,CAN_MTL,1,0,1,1,EEM_J_ENV_DHW_EEM4,79.0278,23.5116,5.3591,8.8927,2.8718,31.4732,5.9664,93.0196,tier3,0,1073,c:\Users\o_iseri\Desktop\idf_reader\0_BEM_Setup\SimResults_neighbourhoods\option_9_j2_20260531_v1\CAN_MTL\RC-ML\RC-ML_EEM_J_ENV_DHW_EEM4_20260531_114247\RC-ML_EEM_J_ENV_DHW_EEM4_20260531_114247.idf,c:\Users\o_iseri\Desktop\idf_reader\0_BEM_Setup\SimResults_neighbourhoods\option_9_j2_20260531_v1\CAN_MTL\RC-ML\RC-ML_EEM_J_ENV_DHW_EEM4_20260531_114247\results
RC-ML,RC-ML,CAN_MTL,0,1,1,1,EEM_J_HVAC_DHW_EEM4,73.6916,16.9125,4.6077,9.1396,2.8718,31.4732,7.7338,93.0871,tier3,0,1066,c:\Users\o_iseri\Desktop\idf_reader\0_BEM_Setup\SimResults_neighbourhoods\option_9_j2_20260531_v1\CAN_MTL\RC-ML\RC-ML_EEM_J_HVAC_DHW_EEM4_20260531_114255\RC-ML_EEM_J_HVAC_DHW_EEM4_20260531_114255.idf,c:\Users\o_iseri\Desktop\idf_reader\0_BEM_Setup\SimResults_neighbourhoods\option_9_j2_20260531_v1\CAN_MTL\RC-ML\RC-ML_EEM_J_HVAC_DHW_EEM4_20260531_114255\results
RC-ML,RC-ML,CAN_MTL,1,1,1,1,EEM_J_ENV_HVAC_DHW_EEM4,63.8442,8.0059,4.8623,8.8931,2.8718,31.4732,6.785,93.0196,tier3,0,1174,c:\Users\o_iseri\Desktop\idf_reader\0_BEM_Setup\SimResults_neighbourhoods\option_9_j2_20260531_v1\CAN_MTL\RC-ML\RC-ML_EEM_J_ENV_HVAC_DHW_EEM4_20260531_114311\RC-ML_EEM_J_ENV_HVAC_DHW_EEM4_20260531_114311.idf,c:\Users\o_iseri\Desktop\idf_reader\0_BEM_Setup\SimResults_neighbourhoods\option_9_j2_20260531_v1\CAN_MTL\RC-ML\RC-ML_EEM_J_ENV_HVAC_DHW_EEM4_20260531_114311\results
RC-T,RC-T,CAN_MTL,0,0,0,0,EEM_J_DEFAULT,139.9553,36.2628,6.2707,26.879,5.7679,57.1062,6.6159,0,native,0,759,c:\Users\o_iseri\Desktop\idf_reader\0_BEM_Setup\SimResults_neighbourhoods\option_9_j2_20260531_v1\CAN_MTL\RC-T\RC-T_EEM_J_DEFAULT_20260531_114325\RC-T_EEM_J_DEFAULT_20260531_114325.idf,c:\Users\o_iseri\Desktop\idf_reader\0_BEM_Setup\SimResults_neighbourhoods\option_9_j2_20260531_v1\CAN_MTL\RC-T\RC-T_EEM_J_DEFAULT_20260531_114325\results
RC-T,RC-T,CAN_MTL,1,0,0,0,EEM_J_ENVELOPE,113.9616,10.4028,7.2068,26.0656,5.7679,57.1062,6.3595,85.2309,tier3,0,859,c:\Users\o_iseri\Desktop\idf_reader\0_BEM_Setup\SimResults_neighbourhoods\option_9_j2_20260531_v1\CAN_MTL\RC-T\RC-T_EEM_J_ENVELOPE_20260531_114330\RC-T_EEM_J_ENVELOPE_20260531_114330.idf,c:\Users\o_iseri\Desktop\idf_reader\0_BEM_Setup\SimResults_neighbourhoods\option_9_j2_20260531_v1\CAN_MTL\RC-T\RC-T_EEM_J_ENVELOPE_20260531_114330\results
RC-T,RC-T,CAN_MTL,0,1,0,0,EEM_J_HVAC_ONLY,115.474,11.1622,5.7843,26.8857,5.7679,57.1062,7.7149,85.2876,tier3,0,820,c:\Users\o_iseri\Desktop\idf_reader\0_BEM_Setup\SimResults_neighbourhoods\option_9_j2_20260531_v1\CAN_MTL\RC-T\RC-T_EEM_J_HVAC_ONLY_20260531_114333\RC-T_EEM_J_HVAC_ONLY_20260531_114333.idf,c:\Users\o_iseri\Desktop\idf_reader\0_BEM_Setup\SimResults_neighbourhoods\option_9_j2_20260531_v1\CAN_MTL\RC-T\RC-T_EEM_J_HVAC_ONLY_20260531_114333\results
RC-T,RC-T,CAN_MTL,0,0,1,0,EEM_J_DHW_ONLY,124.6165,36.1823,6.2946,11.5488,5.7679,57.1062,6.6639,85.2876,tier3,0,825,c:\Users\o_iseri\Desktop\idf_reader\0_BEM_Setup\SimResults_neighbourhoods\option_9_j2_20260531_v1\CAN_MTL\RC-T\RC-T_EEM_J_DHW_ONLY_20260531_114334\RC-T_EEM_J_DHW_ONLY_20260531_114334.idf,c:\Users\o_iseri\Desktop\idf_reader\0_BEM_Setup\SimResults_neighbourhoods\option_9_j2_20260531_v1\CAN_MTL\RC-T\RC-T_EEM_J_DHW_ONLY_20260531_114334\results
RC-T,RC-T,CAN_MTL,1,1,0,0,EEM_J_ENV_HVAC,106.5469,3.1824,6.5176,26.0648,5.7679,57.1062,6.8551,85.2309,tier3,0,920,c:\Users\o_iseri\Desktop\idf_reader\0_BEM_Setup\SimResults_neighbourhoods\option_9_j2_20260531_v1\CAN_MTL\RC-T\RC-T_EEM_J_ENV_HVAC_20260531_114335\RC-T_EEM_J_ENV_HVAC_20260531_114335.idf,c:\Users\o_iseri\Desktop\idf_reader\0_BEM_Setup\SimResults_neighbourhoods\option_9_j2_20260531_v1\CAN_MTL\RC-T\RC-T_EEM_J_ENV_HVAC_20260531_114335\results
RC-T,RC-T,CAN_MTL,1,0,1,0,EEM_J_ENV_DHW,99.2057,10.447,7.2149,11.2133,5.7679,57.1062,6.4035,85.2309,tier3,0,933,c:\Users\o_iseri\Desktop\idf_reader\0_BEM_Setup\SimResults_neighbourhoods\option_9_j2_20260531_v1\CAN_MTL\RC-T\RC-T_EEM_J_ENV_DHW_20260531_114404\RC-T_EEM_J_ENV_DHW_20260531_114404.idf,c:\Users\o_iseri\Desktop\idf_reader\0_BEM_Setup\SimResults_neighbourhoods\option_9_j2_20260531_v1\CAN_MTL\RC-T\RC-T_EEM_J_ENV_DHW_20260531_114404\results
RC-T,RC-T,CAN_MTL,0,1,1,0,EEM_J_HVAC_DHW,100.192,11.1405,5.8074,11.5556,5.7679,57.1062,7.7617,85.2876,tier3,0,884,c:\Users\o_iseri\Desktop\idf_reader\0_BEM_Setup\SimResults_neighbourhoods\option_9_j2_20260531_v1\CAN_MTL\RC-T\RC-T_EEM_J_HVAC_DHW_20260531_114405\RC-T_EEM_J_HVAC_DHW_20260531_114405.idf,c:\Users\o_iseri\Desktop\idf_reader\0_BEM_Setup\SimResults_neighbourhoods\option_9_j2_20260531_v1\CAN_MTL\RC-T\RC-T_EEM_J_HVAC_DHW_20260531_114405\results
RC-T,RC-T,CAN_MTL,1,1,1,0,EEM_J_ENV_HVAC_DHW,91.7695,3.1959,6.5291,11.2134,5.7679,57.1062,6.9042,85.2309,tier3,0,1000,c:\Users\o_iseri\Desktop\idf_reader\0_BEM_Setup\SimResults_neighbourhoods\option_9_j2_20260531_v1\CAN_MTL\RC-T\RC-T_EEM_J_ENV_HVAC_DHW_20260531_114411\RC-T_EEM_J_ENV_HVAC_DHW_20260531_114411.idf,c:\Users\o_iseri\Desktop\idf_reader\0_BEM_Setup\SimResults_neighbourhoods\option_9_j2_20260531_v1\CAN_MTL\RC-T\RC-T_EEM_J_ENV_HVAC_DHW_20260531_114411\results
RC-T,RC-T,CAN_MTL,0,0,0,1,EEM_J_EEM4_ONLY,121.1455,44.2081,4.6554,26.8888,3.1723,34.7672,6.4008,85.2876,tier3,0,731,c:\Users\o_iseri\Desktop\idf_reader\0_BEM_Setup\SimResults_neighbourhoods\option_9_j2_20260531_v1\CAN_MTL\RC-T\RC-T_EEM_J_EEM4_ONLY_20260531_114415\RC-T_EEM_J_EEM4_ONLY_20260531_114415.idf,c:\Users\o_iseri\Desktop\idf_reader\0_BEM_Setup\SimResults_neighbourhoods\option_9_j2_20260531_v1\CAN_MTL\RC-T\RC-T_EEM_J_EEM4_ONLY_20260531_114415\results
RC-T,RC-T,CAN_MTL,1,0,0,1,EEM_J_ENVELOPE_EEM4,92.796,16.3728,5.2225,26.1053,3.1723,34.7672,6.1032,85.2309,tier3,0,859,c:\Users\o_iseri\Desktop\idf_reader\0_BEM_Setup\SimResults_neighbourhoods\option_9_j2_20260531_v1\CAN_MTL\RC-T\RC-T_EEM_J_ENVELOPE_EEM4_20260531_114424\RC-T_EEM_J_ENVELOPE_EEM4_20260531_114424.idf,c:\Users\o_iseri\Desktop\idf_reader\0_BEM_Setup\SimResults_neighbourhoods\option_9_j2_20260531_v1\CAN_MTL\RC-T\RC-T_EEM_J_ENVELOPE_EEM4_20260531_114424\results
RC-T,RC-T,CAN_MTL,0,1,0,1,EEM_J_HVAC_ONLY_EEM4,91.2661,13.4205,4.3607,26.9013,3.1723,34.7672,7.5912,85.2876,tier3,0,808,c:\Users\o_iseri\Desktop\idf_reader\0_BEM_Setup\SimResults_neighbourhoods\option_9_j2_20260531_v1\CAN_MTL\RC-T\RC-T_EEM_J_HVAC_ONLY_EEM4_20260531_114424\RC-T_EEM_J_HVAC_ONLY_EEM4_20260531_114424.idf,c:\Users\o_iseri\Desktop\idf_reader\0_BEM_Setup\SimResults_neighbourhoods\option_9_j2_20260531_v1\CAN_MTL\RC-T\RC-T_EEM_J_HVAC_ONLY_EEM4_20260531_114424\results
RC-T,RC-T,CAN_MTL,0,0,1,1,EEM_J_DHW_ONLY_EEM4,105.7911,44.1161,4.6795,11.5529,3.1723,34.7672,6.4503,85.2876,tier3,0,787,c:\Users\o_iseri\Desktop\idf_reader\0_BEM_Setup\SimResults_neighbourhoods\option_9_j2_20260531_v1\CAN_MTL\RC-T\RC-T_EEM_J_DHW_ONLY_EEM4_20260531_114427\RC-T_EEM_J_DHW_ONLY_EEM4_20260531_114427.idf,c:\Users\o_iseri\Desktop\idf_reader\0_BEM_Setup\SimResults_neighbourhoods\option_9_j2_20260531_v1\CAN_MTL\RC-T\RC-T_EEM_J_DHW_ONLY_EEM4_20260531_114427\results
RC-T,RC-T,CAN_MTL,1,1,0,1,EEM_J_ENV_HVAC_EEM4,81.4859,4.9237,4.7112,26.1052,3.1723,34.7672,6.7534,85.2309,tier3,0,920,c:\Users\o_iseri\Desktop\idf_reader\0_BEM_Setup\SimResults_neighbourhoods\option_9_j2_20260531_v1\CAN_MTL\RC-T\RC-T_EEM_J_ENV_HVAC_EEM4_20260531_114441\RC-T_EEM_J_ENV_HVAC_EEM4_20260531_114441.idf,c:\Users\o_iseri\Desktop\idf_reader\0_BEM_Setup\SimResults_neighbourhoods\option_9_j2_20260531_v1\CAN_MTL\RC-T\RC-T_EEM_J_ENV_HVAC_EEM4_20260531_114441\results
RC-T,RC-T,CAN_MTL,1,0,1,1,EEM_J_ENV_DHW_EEM4,78.0306,16.4249,5.2324,11.2349,3.1723,34.7672,6.1461,85.2309,tier3,0,923,c:\Users\o_iseri\Desktop\idf_reader\0_BEM_Setup\SimResults_neighbourhoods\option_9_j2_20260531_v1\CAN_MTL\RC-T\RC-T_EEM_J_ENV_DHW_EEM4_20260531_114443\RC-T_EEM_J_ENV_DHW_EEM4_20260531_114443.idf,c:\Users\o_iseri\Desktop\idf_reader\0_BEM_Setup\SimResults_neighbourhoods\option_9_j2_20260531_v1\CAN_MTL\RC-T\RC-T_EEM_J_ENV_DHW_EEM4_20260531_114443\results
RC-T,RC-T,CAN_MTL,0,1,1,1,EEM_J_HVAC_DHW_EEM4,75.9729,13.3957,4.383,11.5631,3.1723,34.7672,7.6388,85.2876,tier3,0,866,c:\Users\o_iseri\Desktop\idf_reader\0_BEM_Setup\SimResults_neighbourhoods\option_9_j2_20260531_v1\CAN_MTL\RC-T\RC-T_EEM_J_HVAC_DHW_EEM4_20260531_114448\RC-T_EEM_J_HVAC_DHW_EEM4_20260531_114448.idf,c:\Users\o_iseri\Desktop\idf_reader\0_BEM_Setup\SimResults_neighbourhoods\option_9_j2_20260531_v1\CAN_MTL\RC-T\RC-T_EEM_J_HVAC_DHW_EEM4_20260531_114448\results
RC-T,RC-T,CAN_MTL,1,1,1,1,EEM_J_ENV_HVAC_DHW_EEM4,66.697,4.943,4.7241,11.2356,3.1723,34.7672,6.8019,85.2309,tier3,0,982,c:\Users\o_iseri\Desktop\idf_reader\0_BEM_Setup\SimResults_neighbourhoods\option_9_j2_20260531_v1\CAN_MTL\RC-T\RC-T_EEM_J_ENV_HVAC_DHW_EEM4_20260531_114458\RC-T_EEM_J_ENV_HVAC_DHW_EEM4_20260531_114458.idf,c:\Users\o_iseri\Desktop\idf_reader\0_BEM_Setup\SimResults_neighbourhoods\option_9_j2_20260531_v1\CAN_MTL\RC-T\RC-T_EEM_J_ENV_HVAC_DHW_EEM4_20260531_114458\results
RC-R,RC-R,CAN_MTL,0,0,0,0,EEM_J_DEFAULT,137.8119,50.6985,6.562,22.139,4.7017,46.5502,6.3022,0,native,0,283,c:\Users\o_iseri\Desktop\idf_reader\0_BEM_Setup\SimResults_neighbourhoods\option_9_j2_20260531_v1\CAN_MTL\RC-R\RC-R_EEM_J_DEFAULT_20260531_114459\RC-R_EEM_J_DEFAULT_20260531_114459.idf,c:\Users\o_iseri\Desktop\idf_reader\0_BEM_Setup\SimResults_neighbourhoods\option_9_j2_20260531_v1\CAN_MTL\RC-R\RC-R_EEM_J_DEFAULT_20260531_114459\results
RC-R,RC-R,CAN_MTL,1,0,0,0,EEM_J_ENVELOPE,107.6104,20.7351,7.1574,21.7076,4.7017,46.5502,5.9001,90.5457,tier3,0,219,c:\Users\o_iseri\Desktop\idf_reader\0_BEM_Setup\SimResults_neighbourhoods\option_9_j2_20260531_v1\CAN_MTL\RC-R\RC-R_EEM_J_ENVELOPE_20260531_114501\RC-R_EEM_J_ENVELOPE_20260531_114501.idf,c:\Users\o_iseri\Desktop\idf_reader\0_BEM_Setup\SimResults_neighbourhoods\option_9_j2_20260531_v1\CAN_MTL\RC-R\RC-R_EEM_J_ENVELOPE_20260531_114501\results
RC-R,RC-R,CAN_MTL,0,1,0,0,EEM_J_HVAC_ONLY,103.4119,15.3197,6.082,22.1436,4.7017,46.5502,7.7564,90.6004,tier3,0,360,c:\Users\o_iseri\Desktop\idf_reader\0_BEM_Setup\SimResults_neighbourhoods\option_9_j2_20260531_v1\CAN_MTL\RC-R\RC-R_EEM_J_HVAC_ONLY_20260531_114504\RC-R_EEM_J_HVAC_ONLY_20260531_114504.idf,c:\Users\o_iseri\Desktop\idf_reader\0_BEM_Setup\SimResults_neighbourhoods\option_9_j2_20260531_v1\CAN_MTL\RC-R\RC-R_EEM_J_HVAC_ONLY_20260531_114504\results
RC-R,RC-R,CAN_MTL,0,0,1,0,EEM_J_DHW_ONLY,125.2812,53.3106,6.5848,6.8046,4.7017,46.5502,6.471,90.6004,tier3,0,571,c:\Users\o_iseri\Desktop\idf_reader\0_BEM_Setup\SimResults_neighbourhoods\option_9_j2_20260531_v1\CAN_MTL\RC-R\RC-R_EEM_J_DHW_ONLY_20260531_114504\RC-R_EEM_J_DHW_ONLY_20260531_114504.idf,c:\Users\o_iseri\Desktop\idf_reader\0_BEM_Setup\SimResults_neighbourhoods\option_9_j2_20260531_v1\CAN_MTL\RC-R\RC-R_EEM_J_DHW_ONLY_20260531_114504\results
RC-R,RC-R,CAN_MTL,1,1,0,0,EEM_J_ENV_HVAC,93.1634,6.1586,6.5473,21.7075,4.7017,46.5502,6.6398,90.5457,tier3,0,408,c:\Users\o_iseri\Desktop\idf_reader\0_BEM_Setup\SimResults_neighbourhoods\option_9_j2_20260531_v1\CAN_MTL\RC-R\RC-R_EEM_J_ENV_HVAC_20260531_114507\RC-R_EEM_J_ENV_HVAC_20260531_114507.idf,c:\Users\o_iseri\Desktop\idf_reader\0_BEM_Setup\SimResults_neighbourhoods\option_9_j2_20260531_v1\CAN_MTL\RC-R\RC-R_EEM_J_ENV_HVAC_20260531_114507\results
RC-R,RC-R,CAN_MTL,1,0,1,0,EEM_J_ENV_DHW,95.4269,23.4431,7.1735,6.6358,4.7017,46.5502,6.0644,90.5457,tier3,0,661,c:\Users\o_iseri\Desktop\idf_reader\0_BEM_Setup\SimResults_neighbourhoods\option_9_j2_20260531_v1\CAN_MTL\RC-R\RC-R_EEM_J_ENV_DHW_20260531_114523\RC-R_EEM_J_ENV_DHW_20260531_114523.idf,c:\Users\o_iseri\Desktop\idf_reader\0_BEM_Setup\SimResults_neighbourhoods\option_9_j2_20260531_v1\CAN_MTL\RC-R\RC-R_EEM_J_ENV_DHW_20260531_114523\results
RC-R,RC-R,CAN_MTL,0,1,1,0,EEM_J_HVAC_DHW,90.9492,18.01,6.1024,6.8058,4.7017,46.5502,7.9209,90.6004,tier3,0,648,c:\Users\o_iseri\Desktop\idf_reader\0_BEM_Setup\SimResults_neighbourhoods\option_9_j2_20260531_v1\CAN_MTL\RC-R\RC-R_EEM_J_HVAC_DHW_20260531_114530\RC-R_EEM_J_HVAC_DHW_20260531_114530.idf,c:\Users\o_iseri\Desktop\idf_reader\0_BEM_Setup\SimResults_neighbourhoods\option_9_j2_20260531_v1\CAN_MTL\RC-R\RC-R_EEM_J_HVAC_DHW_20260531_114530\results
RC-R,RC-R,CAN_MTL,1,1,1,0,EEM_J_ENV_HVAC_DHW,80.9846,8.8713,6.5624,6.6361,4.7017,46.5502,6.8048,90.5457,tier3,0,696,c:\Users\o_iseri\Desktop\idf_reader\0_BEM_Setup\SimResults_neighbourhoods\option_9_j2_20260531_v1\CAN_MTL\RC-R\RC-R_EEM_J_ENV_HVAC_DHW_20260531_114533\RC-R_EEM_J_ENV_HVAC_DHW_20260531_114533.idf,c:\Users\o_iseri\Desktop\idf_reader\0_BEM_Setup\SimResults_neighbourhoods\option_9_j2_20260531_v1\CAN_MTL\RC-R\RC-R_EEM_J_ENV_HVAC_DHW_20260531_114533\results
RC-R,RC-R,CAN_MTL,0,0,0,1,EEM_J_EEM4_ONLY,122.8865,57.4712,5.4013,22.1444,2.5859,28.3405,6.0848,90.6004,tier3,0,283,c:\Users\o_iseri\Desktop\idf_reader\0_BEM_Setup\SimResults_neighbourhoods\option_9_j2_20260531_v1\CAN_MTL\RC-R\RC-R_EEM_J_EEM4_ONLY_20260531_114551\RC-R_EEM_J_EEM4_ONLY_20260531_114551.idf,c:\Users\o_iseri\Desktop\idf_reader\0_BEM_Setup\SimResults_neighbourhoods\option_9_j2_20260531_v1\CAN_MTL\RC-R\RC-R_EEM_J_EEM4_ONLY_20260531_114551\results
RC-R,RC-R,CAN_MTL,1,0,0,1,EEM_J_ENVELOPE_EEM4,91.4445,26.4601,5.7905,21.7273,2.5859,28.3405,5.6818,90.5457,tier3,0,331,c:\Users\o_iseri\Desktop\idf_reader\0_BEM_Setup\SimResults_neighbourhoods\option_9_j2_20260531_v1\CAN_MTL\RC-R\RC-R_EEM_J_ENVELOPE_EEM4_20260531_114558\RC-R_EEM_J_ENVELOPE_EEM4_20260531_114558.idf,c:\Users\o_iseri\Desktop\idf_reader\0_BEM_Setup\SimResults_neighbourhoods\option_9_j2_20260531_v1\CAN_MTL\RC-R\RC-R_EEM_J_ENVELOPE_EEM4_20260531_114558\results
RC-R,RC-R,CAN_MTL,0,1,0,1,EEM_J_HVAC_ONLY_EEM4,83.8927,17.2289,5.0287,22.1535,2.5859,28.3405,7.697,90.6004,tier3,0,360,c:\Users\o_iseri\Desktop\idf_reader\0_BEM_Setup\SimResults_neighbourhoods\option_9_j2_20260531_v1\CAN_MTL\RC-R\RC-R_EEM_J_HVAC_ONLY_EEM4_20260531_114600\RC-R_EEM_J_HVAC_ONLY_EEM4_20260531_114600.idf,c:\Users\o_iseri\Desktop\idf_reader\0_BEM_Setup\SimResults_neighbourhoods\option_9_j2_20260531_v1\CAN_MTL\RC-R\RC-R_EEM_J_HVAC_ONLY_EEM4_20260531_114600\results
RC-R,RC-R,CAN_MTL,0,0,1,1,EEM_J_DHW_ONLY_EEM4,110.3438,60.0753,5.4226,6.8075,2.5859,28.3405,6.2537,90.6004,tier3,0,571,c:\Users\o_iseri\Desktop\idf_reader\0_BEM_Setup\SimResults_neighbourhoods\option_9_j2_20260531_v1\CAN_MTL\RC-R\RC-R_EEM_J_DHW_ONLY_EEM4_20260531_114619\RC-R_EEM_J_DHW_ONLY_EEM4_20260531_114619.idf,c:\Users\o_iseri\Desktop\idf_reader\0_BEM_Setup\SimResults_neighbourhoods\option_9_j2_20260531_v1\CAN_MTL\RC-R\RC-R_EEM_J_DHW_ONLY_EEM4_20260531_114619\results
RC-R,RC-R,CAN_MTL,1,1,0,1,EEM_J_ENV_HVAC_EEM4,73.2393,7.8401,5.2861,21.7276,2.5859,28.3405,6.6008,90.5457,tier3,0,408,c:\Users\o_iseri\Desktop\idf_reader\0_BEM_Setup\SimResults_neighbourhoods\option_9_j2_20260531_v1\CAN_MTL\RC-R\RC-R_EEM_J_ENV_HVAC_EEM4_20260531_114625\RC-R_EEM_J_ENV_HVAC_EEM4_20260531_114625.idf,c:\Users\o_iseri\Desktop\idf_reader\0_BEM_Setup\SimResults_neighbourhoods\option_9_j2_20260531_v1\CAN_MTL\RC-R\RC-R_EEM_J_ENV_HVAC_EEM4_20260531_114625\results
RC-R,RC-R,CAN_MTL,1,0,1,1,EEM_J_ENV_DHW_EEM4,79.2453,29.1662,5.8059,6.6426,2.5859,28.3405,5.846,90.5457,tier3,0,643,c:\Users\o_iseri\Desktop\idf_reader\0_BEM_Setup\SimResults_neighbourhoods\option_9_j2_20260531_v1\CAN_MTL\RC-R\RC-R_EEM_J_ENV_DHW_EEM4_20260531_114626\RC-R_EEM_J_ENV_DHW_EEM4_20260531_114626.idf,c:\Users\o_iseri\Desktop\idf_reader\0_BEM_Setup\SimResults_neighbourhoods\option_9_j2_20260531_v1\CAN_MTL\RC-R\RC-R_EEM_J_ENV_DHW_EEM4_20260531_114626\results
RC-R,RC-R,CAN_MTL,0,1,1,1,EEM_J_HVAC_DHW_EEM4,71.4302,19.9199,5.0472,6.8162,2.5859,28.3405,7.8623,90.6004,tier3,0,648,c:\Users\o_iseri\Desktop\idf_reader\0_BEM_Setup\SimResults_neighbourhoods\option_9_j2_20260531_v1\CAN_MTL\RC-R\RC-R_EEM_J_HVAC_DHW_EEM4_20260531_114643\RC-R_EEM_J_HVAC_DHW_EEM4_20260531_114643.idf,c:\Users\o_iseri\Desktop\idf_reader\0_BEM_Setup\SimResults_neighbourhoods\option_9_j2_20260531_v1\CAN_MTL\RC-R\RC-R_EEM_J_HVAC_DHW_EEM4_20260531_114643\results
RC-R,RC-R,CAN_MTL,1,1,1,1,EEM_J_ENV_HVAC_DHW_EEM4,61.0471,10.553,5.3006,6.6432,2.5859,28.3405,6.7657,90.5457,tier3,0,704,c:\Users\o_iseri\Desktop\idf_reader\0_BEM_Setup\SimResults_neighbourhoods\option_9_j2_20260531_v1\CAN_MTL\RC-R\RC-R_EEM_J_ENV_HVAC_DHW_EEM4_20260531_114645\RC-R_EEM_J_ENV_HVAC_DHW_EEM4_20260531_114645.idf,c:\Users\o_iseri\Desktop\idf_reader\0_BEM_Setup\SimResults_neighbourhoods\option_9_j2_20260531_v1\CAN_MTL\RC-R\RC-R_EEM_J_ENV_HVAC_DHW_EEM4_20260531_114645\results
RC-MR1,RC-MR1,US_ASHRAE,0,0,0,0,EEM_J_DEFAULT,123.2618,16.1585,7.7355,37.7463,5.6721,46.3403,7.7364,0,native,0,904,c:\Users\o_iseri\Desktop\idf_reader\0_BEM_Setup\SimResults_neighbourhoods\option_9_j2_20260531_v1\US_ASHRAE\RC-MR1\RC-MR1_EEM_J_DEFAULT_20260601_015153\RC-MR1_EEM_J_DEFAULT_20260601_015153.idf,c:\Users\o_iseri\Desktop\idf_reader\0_BEM_Setup\SimResults_neighbourhoods\option_9_j2_20260531_v1\US_ASHRAE\RC-MR1\RC-MR1_EEM_J_DEFAULT_20260601_015153\results
RC-MR1,RC-MR1,US_ASHRAE,1,0,0,0,EEM_J_ENVELOPE,112.4111,1.5122,11.2397,37.2595,5.6721,46.3403,8.5146,73.0901,tier3,0,1150,c:\Users\o_iseri\Desktop\idf_reader\0_BEM_Setup\SimResults_neighbourhoods\option_9_j2_20260531_v1\US_ASHRAE\RC-MR1\RC-MR1_EEM_J_ENVELOPE_20260601_015202\RC-MR1_EEM_J_ENVELOPE_20260601_015202.idf,c:\Users\o_iseri\Desktop\idf_reader\0_BEM_Setup\SimResults_neighbourhoods\option_9_j2_20260531_v1\US_ASHRAE\RC-MR1\RC-MR1_EEM_J_ENVELOPE_20260601_015202\results
RC-MR1,RC-MR1,US_ASHRAE,0,1,0,0,EEM_J_HVAC_ONLY,112.2836,4.4913,8.3813,37.7466,5.6721,46.3403,7.7792,73.1043,tier3,0,1097,c:\Users\o_iseri\Desktop\idf_reader\0_BEM_Setup\SimResults_neighbourhoods\option_9_j2_20260531_v1\US_ASHRAE\RC-MR1\RC-MR1_EEM_J_HVAC_ONLY_20260601_015210\RC-MR1_EEM_J_HVAC_ONLY_20260601_015210.idf,c:\Users\o_iseri\Desktop\idf_reader\0_BEM_Setup\SimResults_neighbourhoods\option_9_j2_20260531_v1\US_ASHRAE\RC-MR1\RC-MR1_EEM_J_HVAC_ONLY_20260601_015210\results
RC-MR1,RC-MR1,US_ASHRAE,0,0,1,0,EEM_J_DHW_ONLY,101.6082,16.5821,7.5974,15.778,5.6721,46.3403,7.7656,73.1043,tier3,28,1814,c:\Users\o_iseri\Desktop\idf_reader\0_BEM_Setup\SimResults_neighbourhoods\option_9_j2_20260531_v1\US_ASHRAE\RC-MR1\RC-MR1_EEM_J_DHW_ONLY_20260601_015214\RC-MR1_EEM_J_DHW_ONLY_20260601_015214.idf,c:\Users\o_iseri\Desktop\idf_reader\0_BEM_Setup\SimResults_neighbourhoods\option_9_j2_20260531_v1\US_ASHRAE\RC-MR1\RC-MR1_EEM_J_DHW_ONLY_20260601_015214\results
RC-MR1,RC-MR1,US_ASHRAE,1,1,0,0,EEM_J_ENV_HVAC,111.5575,0.4346,12.1542,37.2595,5.6721,46.3403,7.8241,73.0901,tier3,0,1309,c:\Users\o_iseri\Desktop\idf_reader\0_BEM_Setup\SimResults_neighbourhoods\option_9_j2_20260531_v1\US_ASHRAE\RC-MR1\RC-MR1_EEM_J_ENV_HVAC_20260601_015216\RC-MR1_EEM_J_ENV_HVAC_20260601_015216.idf,c:\Users\o_iseri\Desktop\idf_reader\0_BEM_Setup\SimResults_neighbourhoods\option_9_j2_20260531_v1\US_ASHRAE\RC-MR1\RC-MR1_EEM_J_ENV_HVAC_20260601_015216\results
RC-MR1,RC-MR1,US_ASHRAE,1,0,1,0,EEM_J_ENV_DHW,90.5149,1.5407,10.9995,15.5948,5.6721,46.3403,8.4948,73.0901,tier3,0,2040,c:\Users\o_iseri\Desktop\idf_reader\0_BEM_Setup\SimResults_neighbourhoods\option_9_j2_20260531_v1\US_ASHRAE\RC-MR1\RC-MR1_EEM_J_ENV_DHW_20260601_015223\RC-MR1_EEM_J_ENV_DHW_20260601_015223.idf,c:\Users\o_iseri\Desktop\idf_reader\0_BEM_Setup\SimResults_neighbourhoods\option_9_j2_20260531_v1\US_ASHRAE\RC-MR1\RC-MR1_EEM_J_ENV_DHW_20260601_015223\results
RC-MR1,RC-MR1,US_ASHRAE,0,1,1,0,EEM_J_HVAC_DHW,90.3362,4.6074,8.2268,15.7746,5.6721,46.3403,7.8423,73.1043,tier3,60,1990,c:\Users\o_iseri\Desktop\idf_reader\0_BEM_Setup\SimResults_neighbourhoods\option_9_j2_20260531_v1\US_ASHRAE\RC-MR1\RC-MR1_EEM_J_HVAC_DHW_20260601_015230\RC-MR1_EEM_J_HVAC_DHW_20260601_015230.idf,c:\Users\o_iseri\Desktop\idf_reader\0_BEM_Setup\SimResults_neighbourhoods\option_9_j2_20260531_v1\US_ASHRAE\RC-MR1\RC-MR1_EEM_J_HVAC_DHW_20260601_015230\results
RC-MR1,RC-MR1,US_ASHRAE,1,1,1,0,EEM_J_ENV_HVAC_DHW,89.6557,0.4426,11.8941,15.5928,5.6721,46.3403,7.8411,73.0901,tier3,0,2199,c:\Users\o_iseri\Desktop\idf_reader\0_BEM_Setup\SimResults_neighbourhoods\option_9_j2_20260531_v1\US_ASHRAE\RC-MR1\RC-MR1_EEM_J_ENV_HVAC_DHW_20260601_015233\RC-MR1_EEM_J_ENV_HVAC_DHW_20260601_015233.idf,c:\Users\o_iseri\Desktop\idf_reader\0_BEM_Setup\SimResults_neighbourhoods\option_9_j2_20260531_v1\US_ASHRAE\RC-MR1\RC-MR1_EEM_J_ENV_HVAC_DHW_20260601_015233\results
RC-MR1,RC-MR1,US_ASHRAE,1,0,0,1,EEM_J_ENVELOPE_EEM4,84.9056,4.3032,6.9151,37.335,2.5663,25.0182,6.8952,73.0901,tier3,0,1511,c:\Users\o_iseri\Desktop\idf_reader\0_BEM_Setup\SimResults_neighbourhoods\option_9_j2_20260531_v1\US_ASHRAE\RC-MR1\RC-MR1_EEM_J_ENVELOPE_EEM4_20260601_015238\RC-MR1_EEM_J_ENVELOPE_EEM4_20260601_015238.idf,c:\Users\o_iseri\Desktop\idf_reader\0_BEM_Setup\SimResults_neighbourhoods\option_9_j2_20260531_v1\US_ASHRAE\RC-MR1\RC-MR1_EEM_J_ENVELOPE_EEM4_20260601_015238\results
RC-MR1,RC-MR1,US_ASHRAE,1,1,0,1,EEM_J_ENV_HVAC_EEM4,82.2097,1.2042,7.4813,37.335,2.5663,25.0182,6.7321,73.0901,tier3,16,1655,c:\Users\o_iseri\Desktop\idf_reader\0_BEM_Setup\SimResults_neighbourhoods\option_9_j2_20260531_v1\US_ASHRAE\RC-MR1\RC-MR1_EEM_J_ENV_HVAC_EEM4_20260601_015241\RC-MR1_EEM_J_ENV_HVAC_EEM4_20260601_015241.idf,c:\Users\o_iseri\Desktop\idf_reader\0_BEM_Setup\SimResults_neighbourhoods\option_9_j2_20260531_v1\US_ASHRAE\RC-MR1\RC-MR1_EEM_J_ENV_HVAC_EEM4_20260601_015241\results
RC-MR1,RC-MR1,US_ASHRAE,1,0,1,1,EEM_J_ENV_DHW_EEM4,63.2703,4.5782,6.7347,15.6049,2.5663,25.0182,6.8955,73.0901,tier3,65,2421,c:\Users\o_iseri\Desktop\idf_reader\0_BEM_Setup\SimResults_neighbourhoods\option_9_j2_20260531_v1\US_ASHRAE\RC-MR1\RC-MR1_EEM_J_ENV_DHW_EEM4_20260601_015247\RC-MR1_EEM_J_ENV_DHW_EEM4_20260601_015247.idf,c:\Users\o_iseri\Desktop\idf_reader\0_BEM_Setup\SimResults_neighbourhoods\option_9_j2_20260531_v1\US_ASHRAE\RC-MR1\RC-MR1_EEM_J_ENV_DHW_EEM4_20260601_015247\results
RC-MR1,RC-MR1,US_ASHRAE,1,1,1,1,EEM_J_ENV_HVAC_DHW_EEM4,60.391,1.2777,7.2769,15.6057,2.5663,25.0182,6.7736,73.0901,tier3,104,2570,c:\Users\o_iseri\Desktop\idf_reader\0_BEM_Setup\SimResults_neighbourhoods\option_9_j2_20260531_v1\US_ASHRAE\RC-MR1\RC-MR1_EEM_J_ENV_HVAC_DHW_EEM4_20260601_015248\RC-MR1_EEM_J_ENV_HVAC_DHW_EEM4_20260601_015248.idf,c:\Users\o_iseri\Desktop\idf_reader\0_BEM_Setup\SimResults_neighbourhoods\option_9_j2_20260531_v1\US_ASHRAE\RC-MR1\RC-MR1_EEM_J_ENV_HVAC_DHW_EEM4_20260601_015248\results
RC-MR2,RC-MR2,US_ASHRAE,0,0,0,0,EEM_J_DEFAULT,137.7332,29.992,6.5201,43.6113,5.6307,41.5261,8.2143,0,native,0,6821,c:\Users\o_iseri\Desktop\idf_reader\0_BEM_Setup\SimResults_neighbourhoods\option_9_j2_20260531_v1\US_ASHRAE\RC-MR2\RC-MR2_EEM_J_DEFAULT_20260601_015302\RC-MR2_EEM_J_DEFAULT_20260601_015302.idf,c:\Users\o_iseri\Desktop\idf_reader\0_BEM_Setup\SimResults_neighbourhoods\option_9_j2_20260531_v1\US_ASHRAE\RC-MR2\RC-MR2_EEM_J_DEFAULT_20260601_015302\results
RC-MR2,RC-MR2,US_ASHRAE,1,0,0,0,EEM_J_ENVELOPE,113.7712,1.8354,10.4288,43.4704,5.6307,41.5261,8.641,66.2511,tier3,0,7228,c:\Users\o_iseri\Desktop\idf_reader\0_BEM_Setup\SimResults_neighbourhoods\option_9_j2_20260531_v1\US_ASHRAE\RC-MR2\RC-MR2_EEM_J_ENVELOPE_20260601_015307\RC-MR2_EEM_J_ENVELOPE_20260601_015307.idf,c:\Users\o_iseri\Desktop\idf_reader\0_BEM_Setup\SimResults_neighbourhoods\option_9_j2_20260531_v1\US_ASHRAE\RC-MR2\RC-MR2_EEM_J_ENVELOPE_20260601_015307\results
RC-MR2,RC-MR2,US_ASHRAE,0,1,0,0,EEM_J_HVAC_ONLY,117.2178,8.2231,7.566,43.6116,5.6307,41.5261,8.4216,66.2511,tier3,0,7417,c:\Users\o_iseri\Desktop\idf_reader\0_BEM_Setup\SimResults_neighbourhoods\option_9_j2_20260531_v1\US_ASHRAE\RC-MR2\RC-MR2_EEM_J_HVAC_ONLY_20260601_015312\RC-MR2_EEM_J_HVAC_ONLY_20260601_015312.idf,c:\Users\o_iseri\Desktop\idf_reader\0_BEM_Setup\SimResults_neighbourhoods\option_9_j2_20260531_v1\US_ASHRAE\RC-MR2\RC-MR2_EEM_J_HVAC_ONLY_20260601_015312\results
RC-MR2,RC-MR2,US_ASHRAE,0,0,1,0,EEM_J_DHW_ONLY,112.8054,30.8163,6.3508,17.9848,5.6307,41.5261,8.258,66.2511,tier3,32,9472,c:\Users\o_iseri\Desktop\idf_reader\0_BEM_Setup\SimResults_neighbourhoods\option_9_j2_20260531_v1\US_ASHRAE\RC-MR2\RC-MR2_EEM_J_DHW_ONLY_20260601_015313\RC-MR2_EEM_J_DHW_ONLY_20260601_015313.idf,c:\Users\o_iseri\Desktop\idf_reader\0_BEM_Setup\SimResults_neighbourhoods\option_9_j2_20260531_v1\US_ASHRAE\RC-MR2\RC-MR2_EEM_J_DHW_ONLY_20260601_015313\results
RC-MR2,RC-MR2,US_ASHRAE,1,1,0,0,EEM_J_ENV_HVAC,112.9858,0.5174,11.8941,43.4706,5.6307,41.5261,7.7083,66.2511,tier3,0,7811,c:\Users\o_iseri\Desktop\idf_reader\0_BEM_Setup\SimResults_neighbourhoods\option_9_j2_20260531_v1\US_ASHRAE\RC-MR2\RC-MR2_EEM_J_ENV_HVAC_20260601_015326\RC-MR2_EEM_J_ENV_HVAC_20260601_015326.idf,c:\Users\o_iseri\Desktop\idf_reader\0_BEM_Setup\SimResults_neighbourhoods\option_9_j2_20260531_v1\US_ASHRAE\RC-MR2\RC-MR2_EEM_J_ENV_HVAC_20260601_015326\results
RC-MR2,RC-MR2,US_ASHRAE,1,0,1,0,EEM_J_ENV_DHW,88.0435,2.0404,10.1261,17.8619,5.6307,41.5261,8.6195,66.2511,tier3,2,9854,c:\Users\o_iseri\Desktop\idf_reader\0_BEM_Setup\SimResults_neighbourhoods\option_9_j2_20260531_v1\US_ASHRAE\RC-MR2\RC-MR2_EEM_J_ENV_DHW_20260601_015346\RC-MR2_EEM_J_ENV_DHW_20260601_015346.idf,c:\Users\o_iseri\Desktop\idf_reader\0_BEM_Setup\SimResults_neighbourhoods\option_9_j2_20260531_v1\US_ASHRAE\RC-MR2\RC-MR2_EEM_J_ENV_DHW_20260601_015346\results
RC-MR2,RC-MR2,US_ASHRAE,0,1,1,0,EEM_J_HVAC_DHW,91.7039,8.4388,7.3745,17.9844,5.6307,41.5261,8.5107,66.2511,tier3,32,10055,c:\Users\o_iseri\Desktop\idf_reader\0_BEM_Setup\SimResults_neighbourhoods\option_9_j2_20260531_v1\US_ASHRAE\RC-MR2\RC-MR2_EEM_J_HVAC_DHW_20260601_015352\RC-MR2_EEM_J_HVAC_DHW_20260601_015352.idf,c:\Users\o_iseri\Desktop\idf_reader\0_BEM_Setup\SimResults_neighbourhoods\option_9_j2_20260531_v1\US_ASHRAE\RC-MR2\RC-MR2_EEM_J_HVAC_DHW_20260601_015352\results
RC-MR2,RC-MR2,US_ASHRAE,1,1,1,0,EEM_J_ENV_HVAC_DHW,87.1259,0.574,11.5623,17.86,5.6307,41.5261,7.7341,66.2511,tier3,3,10444,c:\Users\o_iseri\Desktop\idf_reader\0_BEM_Setup\SimResults_neighbourhoods\option_9_j2_20260531_v1\US_ASHRAE\RC-MR2\RC-MR2_EEM_J_ENV_HVAC_DHW_20260601_015352\RC-MR2_EEM_J_ENV_HVAC_DHW_20260601_015352.idf,c:\Users\o_iseri\Desktop\idf_reader\0_BEM_Setup\SimResults_neighbourhoods\option_9_j2_20260531_v1\US_ASHRAE\RC-MR2\RC-MR2_EEM_J_ENV_HVAC_DHW_20260601_015352\results
RC-MR2,RC-MR2,US_ASHRAE,1,0,0,1,EEM_J_ENVELOPE_EEM4,88.6705,7.3642,5.8266,43.547,2.2983,20.6646,6.7312,66.2511,tier3,0,8770,c:\Users\o_iseri\Desktop\idf_reader\0_BEM_Setup\SimResults_neighbourhoods\option_9_j2_20260531_v1\US_ASHRAE\RC-MR2\RC-MR2_EEM_J_ENVELOPE_EEM4_20260601_015400\RC-MR2_EEM_J_ENVELOPE_EEM4_20260601_015400.idf,c:\Users\o_iseri\Desktop\idf_reader\0_BEM_Setup\SimResults_neighbourhoods\option_9_j2_20260531_v1\US_ASHRAE\RC-MR2\RC-MR2_EEM_J_ENVELOPE_EEM4_20260601_015400\results
RC-MR2,RC-MR2,US_ASHRAE,1,1,0,1,EEM_J_ENV_HVAC_EEM4,84.0236,1.9873,6.7377,43.5472,2.2983,20.6646,6.5499,66.2511,tier3,0,9360,c:\Users\o_iseri\Desktop\idf_reader\0_BEM_Setup\SimResults_neighbourhoods\option_9_j2_20260531_v1\US_ASHRAE\RC-MR2\RC-MR2_EEM_J_ENV_HVAC_EEM4_20260601_015411\RC-MR2_EEM_J_ENV_HVAC_EEM4_20260601_015411.idf,c:\Users\o_iseri\Desktop\idf_reader\0_BEM_Setup\SimResults_neighbourhoods\option_9_j2_20260531_v1\US_ASHRAE\RC-MR2\RC-MR2_EEM_J_ENV_HVAC_EEM4_20260601_015411\results
RC-MR2,RC-MR2,US_ASHRAE,1,0,1,1,EEM_J_ENV_DHW_EEM4,63.3367,7.9461,5.5946,17.8573,2.2983,20.6646,6.7372,66.2511,tier3,86,11390,c:\Users\o_iseri\Desktop\idf_reader\0_BEM_Setup\SimResults_neighbourhoods\option_9_j2_20260531_v1\US_ASHRAE\RC-MR2\RC-MR2_EEM_J_ENV_DHW_EEM4_20260601_015412\RC-MR2_EEM_J_ENV_DHW_EEM4_20260601_015412.idf,c:\Users\o_iseri\Desktop\idf_reader\0_BEM_Setup\SimResults_neighbourhoods\option_9_j2_20260531_v1\US_ASHRAE\RC-MR2\RC-MR2_EEM_J_ENV_DHW_EEM4_20260601_015412\results
RC-MR2,RC-MR2,US_ASHRAE,1,1,1,1,EEM_J_ENV_HVAC_DHW_EEM4,58.2953,2.1427,6.4737,17.8635,2.2983,20.6646,6.6138,66.2511,tier3,86,11987,c:\Users\o_iseri\Desktop\idf_reader\0_BEM_Setup\SimResults_neighbourhoods\option_9_j2_20260531_v1\US_ASHRAE\RC-MR2\RC-MR2_EEM_J_ENV_HVAC_DHW_EEM4_20260601_015415\RC-MR2_EEM_J_ENV_HVAC_DHW_EEM4_20260601_015415.idf,c:\Users\o_iseri\Desktop\idf_reader\0_BEM_Setup\SimResults_neighbourhoods\option_9_j2_20260531_v1\US_ASHRAE\RC-MR2\RC-MR2_EEM_J_ENV_HVAC_DHW_EEM4_20260601_015415\results
RC-MR3,RC-MR3,US_ASHRAE,0,0,0,0,EEM_J_DEFAULT,137.879,30.4309,6.2983,43.6147,5.6307,41.526,8.1398,0,native,0,9992,c:\Users\o_iseri\Desktop\idf_reader\0_BEM_Setup\SimResults_neighbourhoods\option_9_j2_20260531_v1\US_ASHRAE\RC-MR3\RC-MR3_EEM_J_DEFAULT_20260601_015424\RC-MR3_EEM_J_DEFAULT_20260601_015424.idf,c:\Users\o_iseri\Desktop\idf_reader\0_BEM_Setup\SimResults_neighbourhoods\option_9_j2_20260531_v1\US_ASHRAE\RC-MR3\RC-MR3_EEM_J_DEFAULT_20260601_015424\results
RC-MR3,RC-MR3,US_ASHRAE,1,0,0,0,EEM_J_ENVELOPE,113.4278,1.9823,10.0716,43.4743,5.6307,41.526,8.5042,66.2511,tier3,0,10599,c:\Users\o_iseri\Desktop\idf_reader\0_BEM_Setup\SimResults_neighbourhoods\option_9_j2_20260531_v1\US_ASHRAE\RC-MR3\RC-MR3_EEM_J_ENVELOPE_20260601_015432\RC-MR3_EEM_J_ENVELOPE_20260601_015432.idf,c:\Users\o_iseri\Desktop\idf_reader\0_BEM_Setup\SimResults_neighbourhoods\option_9_j2_20260531_v1\US_ASHRAE\RC-MR3\RC-MR3_EEM_J_ENVELOPE_20260601_015432\results
RC-MR3,RC-MR3,US_ASHRAE,0,1,0,0,EEM_J_HVAC_ONLY,117.0369,8.3372,7.3121,43.6149,5.6307,41.526,8.3774,66.2511,tier3,0,10870,c:\Users\o_iseri\Desktop\idf_reader\0_BEM_Setup\SimResults_neighbourhoods\option_9_j2_20260531_v1\US_ASHRAE\RC-MR3\RC-MR3_EEM_J_HVAC_ONLY_20260601_015437\RC-MR3_EEM_J_HVAC_ONLY_20260601_015437.idf,c:\Users\o_iseri\Desktop\idf_reader\0_BEM_Setup\SimResults_neighbourhoods\option_9_j2_20260531_v1\US_ASHRAE\RC-MR3\RC-MR3_EEM_J_HVAC_ONLY_20260601_015437\results
RC-MR3,RC-MR3,US_ASHRAE,0,0,1,0,EEM_J_DHW_ONLY,112.9638,31.2631,6.1314,17.9887,5.6307,41.526,8.1853,66.2511,tier3,48,13967,c:\Users\o_iseri\Desktop\idf_reader\0_BEM_Setup\SimResults_neighbourhoods\option_9_j2_20260531_v1\US_ASHRAE\RC-MR3\RC-MR3_EEM_J_DHW_ONLY_20260601_015442\RC-MR3_EEM_J_DHW_ONLY_20260601_015442.idf,c:\Users\o_iseri\Desktop\idf_reader\0_BEM_Setup\SimResults_neighbourhoods\option_9_j2_20260531_v1\US_ASHRAE\RC-MR3\RC-MR3_EEM_J_DHW_ONLY_20260601_015442\results
RC-MR3,RC-MR3,US_ASHRAE,1,1,0,0,EEM_J_ENV_HVAC,112.5349,0.557,11.4935,43.4745,5.6307,41.526,7.6145,66.2511,tier3,0,11481,c:\Users\o_iseri\Desktop\idf_reader\0_BEM_Setup\SimResults_neighbourhoods\option_9_j2_20260531_v1\US_ASHRAE\RC-MR3\RC-MR3_EEM_J_ENV_HVAC_20260601_015444\RC-MR3_EEM_J_ENV_HVAC_20260601_015444.idf,c:\Users\o_iseri\Desktop\idf_reader\0_BEM_Setup\SimResults_neighbourhoods\option_9_j2_20260531_v1\US_ASHRAE\RC-MR3\RC-MR3_EEM_J_ENV_HVAC_20260601_015444\results
RC-MR3,RC-MR3,US_ASHRAE,1,0,1,0,EEM_J_ENV_DHW,87.7043,2.1921,9.7694,17.8655,5.6307,41.526,8.482,66.2511,tier3,11,14543,c:\Users\o_iseri\Desktop\idf_reader\0_BEM_Setup\SimResults_neighbourhoods\option_9_j2_20260531_v1\US_ASHRAE\RC-MR3\RC-MR3_EEM_J_ENV_DHW_20260601_015531\RC-MR3_EEM_J_ENV_DHW_20260601_015531.idf,c:\Users\o_iseri\Desktop\idf_reader\0_BEM_Setup\SimResults_neighbourhoods\option_9_j2_20260531_v1\US_ASHRAE\RC-MR3\RC-MR3_EEM_J_ENV_DHW_20260601_015531\results
RC-MR3,RC-MR3,US_ASHRAE,0,1,1,0,EEM_J_HVAC_DHW,91.53,8.5546,7.1238,17.9879,5.6307,41.526,8.4683,66.2511,tier3,48,14852,c:\Users\o_iseri\Desktop\idf_reader\0_BEM_Setup\SimResults_neighbourhoods\option_9_j2_20260531_v1\US_ASHRAE\RC-MR3\RC-MR3_EEM_J_HVAC_DHW_20260601_015541\RC-MR3_EEM_J_HVAC_DHW_20260601_015541.idf,c:\Users\o_iseri\Desktop\idf_reader\0_BEM_Setup\SimResults_neighbourhoods\option_9_j2_20260531_v1\US_ASHRAE\RC-MR3\RC-MR3_EEM_J_HVAC_DHW_20260601_015541\results
RC-MR3,RC-MR3,US_ASHRAE,1,1,1,0,EEM_J_ENV_HVAC_DHW,86.6773,0.615,11.1622,17.8645,5.6307,41.526,7.6403,66.2511,tier3,15,15438,c:\Users\o_iseri\Desktop\idf_reader\0_BEM_Setup\SimResults_neighbourhoods\option_9_j2_20260531_v1\US_ASHRAE\RC-MR3\RC-MR3_EEM_J_ENV_HVAC_DHW_20260601_015543\RC-MR3_EEM_J_ENV_HVAC_DHW_20260601_015543.idf,c:\Users\o_iseri\Desktop\idf_reader\0_BEM_Setup\SimResults_neighbourhoods\option_9_j2_20260531_v1\US_ASHRAE\RC-MR3\RC-MR3_EEM_J_ENV_HVAC_DHW_20260601_015543\results
RC-MR3,RC-MR3,US_ASHRAE,1,0,0,1,EEM_J_ENVELOPE_EEM4,88.6526,7.74,5.5149,43.5508,2.3261,20.6644,6.6177,66.2511,tier3,0,12885,c:\Users\o_iseri\Desktop\idf_reader\0_BEM_Setup\SimResults_neighbourhoods\option_9_j2_20260531_v1\US_ASHRAE\RC-MR3\RC-MR3_EEM_J_ENVELOPE_EEM4_20260601_015554\RC-MR3_EEM_J_ENVELOPE_EEM4_20260601_015554.idf,c:\Users\o_iseri\Desktop\idf_reader\0_BEM_Setup\SimResults_neighbourhoods\option_9_j2_20260531_v1\US_ASHRAE\RC-MR3\RC-MR3_EEM_J_ENVELOPE_EEM4_20260601_015554\results
RC-MR3,RC-MR3,US_ASHRAE,1,1,0,1,EEM_J_ENV_HVAC_EEM4,83.7236,2.08,6.3827,43.5509,2.3261,20.6644,6.4809,66.2511,tier3,0,13785,c:\Users\o_iseri\Desktop\idf_reader\0_BEM_Setup\SimResults_neighbourhoods\option_9_j2_20260531_v1\US_ASHRAE\RC-MR3\RC-MR3_EEM_J_ENV_HVAC_EEM4_20260601_015612\RC-MR3_EEM_J_ENV_HVAC_EEM4_20260601_015612.idf,c:\Users\o_iseri\Desktop\idf_reader\0_BEM_Setup\SimResults_neighbourhoods\option_9_j2_20260531_v1\US_ASHRAE\RC-MR3\RC-MR3_EEM_J_ENV_HVAC_EEM4_20260601_015612\results
RC-MR3,RC-MR3,US_ASHRAE,1,0,1,1,EEM_J_ENV_DHW_EEM4,63.3358,8.325,5.2864,17.8692,2.3261,20.6644,6.6261,66.2511,tier3,126,16842,c:\Users\o_iseri\Desktop\idf_reader\0_BEM_Setup\SimResults_neighbourhoods\option_9_j2_20260531_v1\US_ASHRAE\RC-MR3\RC-MR3_EEM_J_ENV_DHW_EEM4_20260601_015623\RC-MR3_EEM_J_ENV_DHW_EEM4_20260601_015623.idf,c:\Users\o_iseri\Desktop\idf_reader\0_BEM_Setup\SimResults_neighbourhoods\option_9_j2_20260531_v1\US_ASHRAE\RC-MR3\RC-MR3_EEM_J_ENV_DHW_EEM4_20260601_015623\results
RC-MR3,RC-MR3,US_ASHRAE,1,1,1,1,EEM_J_ENV_HVAC_DHW_EEM4,58.0099,2.2379,6.1226,17.8742,2.3261,20.6644,6.5461,66.2511,tier3,125,17727,c:\Users\o_iseri\Desktop\idf_reader\0_BEM_Setup\SimResults_neighbourhoods\option_9_j2_20260531_v1\US_ASHRAE\RC-MR3\RC-MR3_EEM_J_ENV_HVAC_DHW_EEM4_20260601_015631\RC-MR3_EEM_J_ENV_HVAC_DHW_EEM4_20260601_015631.idf,c:\Users\o_iseri\Desktop\idf_reader\0_BEM_Setup\SimResults_neighbourhoods\option_9_j2_20260531_v1\US_ASHRAE\RC-MR3\RC-MR3_EEM_J_ENV_HVAC_DHW_EEM4_20260601_015631\results
RC-D,RC-D,US_ASHRAE,0,0,0,0,EEM_J_DEFAULT,131.7212,45.4896,5.8858,22.1286,4.7017,46.5502,6.107,0,native,0,547,c:\Users\o_iseri\Desktop\idf_reader\0_BEM_Setup\SimResults_neighbourhoods\option_9_j2_20260531_v1\US_ASHRAE\RC-D\RC-D_EEM_J_DEFAULT_20260601_015634\RC-D_EEM_J_DEFAULT_20260601_015634.idf,c:\Users\o_iseri\Desktop\idf_reader\0_BEM_Setup\SimResults_neighbourhoods\option_9_j2_20260531_v1\US_ASHRAE\RC-D\RC-D_EEM_J_DEFAULT_20260601_015634\results
RC-D,RC-D,US_ASHRAE,1,0,0,0,EEM_J_ENVELOPE,103.8156,17.688,6.5884,21.6909,4.7017,46.5502,5.7381,97.2344,tier3,0,643,c:\Users\o_iseri\Desktop\idf_reader\0_BEM_Setup\SimResults_neighbourhoods\option_9_j2_20260531_v1\US_ASHRAE\RC-D\RC-D_EEM_J_ENVELOPE_20260601_015646\RC-D_EEM_J_ENVELOPE_20260601_015646.idf,c:\Users\o_iseri\Desktop\idf_reader\0_BEM_Setup\SimResults_neighbourhoods\option_9_j2_20260531_v1\US_ASHRAE\RC-D\RC-D_EEM_J_ENVELOPE_20260601_015646\results
RC-D,RC-D,US_ASHRAE,0,1,0,0,EEM_J_HVAC_ONLY,99.2104,12.225,5.354,22.1324,4.7017,46.5502,7.3889,97.3235,tier3,0,696,c:\Users\o_iseri\Desktop\idf_reader\0_BEM_Setup\SimResults_neighbourhoods\option_9_j2_20260531_v1\US_ASHRAE\RC-D\RC-D_EEM_J_HVAC_ONLY_20260601_015652\RC-D_EEM_J_HVAC_ONLY_20260601_015652.idf,c:\Users\o_iseri\Desktop\idf_reader\0_BEM_Setup\SimResults_neighbourhoods\option_9_j2_20260531_v1\US_ASHRAE\RC-D\RC-D_EEM_J_HVAC_ONLY_20260601_015652\results
RC-D,RC-D,US_ASHRAE,0,0,1,0,EEM_J_DHW_ONLY,119.1686,48.0679,5.9096,6.8062,4.7017,46.5502,6.2746,97.3235,tier3,0,1123,c:\Users\o_iseri\Desktop\idf_reader\0_BEM_Setup\SimResults_neighbourhoods\option_9_j2_20260531_v1\US_ASHRAE\RC-D\RC-D_EEM_J_DHW_ONLY_20260601_015652\RC-D_EEM_J_DHW_ONLY_20260601_015652.idf,c:\Users\o_iseri\Desktop\idf_reader\0_BEM_Setup\SimResults_neighbourhoods\option_9_j2_20260531_v1\US_ASHRAE\RC-D\RC-D_EEM_J_DHW_ONLY_20260601_015652\results
RC-D,RC-D,US_ASHRAE,1,1,0,0,EEM_J_ENV_HVAC,90.925,4.8688,5.9209,21.6909,4.7017,46.5502,6.3342,97.2344,tier3,0,792,c:\Users\o_iseri\Desktop\idf_reader\0_BEM_Setup\SimResults_neighbourhoods\option_9_j2_20260531_v1\US_ASHRAE\RC-D\RC-D_EEM_J_ENV_HVAC_20260601_015704\RC-D_EEM_J_ENV_HVAC_20260601_015704.idf,c:\Users\o_iseri\Desktop\idf_reader\0_BEM_Setup\SimResults_neighbourhoods\option_9_j2_20260531_v1\US_ASHRAE\RC-D\RC-D_EEM_J_ENV_HVAC_20260601_015704\results
RC-D,RC-D,US_ASHRAE,1,0,1,0,EEM_J_ENV_DHW,91.5905,20.3564,6.6047,6.618,4.7017,46.5502,5.9013,97.2344,tier3,0,1219,c:\Users\o_iseri\Desktop\idf_reader\0_BEM_Setup\SimResults_neighbourhoods\option_9_j2_20260531_v1\US_ASHRAE\RC-D\RC-D_EEM_J_ENV_DHW_20260601_015841\RC-D_EEM_J_ENV_DHW_20260601_015841.idf,c:\Users\o_iseri\Desktop\idf_reader\0_BEM_Setup\SimResults_neighbourhoods\option_9_j2_20260531_v1\US_ASHRAE\RC-D\RC-D_EEM_J_ENV_DHW_20260601_015841\results
RC-D,RC-D,US_ASHRAE,0,1,1,0,EEM_J_HVAC_DHW,86.7412,14.8943,5.3751,6.8102,4.7017,46.5502,7.5515,97.3235,tier3,0,1272,c:\Users\o_iseri\Desktop\idf_reader\0_BEM_Setup\SimResults_neighbourhoods\option_9_j2_20260531_v1\US_ASHRAE\RC-D\RC-D_EEM_J_HVAC_DHW_20260601_015845\RC-D_EEM_J_HVAC_DHW_20260601_015845.idf,c:\Users\o_iseri\Desktop\idf_reader\0_BEM_Setup\SimResults_neighbourhoods\option_9_j2_20260531_v1\US_ASHRAE\RC-D\RC-D_EEM_J_HVAC_DHW_20260601_015845\results
RC-D,RC-D,US_ASHRAE,1,1,1,0,EEM_J_ENV_HVAC_DHW,78.7154,7.5528,5.9364,6.6183,4.7017,46.5502,6.4977,97.2344,tier3,0,1368,c:\Users\o_iseri\Desktop\idf_reader\0_BEM_Setup\SimResults_neighbourhoods\option_9_j2_20260531_v1\US_ASHRAE\RC-D\RC-D_EEM_J_ENV_HVAC_DHW_20260601_015913\RC-D_EEM_J_ENV_HVAC_DHW_20260601_015913.idf,c:\Users\o_iseri\Desktop\idf_reader\0_BEM_Setup\SimResults_neighbourhoods\option_9_j2_20260531_v1\US_ASHRAE\RC-D\RC-D_EEM_J_ENV_HVAC_DHW_20260601_015913\results
RC-D,RC-D,US_ASHRAE,0,0,0,1,EEM_J_EEM4_ONLY,116.7193,52.1984,4.7022,22.1339,2.5859,28.3405,5.9001,97.3235,tier3,0,547,c:\Users\o_iseri\Desktop\idf_reader\0_BEM_Setup\SimResults_neighbourhoods\option_9_j2_20260531_v1\US_ASHRAE\RC-D\RC-D_EEM_J_EEM4_ONLY_20260601_015920\RC-D_EEM_J_EEM4_ONLY_20260601_015920.idf,c:\Users\o_iseri\Desktop\idf_reader\0_BEM_Setup\SimResults_neighbourhoods\option_9_j2_20260531_v1\US_ASHRAE\RC-D\RC-D_EEM_J_EEM4_ONLY_20260601_015920\results
RC-D,RC-D,US_ASHRAE,1,0,0,1,EEM_J_ENVELOPE_EEM4,87.4562,23.2703,5.1623,21.7112,2.5859,28.3405,5.5278,97.2344,tier3,0,551,c:\Users\o_iseri\Desktop\idf_reader\0_BEM_Setup\SimResults_neighbourhoods\option_9_j2_20260531_v1\US_ASHRAE\RC-D\RC-D_EEM_J_ENVELOPE_EEM4_20260601_015930\RC-D_EEM_J_ENVELOPE_EEM4_20260601_015930.idf,c:\Users\o_iseri\Desktop\idf_reader\0_BEM_Setup\SimResults_neighbourhoods\option_9_j2_20260531_v1\US_ASHRAE\RC-D\RC-D_EEM_J_ENVELOPE_EEM4_20260601_015930\results
RC-D,RC-D,US_ASHRAE,0,1,0,1,EEM_J_HVAC_ONLY_EEM4,79.2659,13.6594,4.296,22.1425,2.5859,28.3405,7.3833,97.3235,tier3,0,696,c:\Users\o_iseri\Desktop\idf_reader\0_BEM_Setup\SimResults_neighbourhoods\option_9_j2_20260531_v1\US_ASHRAE\RC-D\RC-D_EEM_J_HVAC_ONLY_EEM4_20260601_015941\RC-D_EEM_J_HVAC_ONLY_EEM4_20260601_015941.idf,c:\Users\o_iseri\Desktop\idf_reader\0_BEM_Setup\SimResults_neighbourhoods\option_9_j2_20260531_v1\US_ASHRAE\RC-D\RC-D_EEM_J_HVAC_ONLY_EEM4_20260601_015941\results
RC-D,RC-D,US_ASHRAE,0,0,1,1,EEM_J_DHW_ONLY_EEM4,104.1519,54.7697,4.7242,6.8055,2.5859,28.3405,6.0678,97.3235,tier3,0,1123,c:\Users\o_iseri\Desktop\idf_reader\0_BEM_Setup\SimResults_neighbourhoods\option_9_j2_20260531_v1\US_ASHRAE\RC-D\RC-D_EEM_J_DHW_ONLY_EEM4_20260601_015951\RC-D_EEM_J_DHW_ONLY_EEM4_20260601_015951.idf,c:\Users\o_iseri\Desktop\idf_reader\0_BEM_Setup\SimResults_neighbourhoods\option_9_j2_20260531_v1\US_ASHRAE\RC-D\RC-D_EEM_J_DHW_ONLY_EEM4_20260601_015951\results
RC-D,RC-D,US_ASHRAE,1,1,0,1,EEM_J_ENV_HVAC_EEM4,70.791,6.3206,4.6397,21.7114,2.5859,28.3405,6.3346,97.2344,tier3,0,700,c:\Users\o_iseri\Desktop\idf_reader\0_BEM_Setup\SimResults_neighbourhoods\option_9_j2_20260531_v1\US_ASHRAE\RC-D\RC-D_EEM_J_ENV_HVAC_EEM4_20260601_020000\RC-D_EEM_J_ENV_HVAC_EEM4_20260601_020000.idf,c:\Users\o_iseri\Desktop\idf_reader\0_BEM_Setup\SimResults_neighbourhoods\option_9_j2_20260531_v1\US_ASHRAE\RC-D\RC-D_EEM_J_ENV_HVAC_EEM4_20260601_020000\results
RC-D,RC-D,US_ASHRAE,1,0,1,1,EEM_J_ENV_DHW_EEM4,75.2146,25.9353,5.1781,6.6254,2.5859,28.3405,5.691,97.2344,tier3,0,1127,c:\Users\o_iseri\Desktop\idf_reader\0_BEM_Setup\SimResults_neighbourhoods\option_9_j2_20260531_v1\US_ASHRAE\RC-D\RC-D_EEM_J_ENV_DHW_EEM4_20260601_020040\RC-D_EEM_J_ENV_DHW_EEM4_20260601_020040.idf,c:\Users\o_iseri\Desktop\idf_reader\0_BEM_Setup\SimResults_neighbourhoods\option_9_j2_20260531_v1\US_ASHRAE\RC-D\RC-D_EEM_J_ENV_DHW_EEM4_20260601_020040\results
RC-D,RC-D,US_ASHRAE,0,1,1,1,EEM_J_HVAC_DHW_EEM4,66.7908,16.3343,4.3151,6.81,2.5859,28.3405,7.5467,97.3235,tier3,0,1272,c:\Users\o_iseri\Desktop\idf_reader\0_BEM_Setup\SimResults_neighbourhoods\option_9_j2_20260531_v1\US_ASHRAE\RC-D\RC-D_EEM_J_HVAC_DHW_EEM4_20260601_020113\RC-D_EEM_J_HVAC_DHW_EEM4_20260601_020113.idf,c:\Users\o_iseri\Desktop\idf_reader\0_BEM_Setup\SimResults_neighbourhoods\option_9_j2_20260531_v1\US_ASHRAE\RC-D\RC-D_EEM_J_HVAC_DHW_EEM4_20260601_020113\results
RC-D,RC-D,US_ASHRAE,1,1,1,1,EEM_J_ENV_HVAC_DHW_EEM4,58.5673,9.0053,4.6545,6.6248,2.5859,28.3405,6.4979,97.2344,tier3,0,1276,c:\Users\o_iseri\Desktop\idf_reader\0_BEM_Setup\SimResults_neighbourhoods\option_9_j2_20260531_v1\US_ASHRAE\RC-D\RC-D_EEM_J_ENV_HVAC_DHW_EEM4_20260601_020121\RC-D_EEM_J_ENV_HVAC_DHW_EEM4_20260601_020121.idf,c:\Users\o_iseri\Desktop\idf_reader\0_BEM_Setup\SimResults_neighbourhoods\option_9_j2_20260531_v1\US_ASHRAE\RC-D\RC-D_EEM_J_ENV_HVAC_DHW_EEM4_20260601_020121\results
RC-ML,RC-ML,US_ASHRAE,0,0,0,0,EEM_J_DEFAULT,133.4515,38.9343,5.8942,24.4552,5.2214,51.6957,6.2976,0,native,0,643,c:\Users\o_iseri\Desktop\idf_reader\0_BEM_Setup\SimResults_neighbourhoods\option_9_j2_20260531_v1\US_ASHRAE\RC-ML\RC-ML_EEM_J_DEFAULT_20260601_020135\RC-ML_EEM_J_DEFAULT_20260601_020135.idf,c:\Users\o_iseri\Desktop\idf_reader\0_BEM_Setup\SimResults_neighbourhoods\option_9_j2_20260531_v1\US_ASHRAE\RC-ML\RC-ML_EEM_J_DEFAULT_20260601_020135\results
RC-ML,RC-ML,US_ASHRAE,1,0,0,0,EEM_J_ENVELOPE,107.5783,13.0352,6.8228,23.8435,5.2214,51.6957,6.0066,89.3585,tier3,0,739,c:\Users\o_iseri\Desktop\idf_reader\0_BEM_Setup\SimResults_neighbourhoods\option_9_j2_20260531_v1\US_ASHRAE\RC-ML\RC-ML_EEM_J_ENVELOPE_20260601_020149\RC-ML_EEM_J_ENVELOPE_20260601_020149.idf,c:\Users\o_iseri\Desktop\idf_reader\0_BEM_Setup\SimResults_neighbourhoods\option_9_j2_20260531_v1\US_ASHRAE\RC-ML\RC-ML_EEM_J_ENVELOPE_20260601_020149\results
RC-ML,RC-ML,US_ASHRAE,0,1,0,0,EEM_J_HVAC_ONLY,105.6095,10.4981,5.351,24.4602,5.2214,51.6957,7.43,89.4294,tier3,0,752,c:\Users\o_iseri\Desktop\idf_reader\0_BEM_Setup\SimResults_neighbourhoods\option_9_j2_20260531_v1\US_ASHRAE\RC-ML\RC-ML_EEM_J_HVAC_ONLY_20260601_020150\RC-ML_EEM_J_HVAC_ONLY_20260601_020150.idf,c:\Users\o_iseri\Desktop\idf_reader\0_BEM_Setup\SimResults_neighbourhoods\option_9_j2_20260531_v1\US_ASHRAE\RC-ML\RC-ML_EEM_J_HVAC_ONLY_20260601_020150\results
RC-ML,RC-ML,US_ASHRAE,0,0,1,0,EEM_J_DHW_ONLY,119.5275,40.2118,5.9184,9.1203,5.2214,51.6957,6.4069,89.4294,tier3,0,965,c:\Users\o_iseri\Desktop\idf_reader\0_BEM_Setup\SimResults_neighbourhoods\option_9_j2_20260531_v1\US_ASHRAE\RC-ML\RC-ML_EEM_J_DHW_ONLY_20260601_020154\RC-ML_EEM_J_DHW_ONLY_20260601_020154.idf,c:\Users\o_iseri\Desktop\idf_reader\0_BEM_Setup\SimResults_neighbourhoods\option_9_j2_20260531_v1\US_ASHRAE\RC-ML\RC-ML_EEM_J_DHW_ONLY_20260601_020154\results
RC-ML,RC-ML,US_ASHRAE,1,1,0,0,EEM_J_ENV_HVAC,97.9434,3.6129,6.0952,23.8435,5.2214,51.6957,6.5217,89.3585,tier3,0,852,c:\Users\o_iseri\Desktop\idf_reader\0_BEM_Setup\SimResults_neighbourhoods\option_9_j2_20260531_v1\US_ASHRAE\RC-ML\RC-ML_EEM_J_ENV_HVAC_20260601_020208\RC-ML_EEM_J_ENV_HVAC_20260601_020208.idf,c:\Users\o_iseri\Desktop\idf_reader\0_BEM_Setup\SimResults_neighbourhoods\option_9_j2_20260531_v1\US_ASHRAE\RC-ML\RC-ML_EEM_J_ENV_HVAC_20260601_020208\results
RC-ML,RC-ML,US_ASHRAE,1,0,1,0,EEM_J_ENV_DHW,94.0896,14.4077,6.8366,8.8641,5.2214,51.6957,6.1111,89.3585,tier3,0,1057,c:\Users\o_iseri\Desktop\idf_reader\0_BEM_Setup\SimResults_neighbourhoods\option_9_j2_20260531_v1\US_ASHRAE\RC-ML\RC-ML_EEM_J_ENV_DHW_20260601_020240\RC-ML_EEM_J_ENV_DHW_20260601_020240.idf,c:\Users\o_iseri\Desktop\idf_reader\0_BEM_Setup\SimResults_neighbourhoods\option_9_j2_20260531_v1\US_ASHRAE\RC-ML\RC-ML_EEM_J_ENV_DHW_20260601_020240\results
RC-ML,RC-ML,US_ASHRAE,0,1,1,0,EEM_J_HVAC_DHW,91.754,11.8528,5.3735,9.1214,5.2214,51.6957,7.5361,89.4294,tier3,0,1066,c:\Users\o_iseri\Desktop\idf_reader\0_BEM_Setup\SimResults_neighbourhoods\option_9_j2_20260531_v1\US_ASHRAE\RC-ML\RC-ML_EEM_J_HVAC_DHW_20260601_020306\RC-ML_EEM_J_HVAC_DHW_20260601_020306.idf,c:\Users\o_iseri\Desktop\idf_reader\0_BEM_Setup\SimResults_neighbourhoods\option_9_j2_20260531_v1\US_ASHRAE\RC-ML\RC-ML_EEM_J_HVAC_DHW_20260601_020306\results
RC-ML,RC-ML,US_ASHRAE,1,1,1,0,EEM_J_ENV_HVAC_DHW,84.4571,4.985,6.1096,8.8632,5.2214,51.6957,6.6291,89.3585,tier3,0,1172,c:\Users\o_iseri\Desktop\idf_reader\0_BEM_Setup\SimResults_neighbourhoods\option_9_j2_20260531_v1\US_ASHRAE\RC-ML\RC-ML_EEM_J_ENV_HVAC_DHW_20260601_020307\RC-ML_EEM_J_ENV_HVAC_DHW_20260601_020307.idf,c:\Users\o_iseri\Desktop\idf_reader\0_BEM_Setup\SimResults_neighbourhoods\option_9_j2_20260531_v1\US_ASHRAE\RC-ML\RC-ML_EEM_J_ENV_HVAC_DHW_20260601_020307\results
RC-ML,RC-ML,US_ASHRAE,0,0,0,1,EEM_J_EEM4_ONLY,116.4521,46.1226,4.4829,24.4625,2.8718,31.4732,6.0861,89.4294,tier3,0,641,c:\Users\o_iseri\Desktop\idf_reader\0_BEM_Setup\SimResults_neighbourhoods\option_9_j2_20260531_v1\US_ASHRAE\RC-ML\RC-ML_EEM_J_EEM4_ONLY_20260601_020312\RC-ML_EEM_J_EEM4_ONLY_20260601_020312.idf,c:\Users\o_iseri\Desktop\idf_reader\0_BEM_Setup\SimResults_neighbourhoods\option_9_j2_20260531_v1\US_ASHRAE\RC-ML\RC-ML_EEM_J_EEM4_ONLY_20260601_020312\results
RC-ML,RC-ML,US_ASHRAE,1,0,0,1,EEM_J_ENVELOPE_EEM4,88.5921,18.5823,5.0758,23.8729,2.8718,31.4732,5.763,89.3585,tier3,0,657,c:\Users\o_iseri\Desktop\idf_reader\0_BEM_Setup\SimResults_neighbourhoods\option_9_j2_20260531_v1\US_ASHRAE\RC-ML\RC-ML_EEM_J_ENVELOPE_EEM4_20260601_020325\RC-ML_EEM_J_ENVELOPE_EEM4_20260601_020325.idf,c:\Users\o_iseri\Desktop\idf_reader\0_BEM_Setup\SimResults_neighbourhoods\option_9_j2_20260531_v1\US_ASHRAE\RC-ML\RC-ML_EEM_J_ENVELOPE_EEM4_20260601_020325\results
RC-ML,RC-ML,US_ASHRAE,0,1,0,1,EEM_J_HVAC_ONLY_EEM4,83.3547,12.0931,4.093,24.4727,2.8718,31.4732,7.3978,89.4294,tier3,0,752,c:\Users\o_iseri\Desktop\idf_reader\0_BEM_Setup\SimResults_neighbourhoods\option_9_j2_20260531_v1\US_ASHRAE\RC-ML\RC-ML_EEM_J_HVAC_ONLY_EEM4_20260601_020326\RC-ML_EEM_J_HVAC_ONLY_EEM4_20260601_020326.idf,c:\Users\o_iseri\Desktop\idf_reader\0_BEM_Setup\SimResults_neighbourhoods\option_9_j2_20260531_v1\US_ASHRAE\RC-ML\RC-ML_EEM_J_HVAC_ONLY_EEM4_20260601_020326\results
RC-ML,RC-ML,US_ASHRAE,0,0,1,1,EEM_J_DHW_ONLY_EEM4,102.5133,47.3902,4.5059,9.1231,2.8718,31.4732,6.196,89.4294,tier3,0,967,c:\Users\o_iseri\Desktop\idf_reader\0_BEM_Setup\SimResults_neighbourhoods\option_9_j2_20260531_v1\US_ASHRAE\RC-ML\RC-ML_EEM_J_DHW_ONLY_EEM4_20260601_020351\RC-ML_EEM_J_DHW_ONLY_EEM4_20260601_020351.idf,c:\Users\o_iseri\Desktop\idf_reader\0_BEM_Setup\SimResults_neighbourhoods\option_9_j2_20260531_v1\US_ASHRAE\RC-ML\RC-ML_EEM_J_DHW_ONLY_EEM4_20260601_020351\results
RC-ML,RC-ML,US_ASHRAE,1,1,0,1,EEM_J_ENV_HVAC_EEM4,75.2245,5.0731,4.5424,23.8728,2.8718,31.4732,6.4382,89.3585,tier3,0,762,c:\Users\o_iseri\Desktop\idf_reader\0_BEM_Setup\SimResults_neighbourhoods\option_9_j2_20260531_v1\US_ASHRAE\RC-ML\RC-ML_EEM_J_ENV_HVAC_EEM4_20260601_020409\RC-ML_EEM_J_ENV_HVAC_EEM4_20260601_020409.idf,c:\Users\o_iseri\Desktop\idf_reader\0_BEM_Setup\SimResults_neighbourhoods\option_9_j2_20260531_v1\US_ASHRAE\RC-ML\RC-ML_EEM_J_ENV_HVAC_EEM4_20260601_020409\results
RC-ML,RC-ML,US_ASHRAE,1,0,1,1,EEM_J_ENV_DHW_EEM4,75.0874,19.9563,5.0892,8.877,2.8718,31.4732,5.8669,89.3585,tier3,0,977,c:\Users\o_iseri\Desktop\idf_reader\0_BEM_Setup\SimResults_neighbourhoods\option_9_j2_20260531_v1\US_ASHRAE\RC-ML\RC-ML_EEM_J_ENV_DHW_EEM4_20260601_020420\RC-ML_EEM_J_ENV_DHW_EEM4_20260601_020420.idf,c:\Users\o_iseri\Desktop\idf_reader\0_BEM_Setup\SimResults_neighbourhoods\option_9_j2_20260531_v1\US_ASHRAE\RC-ML\RC-ML_EEM_J_ENV_DHW_EEM4_20260601_020420\results
RC-ML,RC-ML,US_ASHRAE,0,1,1,1,EEM_J_HVAC_DHW_EEM4,69.4985,13.4501,4.1131,9.1329,2.8718,31.4732,7.5044,89.4294,tier3,0,1074,c:\Users\o_iseri\Desktop\idf_reader\0_BEM_Setup\SimResults_neighbourhoods\option_9_j2_20260531_v1\US_ASHRAE\RC-ML\RC-ML_EEM_J_HVAC_DHW_EEM4_20260601_020422\RC-ML_EEM_J_HVAC_DHW_EEM4_20260601_020422.idf,c:\Users\o_iseri\Desktop\idf_reader\0_BEM_Setup\SimResults_neighbourhoods\option_9_j2_20260531_v1\US_ASHRAE\RC-ML\RC-ML_EEM_J_HVAC_DHW_EEM4_20260601_020422\results
RC-ML,RC-ML,US_ASHRAE,1,1,1,1,EEM_J_ENV_HVAC_DHW_EEM4,61.7232,6.447,4.5566,8.8766,2.8718,31.4732,6.545,89.3585,tier3,0,1078,c:\Users\o_iseri\Desktop\idf_reader\0_BEM_Setup\SimResults_neighbourhoods\option_9_j2_20260531_v1\US_ASHRAE\RC-ML\RC-ML_EEM_J_ENV_HVAC_DHW_EEM4_20260601_020427\RC-ML_EEM_J_ENV_HVAC_DHW_EEM4_20260601_020427.idf,c:\Users\o_iseri\Desktop\idf_reader\0_BEM_Setup\SimResults_neighbourhoods\option_9_j2_20260531_v1\US_ASHRAE\RC-ML\RC-ML_EEM_J_ENV_HVAC_DHW_EEM4_20260601_020427\results
RC-T,RC-T,US_ASHRAE,0,0,0,0,EEM_J_DEFAULT,135.2791,32.0364,5.914,26.9022,5.7679,57.1062,6.4996,0,native,0,739,c:\Users\o_iseri\Desktop\idf_reader\0_BEM_Setup\SimResults_neighbourhoods\option_9_j2_20260531_v1\US_ASHRAE\RC-T\RC-T_EEM_J_DEFAULT_20260601_020444\RC-T_EEM_J_DEFAULT_20260601_020444.idf,c:\Users\o_iseri\Desktop\idf_reader\0_BEM_Setup\SimResults_neighbourhoods\option_9_j2_20260531_v1\US_ASHRAE\RC-T\RC-T_EEM_J_DEFAULT_20260601_020444\results
RC-T,RC-T,US_ASHRAE,1,0,0,0,EEM_J_ENVELOPE,111.5313,8.1221,7.081,26.111,5.7679,57.1062,6.2903,81.4148,tier3,0,835,c:\Users\o_iseri\Desktop\idf_reader\0_BEM_Setup\SimResults_neighbourhoods\option_9_j2_20260531_v1\US_ASHRAE\RC-T\RC-T_EEM_J_ENVELOPE_20260601_020451\RC-T_EEM_J_ENVELOPE_20260601_020451.idf,c:\Users\o_iseri\Desktop\idf_reader\0_BEM_Setup\SimResults_neighbourhoods\option_9_j2_20260531_v1\US_ASHRAE\RC-T\RC-T_EEM_J_ENVELOPE_20260601_020451\results
RC-T,RC-T,US_ASHRAE,0,1,0,0,EEM_J_HVAC_ONLY,112.3467,8.6783,5.3583,26.9079,5.7679,57.1062,7.4753,81.4765,tier3,0,808,c:\Users\o_iseri\Desktop\idf_reader\0_BEM_Setup\SimResults_neighbourhoods\option_9_j2_20260531_v1\US_ASHRAE\RC-T\RC-T_EEM_J_HVAC_ONLY_20260601_020456\RC-T_EEM_J_HVAC_ONLY_20260601_020456.idf,c:\Users\o_iseri\Desktop\idf_reader\0_BEM_Setup\SimResults_neighbourhoods\option_9_j2_20260531_v1\US_ASHRAE\RC-T\RC-T_EEM_J_HVAC_ONLY_20260601_020456\results
RC-T,RC-T,US_ASHRAE,0,0,1,0,EEM_J_DHW_ONLY,119.8997,31.9544,5.9391,11.5315,5.7679,57.1062,6.5478,81.4765,tier3,0,793,c:\Users\o_iseri\Desktop\idf_reader\0_BEM_Setup\SimResults_neighbourhoods\option_9_j2_20260531_v1\US_ASHRAE\RC-T\RC-T_EEM_J_DHW_ONLY_20260601_020503\RC-T_EEM_J_DHW_ONLY_20260601_020503.idf,c:\Users\o_iseri\Desktop\idf_reader\0_BEM_Setup\SimResults_neighbourhoods\option_9_j2_20260531_v1\US_ASHRAE\RC-T\RC-T_EEM_J_DHW_ONLY_20260601_020503\results
RC-T,RC-T,US_ASHRAE,1,1,0,0,EEM_J_ENV_HVAC,105.3337,2.2869,6.2878,26.1107,5.7679,57.1062,6.7213,81.4148,tier3,0,912,c:\Users\o_iseri\Desktop\idf_reader\0_BEM_Setup\SimResults_neighbourhoods\option_9_j2_20260531_v1\US_ASHRAE\RC-T\RC-T_EEM_J_ENV_HVAC_20260601_020506\RC-T_EEM_J_ENV_HVAC_20260601_020506.idf,c:\Users\o_iseri\Desktop\idf_reader\0_BEM_Setup\SimResults_neighbourhoods\option_9_j2_20260531_v1\US_ASHRAE\RC-T\RC-T_EEM_J_ENV_HVAC_20260601_020506\results
RC-T,RC-T,US_ASHRAE,1,0,1,0,EEM_J_ENV_DHW,96.693,8.1438,7.091,11.1967,5.7679,57.1062,6.3345,81.4148,tier3,0,913,c:\Users\o_iseri\Desktop\idf_reader\0_BEM_Setup\SimResults_neighbourhoods\option_9_j2_20260531_v1\US_ASHRAE\RC-T\RC-T_EEM_J_ENV_DHW_20260601_020526\RC-T_EEM_J_ENV_DHW_20260601_020526.idf,c:\Users\o_iseri\Desktop\idf_reader\0_BEM_Setup\SimResults_neighbourhoods\option_9_j2_20260531_v1\US_ASHRAE\RC-T\RC-T_EEM_J_ENV_DHW_20260601_020526\results
RC-T,RC-T,US_ASHRAE,0,1,1,0,EEM_J_HVAC_DHW,97.027,8.6579,5.3826,11.5373,5.7679,57.1062,7.5223,81.4765,tier3,0,862,c:\Users\o_iseri\Desktop\idf_reader\0_BEM_Setup\SimResults_neighbourhoods\option_9_j2_20260531_v1\US_ASHRAE\RC-T\RC-T_EEM_J_HVAC_DHW_20260601_020534\RC-T_EEM_J_HVAC_DHW_20260601_020534.idf,c:\Users\o_iseri\Desktop\idf_reader\0_BEM_Setup\SimResults_neighbourhoods\option_9_j2_20260531_v1\US_ASHRAE\RC-T\RC-T_EEM_J_HVAC_DHW_20260601_020534\results
RC-T,RC-T,US_ASHRAE,1,1,1,0,EEM_J_ENV_HVAC_DHW,90.4863,2.2923,6.3006,11.1966,5.7679,57.1062,6.7698,81.4148,tier3,0,974,c:\Users\o_iseri\Desktop\idf_reader\0_BEM_Setup\SimResults_neighbourhoods\option_9_j2_20260531_v1\US_ASHRAE\RC-T\RC-T_EEM_J_ENV_HVAC_DHW_20260601_020536\RC-T_EEM_J_ENV_HVAC_DHW_20260601_020536.idf,c:\Users\o_iseri\Desktop\idf_reader\0_BEM_Setup\SimResults_neighbourhoods\option_9_j2_20260531_v1\US_ASHRAE\RC-T\RC-T_EEM_J_ENV_HVAC_DHW_20260601_020536\results
RC-T,RC-T,US_ASHRAE,0,0,0,1,EEM_J_EEM4_ONLY,116.1797,39.7303,4.2625,26.9118,3.1723,34.7672,6.2827,81.4765,tier3,0,735,c:\Users\o_iseri\Desktop\idf_reader\0_BEM_Setup\SimResults_neighbourhoods\option_9_j2_20260531_v1\US_ASHRAE\RC-T\RC-T_EEM_J_EEM4_ONLY_20260601_020545\RC-T_EEM_J_EEM4_ONLY_20260601_020545.idf,c:\Users\o_iseri\Desktop\idf_reader\0_BEM_Setup\SimResults_neighbourhoods\option_9_j2_20260531_v1\US_ASHRAE\RC-T\RC-T_EEM_J_EEM4_ONLY_20260601_020545\results
RC-T,RC-T,US_ASHRAE,1,0,0,1,EEM_J_ENVELOPE_EEM4,89.7883,13.6389,4.9966,26.1485,3.1723,34.7672,6.0119,81.4148,tier3,0,763,c:\Users\o_iseri\Desktop\idf_reader\0_BEM_Setup\SimResults_neighbourhoods\option_9_j2_20260531_v1\US_ASHRAE\RC-T\RC-T_EEM_J_ENVELOPE_EEM4_20260601_020553\RC-T_EEM_J_ENVELOPE_EEM4_20260601_020553.idf,c:\Users\o_iseri\Desktop\idf_reader\0_BEM_Setup\SimResults_neighbourhoods\option_9_j2_20260531_v1\US_ASHRAE\RC-T\RC-T_EEM_J_ENVELOPE_EEM4_20260601_020553\results
RC-T,RC-T,US_ASHRAE,0,1,0,1,EEM_J_HVAC_ONLY_EEM4,87.6646,10.4444,3.8897,26.9231,3.1723,34.7672,7.4151,81.4765,tier3,0,808,c:\Users\o_iseri\Desktop\idf_reader\0_BEM_Setup\SimResults_neighbourhoods\option_9_j2_20260531_v1\US_ASHRAE\RC-T\RC-T_EEM_J_HVAC_ONLY_EEM4_20260601_020555\RC-T_EEM_J_HVAC_ONLY_EEM4_20260601_020555.idf,c:\Users\o_iseri\Desktop\idf_reader\0_BEM_Setup\SimResults_neighbourhoods\option_9_j2_20260531_v1\US_ASHRAE\RC-T\RC-T_EEM_J_HVAC_ONLY_EEM4_20260601_020555\results
RC-T,RC-T,US_ASHRAE,0,0,1,1,EEM_J_DHW_ONLY_EEM4,100.7851,39.6356,4.2869,11.5381,3.1723,34.7672,6.3321,81.4765,tier3,0,783,c:\Users\o_iseri\Desktop\idf_reader\0_BEM_Setup\SimResults_neighbourhoods\option_9_j2_20260531_v1\US_ASHRAE\RC-T\RC-T_EEM_J_DHW_ONLY_EEM4_20260601_020600\RC-T_EEM_J_DHW_ONLY_EEM4_20260601_020600.idf,c:\Users\o_iseri\Desktop\idf_reader\0_BEM_Setup\SimResults_neighbourhoods\option_9_j2_20260531_v1\US_ASHRAE\RC-T\RC-T_EEM_J_DHW_ONLY_EEM4_20260601_020600\results
RC-T,RC-T,US_ASHRAE,1,1,0,1,EEM_J_ENV_HVAC_EEM4,79.8982,3.7573,4.4499,26.1484,3.1723,34.7672,6.5502,81.4148,tier3,0,824,c:\Users\o_iseri\Desktop\idf_reader\0_BEM_Setup\SimResults_neighbourhoods\option_9_j2_20260531_v1\US_ASHRAE\RC-T\RC-T_EEM_J_ENV_HVAC_EEM4_20260601_020605\RC-T_EEM_J_ENV_HVAC_EEM4_20260601_020605.idf,c:\Users\o_iseri\Desktop\idf_reader\0_BEM_Setup\SimResults_neighbourhoods\option_9_j2_20260531_v1\US_ASHRAE\RC-T\RC-T_EEM_J_ENV_HVAC_EEM4_20260601_020605\results
RC-T,RC-T,US_ASHRAE,1,0,1,1,EEM_J_ENV_DHW_EEM4,74.9349,13.6655,5.0068,11.215,3.1723,34.7672,6.0552,81.4148,tier3,0,847,c:\Users\o_iseri\Desktop\idf_reader\0_BEM_Setup\SimResults_neighbourhoods\option_9_j2_20260531_v1\US_ASHRAE\RC-T\RC-T_EEM_J_ENV_DHW_EEM4_20260601_020611\RC-T_EEM_J_ENV_DHW_EEM4_20260601_020611.idf,c:\Users\o_iseri\Desktop\idf_reader\0_BEM_Setup\SimResults_neighbourhoods\option_9_j2_20260531_v1\US_ASHRAE\RC-T\RC-T_EEM_J_ENV_DHW_EEM4_20260601_020611\results
RC-T,RC-T,US_ASHRAE,0,1,1,1,EEM_J_HVAC_DHW_EEM4,72.341,10.4259,3.9119,11.5486,3.1723,34.7672,7.4623,81.4765,tier3,0,862,c:\Users\o_iseri\Desktop\idf_reader\0_BEM_Setup\SimResults_neighbourhoods\option_9_j2_20260531_v1\US_ASHRAE\RC-T\RC-T_EEM_J_HVAC_DHW_EEM4_20260601_020616\RC-T_EEM_J_HVAC_DHW_EEM4_20260601_020616.idf,c:\Users\o_iseri\Desktop\idf_reader\0_BEM_Setup\SimResults_neighbourhoods\option_9_j2_20260531_v1\US_ASHRAE\RC-T\RC-T_EEM_J_HVAC_DHW_EEM4_20260601_020616\results
RC-T,RC-T,US_ASHRAE,1,1,1,1,EEM_J_ENV_HVAC_DHW_EEM4,65.0336,3.7647,4.4636,11.215,3.1723,34.7672,6.598,81.4148,tier3,0,906,c:\Users\o_iseri\Desktop\idf_reader\0_BEM_Setup\SimResults_neighbourhoods\option_9_j2_20260531_v1\US_ASHRAE\RC-T\RC-T_EEM_J_ENV_HVAC_DHW_EEM4_20260601_020619\RC-T_EEM_J_ENV_HVAC_DHW_EEM4_20260601_020619.idf,c:\Users\o_iseri\Desktop\idf_reader\0_BEM_Setup\SimResults_neighbourhoods\option_9_j2_20260531_v1\US_ASHRAE\RC-T\RC-T_EEM_J_ENV_HVAC_DHW_EEM4_20260601_020619\results
RC-R,RC-R,US_ASHRAE,0,0,0,0,EEM_J_DEFAULT,131.3737,44.8259,6.1432,22.128,4.7017,46.5502,6.1664,0,native,0,283,c:\Users\o_iseri\Desktop\idf_reader\0_BEM_Setup\SimResults_neighbourhoods\option_9_j2_20260531_v1\US_ASHRAE\RC-R\RC-R_EEM_J_DEFAULT_20260601_020628\RC-R_EEM_J_DEFAULT_20260601_020628.idf,c:\Users\o_iseri\Desktop\idf_reader\0_BEM_Setup\SimResults_neighbourhoods\option_9_j2_20260531_v1\US_ASHRAE\RC-R\RC-R_EEM_J_DEFAULT_20260601_020628\results
RC-R,RC-R,US_ASHRAE,1,0,0,0,EEM_J_ENVELOPE,103.5709,17.0581,6.9139,21.6881,4.7017,46.5502,5.8006,87.0417,tier3,0,331,c:\Users\o_iseri\Desktop\idf_reader\0_BEM_Setup\SimResults_neighbourhoods\option_9_j2_20260531_v1\US_ASHRAE\RC-R\RC-R_EEM_J_ENVELOPE_20260601_020629\RC-R_EEM_J_ENVELOPE_20260601_020629.idf,c:\Users\o_iseri\Desktop\idf_reader\0_BEM_Setup\SimResults_neighbourhoods\option_9_j2_20260531_v1\US_ASHRAE\RC-R\RC-R_EEM_J_ENVELOPE_20260601_020629\results
RC-R,RC-R,US_ASHRAE,0,1,0,0,EEM_J_HVAC_ONLY,99.3461,12.0801,5.596,22.1319,4.7017,46.5502,7.4279,87.0996,tier3,0,360,c:\Users\o_iseri\Desktop\idf_reader\0_BEM_Setup\SimResults_neighbourhoods\option_9_j2_20260531_v1\US_ASHRAE\RC-R\RC-R_EEM_J_HVAC_ONLY_20260601_020631\RC-R_EEM_J_HVAC_ONLY_20260601_020631.idf,c:\Users\o_iseri\Desktop\idf_reader\0_BEM_Setup\SimResults_neighbourhoods\option_9_j2_20260531_v1\US_ASHRAE\RC-R\RC-R_EEM_J_HVAC_ONLY_20260601_020631\results
RC-R,RC-R,US_ASHRAE,0,0,1,0,EEM_J_DHW_ONLY,118.8218,47.4055,6.167,6.8052,4.7017,46.5502,6.334,87.0996,tier3,0,571,c:\Users\o_iseri\Desktop\idf_reader\0_BEM_Setup\SimResults_neighbourhoods\option_9_j2_20260531_v1\US_ASHRAE\RC-R\RC-R_EEM_J_DHW_ONLY_20260601_020635\RC-R_EEM_J_DHW_ONLY_20260601_020635.idf,c:\Users\o_iseri\Desktop\idf_reader\0_BEM_Setup\SimResults_neighbourhoods\option_9_j2_20260531_v1\US_ASHRAE\RC-R\RC-R_EEM_J_DHW_ONLY_20260601_020635\results
RC-R,RC-R,US_ASHRAE,1,1,0,0,EEM_J_ENV_HVAC,91.1095,4.7021,6.2337,21.6881,4.7017,46.5502,6.3754,87.0417,tier3,0,408,c:\Users\o_iseri\Desktop\idf_reader\0_BEM_Setup\SimResults_neighbourhoods\option_9_j2_20260531_v1\US_ASHRAE\RC-R\RC-R_EEM_J_ENV_HVAC_20260601_020636\RC-R_EEM_J_ENV_HVAC_20260601_020636.idf,c:\Users\o_iseri\Desktop\idf_reader\0_BEM_Setup\SimResults_neighbourhoods\option_9_j2_20260531_v1\US_ASHRAE\RC-R\RC-R_EEM_J_ENV_HVAC_20260601_020636\results
RC-R,RC-R,US_ASHRAE,1,0,1,0,EEM_J_ENV_DHW,91.3455,19.7273,6.9304,6.6138,4.7017,46.5502,5.9639,87.0417,tier3,0,619,c:\Users\o_iseri\Desktop\idf_reader\0_BEM_Setup\SimResults_neighbourhoods\option_9_j2_20260531_v1\US_ASHRAE\RC-R\RC-R_EEM_J_ENV_DHW_20260601_020652\RC-R_EEM_J_ENV_DHW_20260601_020652.idf,c:\Users\o_iseri\Desktop\idf_reader\0_BEM_Setup\SimResults_neighbourhoods\option_9_j2_20260531_v1\US_ASHRAE\RC-R\RC-R_EEM_J_ENV_DHW_20260601_020652\results
RC-R,RC-R,US_ASHRAE,0,1,1,0,EEM_J_HVAC_DHW,86.8741,14.7501,5.6168,6.8067,4.7017,46.5502,7.5903,87.0996,tier3,0,648,c:\Users\o_iseri\Desktop\idf_reader\0_BEM_Setup\SimResults_neighbourhoods\option_9_j2_20260531_v1\US_ASHRAE\RC-R\RC-R_EEM_J_HVAC_DHW_20260601_020655\RC-R_EEM_J_HVAC_DHW_20260601_020655.idf,c:\Users\o_iseri\Desktop\idf_reader\0_BEM_Setup\SimResults_neighbourhoods\option_9_j2_20260531_v1\US_ASHRAE\RC-R\RC-R_EEM_J_HVAC_DHW_20260601_020655\results
RC-R,RC-R,US_ASHRAE,1,1,1,0,EEM_J_ENV_HVAC_DHW,78.9,7.3866,6.2493,6.6149,4.7017,46.5502,6.539,87.0417,tier3,0,696,c:\Users\o_iseri\Desktop\idf_reader\0_BEM_Setup\SimResults_neighbourhoods\option_9_j2_20260531_v1\US_ASHRAE\RC-R\RC-R_EEM_J_ENV_HVAC_DHW_20260601_020701\RC-R_EEM_J_ENV_HVAC_DHW_20260601_020701.idf,c:\Users\o_iseri\Desktop\idf_reader\0_BEM_Setup\SimResults_neighbourhoods\option_9_j2_20260531_v1\US_ASHRAE\RC-R\RC-R_EEM_J_ENV_HVAC_DHW_20260601_020701\results
RC-R,RC-R,US_ASHRAE,0,0,0,1,EEM_J_EEM4_ONLY,116.3032,51.4756,4.9491,22.1336,2.5859,28.3405,5.9602,87.0996,tier3,0,283,c:\Users\o_iseri\Desktop\idf_reader\0_BEM_Setup\SimResults_neighbourhoods\option_9_j2_20260531_v1\US_ASHRAE\RC-R\RC-R_EEM_J_EEM4_ONLY_20260601_020714\RC-R_EEM_J_EEM4_ONLY_20260601_020714.idf,c:\Users\o_iseri\Desktop\idf_reader\0_BEM_Setup\SimResults_neighbourhoods\option_9_j2_20260531_v1\US_ASHRAE\RC-R\RC-R_EEM_J_EEM4_ONLY_20260601_020714\results
RC-R,RC-R,US_ASHRAE,1,0,0,1,EEM_J_ENVELOPE_EEM4,87.0895,22.5309,5.4755,21.7075,2.5859,28.3405,5.5909,87.0417,tier3,0,291,c:\Users\o_iseri\Desktop\idf_reader\0_BEM_Setup\SimResults_neighbourhoods\option_9_j2_20260531_v1\US_ASHRAE\RC-R\RC-R_EEM_J_ENVELOPE_EEM4_20260601_020726\RC-R_EEM_J_ENVELOPE_EEM4_20260601_020726.idf,c:\Users\o_iseri\Desktop\idf_reader\0_BEM_Setup\SimResults_neighbourhoods\option_9_j2_20260531_v1\US_ASHRAE\RC-R\RC-R_EEM_J_ENVELOPE_EEM4_20260601_020726\results
RC-R,RC-R,US_ASHRAE,0,1,0,1,EEM_J_HVAC_ONLY_EEM4,79.4121,13.5322,4.5266,22.1406,2.5859,28.3405,7.4281,87.0996,tier3,0,360,c:\Users\o_iseri\Desktop\idf_reader\0_BEM_Setup\SimResults_neighbourhoods\option_9_j2_20260531_v1\US_ASHRAE\RC-R\RC-R_EEM_J_HVAC_ONLY_EEM4_20260601_020731\RC-R_EEM_J_HVAC_ONLY_EEM4_20260601_020731.idf,c:\Users\o_iseri\Desktop\idf_reader\0_BEM_Setup\SimResults_neighbourhoods\option_9_j2_20260531_v1\US_ASHRAE\RC-R\RC-R_EEM_J_HVAC_ONLY_EEM4_20260601_020731\results
RC-R,RC-R,US_ASHRAE,0,0,1,1,EEM_J_DHW_ONLY_EEM4,103.736,54.048,4.9712,6.8041,2.5859,28.3405,6.1279,87.0996,tier3,0,571,c:\Users\o_iseri\Desktop\idf_reader\0_BEM_Setup\SimResults_neighbourhoods\option_9_j2_20260531_v1\US_ASHRAE\RC-R\RC-R_EEM_J_DHW_ONLY_EEM4_20260601_020747\RC-R_EEM_J_DHW_ONLY_EEM4_20260601_020747.idf,c:\Users\o_iseri\Desktop\idf_reader\0_BEM_Setup\SimResults_neighbourhoods\option_9_j2_20260531_v1\US_ASHRAE\RC-R\RC-R_EEM_J_DHW_ONLY_EEM4_20260601_020747\results
RC-R,RC-R,US_ASHRAE,1,1,0,1,EEM_J_ENV_HVAC_EEM4,70.9237,6.1245,4.937,21.7076,2.5859,28.3405,6.37,87.0417,tier3,0,368,c:\Users\o_iseri\Desktop\idf_reader\0_BEM_Setup\SimResults_neighbourhoods\option_9_j2_20260531_v1\US_ASHRAE\RC-R\RC-R_EEM_J_ENV_HVAC_EEM4_20260601_020754\RC-R_EEM_J_ENV_HVAC_EEM4_20260601_020754.idf,c:\Users\o_iseri\Desktop\idf_reader\0_BEM_Setup\SimResults_neighbourhoods\option_9_j2_20260531_v1\US_ASHRAE\RC-R\RC-R_EEM_J_ENV_HVAC_EEM4_20260601_020754\results
RC-R,RC-R,US_ASHRAE,1,0,1,1,EEM_J_ENV_DHW_EEM4,74.8535,25.1955,5.4915,6.6276,2.5859,28.3405,5.7542,87.0417,tier3,0,579,c:\Users\o_iseri\Desktop\idf_reader\0_BEM_Setup\SimResults_neighbourhoods\option_9_j2_20260531_v1\US_ASHRAE\RC-R\RC-R_EEM_J_ENV_DHW_EEM4_20260601_020754\RC-R_EEM_J_ENV_DHW_EEM4_20260601_020754.idf,c:\Users\o_iseri\Desktop\idf_reader\0_BEM_Setup\SimResults_neighbourhoods\option_9_j2_20260531_v1\US_ASHRAE\RC-R\RC-R_EEM_J_ENV_DHW_EEM4_20260601_020754\results
RC-R,RC-R,US_ASHRAE,0,1,1,1,EEM_J_HVAC_DHW_EEM4,66.9389,16.2052,4.5467,6.8111,2.5859,28.3405,7.5913,87.0996,tier3,0,648,c:\Users\o_iseri\Desktop\idf_reader\0_BEM_Setup\SimResults_neighbourhoods\option_9_j2_20260531_v1\US_ASHRAE\RC-R\RC-R_EEM_J_HVAC_DHW_EEM4_20260601_020811\RC-R_EEM_J_HVAC_DHW_EEM4_20260601_020811.idf,c:\Users\o_iseri\Desktop\idf_reader\0_BEM_Setup\SimResults_neighbourhoods\option_9_j2_20260531_v1\US_ASHRAE\RC-R\RC-R_EEM_J_HVAC_DHW_EEM4_20260601_020811\results
RC-R,RC-R,US_ASHRAE,1,1,1,1,EEM_J_ENV_HVAC_DHW_EEM4,58.7049,8.8081,4.952,6.6269,2.5859,28.3405,6.5333,87.0417,tier3,0,656,c:\Users\o_iseri\Desktop\idf_reader\0_BEM_Setup\SimResults_neighbourhoods\option_9_j2_20260531_v1\US_ASHRAE\RC-R\RC-R_EEM_J_ENV_HVAC_DHW_EEM4_20260601_020813\RC-R_EEM_J_ENV_HVAC_DHW_EEM4_20260601_020813.idf,c:\Users\o_iseri\Desktop\idf_reader\0_BEM_Setup\SimResults_neighbourhoods\option_9_j2_20260531_v1\US_ASHRAE\RC-R\RC-R_EEM_J_ENV_HVAC_DHW_EEM4_20260601_020813\results
RC-HR1,RC-HR1,CAN_MTL,0,0,0,0,EEM_J_DEFAULT,111.2156,18.2531,9.0746,48.1775,4.2727,19.1672,9.122,1.8558,native,0,5761,C:\Users\o_iseri\Desktop\idf_reader\0_BEM_Setup\SimResults_neighbourhoods\option_9_j2_20260531_v1\CAN_MTL\RC-HR1\RC-HR1_EEM_J_DEFAULT_20260602_090657\RC-HR1_EEM_J_DEFAULT_20260602_090657.idf,C:\Users\o_iseri\Desktop\idf_reader\0_BEM_Setup\SimResults_neighbourhoods\option_9_j2_20260531_v1\CAN_MTL\RC-HR1\RC-HR1_EEM_J_DEFAULT_20260602_090657\results
RC-HR1,RC-HR1,CAN_MTL,1,0,0,0,EEM_J_ENVELOPE,103.3543,8.2821,11.218,48.1582,4.2727,19.1672,9.0939,45.768,tier3,16,5780,C:\Users\o_iseri\Desktop\idf_reader\0_BEM_Setup\SimResults_neighbourhoods\option_9_j2_20260531_v1\CAN_MTL\RC-HR1\RC-HR1_EEM_J_ENVELOPE_20260602_090657\RC-HR1_EEM_J_ENVELOPE_20260602_090657.idf,C:\Users\o_iseri\Desktop\idf_reader\0_BEM_Setup\SimResults_neighbourhoods\option_9_j2_20260531_v1\CAN_MTL\RC-HR1\RC-HR1_EEM_J_ENVELOPE_20260602_090657\results
RC-HR1,RC-HR1,CAN_MTL,0,1,0,0,EEM_J_HVAC_ONLY,100.5171,5.9985,10.5747,48.187,4.2727,19.1672,9.1837,45.768,tier3,0,6078,C:\Users\o_iseri\Desktop\idf_reader\0_BEM_Setup\SimResults_neighbourhoods\option_9_j2_20260531_v1\CAN_MTL\RC-HR1\RC-HR1_EEM_J_HVAC_ONLY_20260602_090657\RC-HR1_EEM_J_HVAC_ONLY_20260602_090657.idf,C:\Users\o_iseri\Desktop\idf_reader\0_BEM_Setup\SimResults_neighbourhoods\option_9_j2_20260531_v1\CAN_MTL\RC-HR1\RC-HR1_EEM_J_HVAC_ONLY_20260602_090657\results
RC-HR1,RC-HR1,CAN_MTL,0,0,1,0,EEM_J_DHW_ONLY,79.0045,22.3356,8.7788,12.1623,4.2727,19.1672,9.1419,45.768,tier3,8,7144,C:\Users\o_iseri\Desktop\idf_reader\0_BEM_Setup\SimResults_neighbourhoods\option_9_j2_20260531_v1\CAN_MTL\RC-HR1\RC-HR1_EEM_J_DHW_ONLY_20260602_090657\RC-HR1_EEM_J_DHW_ONLY_20260602_090657.idf,C:\Users\o_iseri\Desktop\idf_reader\0_BEM_Setup\SimResults_neighbourhoods\option_9_j2_20260531_v1\CAN_MTL\RC-HR1\RC-HR1_EEM_J_DHW_ONLY_20260602_090657\results
RC-HR1,RC-HR1,CAN_MTL,1,1,0,0,EEM_J_ENV_HVAC,99.7804,2.7915,13.1631,48.1655,4.2727,19.1672,9.0669,45.768,tier3,16,6099,C:\Users\o_iseri\Desktop\idf_reader\0_BEM_Setup\SimResults_neighbourhoods\option_9_j2_20260531_v1\CAN_MTL\RC-HR1\RC-HR1_EEM_J_ENV_HVAC_20260602_090657\RC-HR1_EEM_J_ENV_HVAC_20260602_090657.idf,C:\Users\o_iseri\Desktop\idf_reader\0_BEM_Setup\SimResults_neighbourhoods\option_9_j2_20260531_v1\CAN_MTL\RC-HR1\RC-HR1_EEM_J_ENV_HVAC_20260602_090657\results
RC-HR1,RC-HR1,CAN_MTL,1,0,1,0,EEM_J_ENV_DHW,70.8942,11.9584,11.0764,12.1131,4.2727,19.1672,9.1443,45.768,tier3,11,7149,C:\Users\o_iseri\Desktop\idf_reader\0_BEM_Setup\SimResults_neighbourhoods\option_9_j2_20260531_v1\CAN_MTL\RC-HR1\RC-HR1_EEM_J_ENV_DHW_20260602_090657\RC-HR1_EEM_J_ENV_DHW_20260602_090657.idf,C:\Users\o_iseri\Desktop\idf_reader\0_BEM_Setup\SimResults_neighbourhoods\option_9_j2_20260531_v1\CAN_MTL\RC-HR1\RC-HR1_EEM_J_ENV_DHW_20260602_090657\results
RC-HR1,RC-HR1,CAN_MTL,0,1,1,0,EEM_J_HVAC_DHW,68.0633,9.6011,10.4356,12.1871,4.2727,19.1672,9.2664,45.768,tier3,8,7443,C:\Users\o_iseri\Desktop\idf_reader\0_BEM_Setup\SimResults_neighbourhoods\option_9_j2_20260531_v1\CAN_MTL\RC-HR1\RC-HR1_EEM_J_HVAC_DHW_20260602_090657\RC-HR1_EEM_J_HVAC_DHW_20260602_090657.idf,C:\Users\o_iseri\Desktop\idf_reader\0_BEM_Setup\SimResults_neighbourhoods\option_9_j2_20260531_v1\CAN_MTL\RC-HR1\RC-HR1_EEM_J_HVAC_DHW_20260602_090657\results
RC-HR1,RC-HR1,CAN_MTL,1,1,1,0,EEM_J_ENV_HVAC_DHW,67.2064,6.3644,12.9923,12.1207,4.2727,19.1672,9.1358,45.768,tier3,11,7455,C:\Users\o_iseri\Desktop\idf_reader\0_BEM_Setup\SimResults_neighbourhoods\option_9_j2_20260531_v1\CAN_MTL\RC-HR1\RC-HR1_EEM_J_ENV_HVAC_DHW_20260602_090657\RC-HR1_EEM_J_ENV_HVAC_DHW_20260602_090657.idf,C:\Users\o_iseri\Desktop\idf_reader\0_BEM_Setup\SimResults_neighbourhoods\option_9_j2_20260531_v1\CAN_MTL\RC-HR1\RC-HR1_EEM_J_ENV_HVAC_DHW_20260602_090657\results
RC-HR1,RC-HR1,CAN_MTL,1,0,0,1,EEM_J_ENVELOPE_EEM4,90.9389,11.0727,8.0792,48.1639,1.7139,11.0157,7.7516,45.768,tier3,0,7022,C:\Users\o_iseri\Desktop\idf_reader\0_BEM_Setup\SimResults_neighbourhoods\option_9_j2_20260531_v1\CAN_MTL\RC-HR1\RC-HR1_EEM_J_ENVELOPE_EEM4_20260602_090713\RC-HR1_EEM_J_ENVELOPE_EEM4_20260602_090713.idf,C:\Users\o_iseri\Desktop\idf_reader\0_BEM_Setup\SimResults_neighbourhoods\option_9_j2_20260531_v1\CAN_MTL\RC-HR1\RC-HR1_EEM_J_ENVELOPE_EEM4_20260602_090713\results
RC-HR1,RC-HR1,CAN_MTL,1,1,0,1,EEM_J_ENV_HVAC_EEM4,84.8253,3.4056,9.5443,48.1788,1.7139,11.0157,7.8411,45.768,tier3,0,7329,C:\Users\o_iseri\Desktop\idf_reader\0_BEM_Setup\SimResults_neighbourhoods\option_9_j2_20260531_v1\CAN_MTL\RC-HR1\RC-HR1_EEM_J_ENV_HVAC_EEM4_20260602_090745\RC-HR1_EEM_J_ENV_HVAC_EEM4_20260602_090745.idf,C:\Users\o_iseri\Desktop\idf_reader\0_BEM_Setup\SimResults_neighbourhoods\option_9_j2_20260531_v1\CAN_MTL\RC-HR1\RC-HR1_EEM_J_ENV_HVAC_EEM4_20260602_090745\results
RC-HR1,RC-HR1,CAN_MTL,1,0,1,1,EEM_J_ENV_DHW_EEM4,58.5775,14.8042,7.95,12.1427,1.7139,11.0157,7.8092,45.768,tier3,13,8411,C:\Users\o_iseri\Desktop\idf_reader\0_BEM_Setup\SimResults_neighbourhoods\option_9_j2_20260531_v1\CAN_MTL\RC-HR1\RC-HR1_EEM_J_ENV_DHW_EEM4_20260602_090749\RC-HR1_EEM_J_ENV_DHW_EEM4_20260602_090749.idf,C:\Users\o_iseri\Desktop\idf_reader\0_BEM_Setup\SimResults_neighbourhoods\option_9_j2_20260531_v1\CAN_MTL\RC-HR1\RC-HR1_EEM_J_ENV_DHW_EEM4_20260602_090749\results
RC-HR1,RC-HR1,CAN_MTL,1,1,1,1,EEM_J_ENV_HVAC_DHW_EEM4,52.2777,6.9962,9.3858,12.1264,1.7139,11.0157,7.9139,45.768,tier3,14,8707,C:\Users\o_iseri\Desktop\idf_reader\0_BEM_Setup\SimResults_neighbourhoods\option_9_j2_20260531_v1\CAN_MTL\RC-HR1\RC-HR1_EEM_J_ENV_HVAC_DHW_EEM4_20260602_090749\RC-HR1_EEM_J_ENV_HVAC_DHW_EEM4_20260602_090749.idf,C:\Users\o_iseri\Desktop\idf_reader\0_BEM_Setup\SimResults_neighbourhoods\option_9_j2_20260531_v1\CAN_MTL\RC-HR1\RC-HR1_EEM_J_ENV_HVAC_DHW_EEM4_20260602_090749\results
RC-HR2,RC-HR2,CAN_MTL,0,0,0,0,EEM_J_DEFAULT,116.1934,18.3665,9.339,51.839,3.857,19.0293,9.8888,3.3405,native,0,3995,C:\Users\o_iseri\Desktop\idf_reader\0_BEM_Setup\SimResults_neighbourhoods\option_9_j2_20260531_v1\CAN_MTL\RC-HR2\RC-HR2_EEM_J_DEFAULT_20260602_090757\RC-HR2_EEM_J_DEFAULT_20260602_090757.idf,C:\Users\o_iseri\Desktop\idf_reader\0_BEM_Setup\SimResults_neighbourhoods\option_9_j2_20260531_v1\CAN_MTL\RC-HR2\RC-HR2_EEM_J_DEFAULT_20260602_090757\results
RC-HR2,RC-HR2,CAN_MTL,1,0,0,0,EEM_J_ENVELOPE,107.9317,6.9911,12.3382,51.8397,3.857,19.0293,9.9776,28.844,tier3,0,3992,C:\Users\o_iseri\Desktop\idf_reader\0_BEM_Setup\SimResults_neighbourhoods\option_9_j2_20260531_v1\CAN_MTL\RC-HR2\RC-HR2_EEM_J_ENVELOPE_20260602_090758\RC-HR2_EEM_J_ENVELOPE_20260602_090758.idf,C:\Users\o_iseri\Desktop\idf_reader\0_BEM_Setup\SimResults_neighbourhoods\option_9_j2_20260531_v1\CAN_MTL\RC-HR2\RC-HR2_EEM_J_ENVELOPE_20260602_090758\results
RC-HR2,RC-HR2,CAN_MTL,0,1,0,0,EEM_J_HVAC_ONLY,106.1802,7.0996,10.6289,51.8384,3.857,19.0293,9.8794,28.844,tier3,0,4003,C:\Users\o_iseri\Desktop\idf_reader\0_BEM_Setup\SimResults_neighbourhoods\option_9_j2_20260531_v1\CAN_MTL\RC-HR2\RC-HR2_EEM_J_HVAC_ONLY_20260602_090801\RC-HR2_EEM_J_HVAC_ONLY_20260602_090801.idf,C:\Users\o_iseri\Desktop\idf_reader\0_BEM_Setup\SimResults_neighbourhoods\option_9_j2_20260531_v1\CAN_MTL\RC-HR2\RC-HR2_EEM_J_HVAC_ONLY_20260602_090801\results
RC-HR2,RC-HR2,CAN_MTL,0,0,1,0,EEM_J_DHW_ONLY,78.7355,25.1959,8.9912,7.8804,3.857,19.0293,9.9129,28.844,tier3,0,4091,C:\Users\o_iseri\Desktop\idf_reader\0_BEM_Setup\SimResults_neighbourhoods\option_9_j2_20260531_v1\CAN_MTL\RC-HR2\RC-HR2_EEM_J_DHW_ONLY_20260602_090801\RC-HR2_EEM_J_DHW_ONLY_20260602_090801.idf,C:\Users\o_iseri\Desktop\idf_reader\0_BEM_Setup\SimResults_neighbourhoods\option_9_j2_20260531_v1\CAN_MTL\RC-HR2\RC-HR2_EEM_J_DHW_ONLY_20260602_090801\results
RC-HR2,RC-HR2,CAN_MTL,1,1,0,0,EEM_J_ENV_HVAC,106.344,3.2141,14.4264,51.8401,3.857,19.0293,10.0904,28.844,tier3,0,4004,C:\Users\o_iseri\Desktop\idf_reader\0_BEM_Setup\SimResults_neighbourhoods\option_9_j2_20260531_v1\CAN_MTL\RC-HR2\RC-HR2_EEM_J_ENV_HVAC_20260602_090815\RC-HR2_EEM_J_ENV_HVAC_20260602_090815.idf,C:\Users\o_iseri\Desktop\idf_reader\0_BEM_Setup\SimResults_neighbourhoods\option_9_j2_20260531_v1\CAN_MTL\RC-HR2\RC-HR2_EEM_J_ENV_HVAC_20260602_090815\results
RC-HR2,RC-HR2,CAN_MTL,1,0,1,0,EEM_J_ENV_DHW,70.4425,13.4169,12.3117,7.8434,3.857,19.0293,10.0856,28.844,tier3,0,4100,C:\Users\o_iseri\Desktop\idf_reader\0_BEM_Setup\SimResults_neighbourhoods\option_9_j2_20260531_v1\CAN_MTL\RC-HR2\RC-HR2_EEM_J_ENV_DHW_20260602_090837\RC-HR2_EEM_J_ENV_DHW_20260602_090837.idf,C:\Users\o_iseri\Desktop\idf_reader\0_BEM_Setup\SimResults_neighbourhoods\option_9_j2_20260531_v1\CAN_MTL\RC-HR2\RC-HR2_EEM_J_ENV_DHW_20260602_090837\results
RC-HR2,RC-HR2,CAN_MTL,0,1,1,0,EEM_J_HVAC_DHW,68.7737,13.5218,10.6091,7.9186,3.857,19.0293,9.9904,28.844,tier3,0,4096,C:\Users\o_iseri\Desktop\idf_reader\0_BEM_Setup\SimResults_neighbourhoods\option_9_j2_20260531_v1\CAN_MTL\RC-HR2\RC-HR2_EEM_J_HVAC_DHW_20260602_090839\RC-HR2_EEM_J_HVAC_DHW_20260602_090839.idf,C:\Users\o_iseri\Desktop\idf_reader\0_BEM_Setup\SimResults_neighbourhoods\option_9_j2_20260531_v1\CAN_MTL\RC-HR2\RC-HR2_EEM_J_HVAC_DHW_20260602_090839\results
RC-HR2,RC-HR2,CAN_MTL,1,1,1,0,EEM_J_ENV_HVAC_DHW,68.8312,9.6435,14.3967,7.8198,3.857,19.0293,10.1984,28.844,tier3,0,4107,C:\Users\o_iseri\Desktop\idf_reader\0_BEM_Setup\SimResults_neighbourhoods\option_9_j2_20260531_v1\CAN_MTL\RC-HR2\RC-HR2_EEM_J_ENV_HVAC_DHW_20260602_090841\RC-HR2_EEM_J_ENV_HVAC_DHW_20260602_090841.idf,C:\Users\o_iseri\Desktop\idf_reader\0_BEM_Setup\SimResults_neighbourhoods\option_9_j2_20260531_v1\CAN_MTL\RC-HR2\RC-HR2_EEM_J_ENV_HVAC_DHW_20260602_090841\results
RC-HR2,RC-HR2,CAN_MTL,1,0,0,1,EEM_J_ENVELOPE_EEM4,94.9315,9.7864,8.6333,51.8367,1.5027,10.8778,8.4319,28.844,tier3,0,4798,C:\Users\o_iseri\Desktop\idf_reader\0_BEM_Setup\SimResults_neighbourhoods\option_9_j2_20260531_v1\CAN_MTL\RC-HR2\RC-HR2_EEM_J_ENVELOPE_EEM4_20260602_090900\RC-HR2_EEM_J_ENVELOPE_EEM4_20260602_090900.idf,C:\Users\o_iseri\Desktop\idf_reader\0_BEM_Setup\SimResults_neighbourhoods\option_9_j2_20260531_v1\CAN_MTL\RC-HR2\RC-HR2_EEM_J_ENVELOPE_EEM4_20260602_090900\results
RC-HR2,RC-HR2,CAN_MTL,1,1,0,1,EEM_J_ENV_HVAC_EEM4,91.0271,4.2005,10.2534,51.8381,1.5027,10.8778,8.518,28.844,tier3,0,4812,C:\Users\o_iseri\Desktop\idf_reader\0_BEM_Setup\SimResults_neighbourhoods\option_9_j2_20260531_v1\CAN_MTL\RC-HR2\RC-HR2_EEM_J_ENV_HVAC_EEM4_20260602_090913\RC-HR2_EEM_J_ENV_HVAC_EEM4_20260602_090913.idf,C:\Users\o_iseri\Desktop\idf_reader\0_BEM_Setup\SimResults_neighbourhoods\option_9_j2_20260531_v1\CAN_MTL\RC-HR2\RC-HR2_EEM_J_ENV_HVAC_EEM4_20260602_090913\results
RC-HR2,RC-HR2,CAN_MTL,1,0,1,1,EEM_J_ENV_DHW_EEM4,57.5193,16.2274,8.6106,7.8973,1.5027,10.8778,8.541,28.844,tier3,0,4906,C:\Users\o_iseri\Desktop\idf_reader\0_BEM_Setup\SimResults_neighbourhoods\option_9_j2_20260531_v1\CAN_MTL\RC-HR2\RC-HR2_EEM_J_ENV_DHW_EEM4_20260602_090919\RC-HR2_EEM_J_ENV_DHW_EEM4_20260602_090919.idf,C:\Users\o_iseri\Desktop\idf_reader\0_BEM_Setup\SimResults_neighbourhoods\option_9_j2_20260531_v1\CAN_MTL\RC-HR2\RC-HR2_EEM_J_ENV_DHW_EEM4_20260602_090919\results
RC-HR2,RC-HR2,CAN_MTL,1,1,1,1,EEM_J_ENV_HVAC_DHW_EEM4,53.6131,10.6178,10.2283,7.9229,1.5027,10.8778,8.6274,28.844,tier3,0,4911,C:\Users\o_iseri\Desktop\idf_reader\0_BEM_Setup\SimResults_neighbourhoods\option_9_j2_20260531_v1\CAN_MTL\RC-HR2\RC-HR2_EEM_J_ENV_HVAC_DHW_EEM4_20260602_090923\RC-HR2_EEM_J_ENV_HVAC_DHW_EEM4_20260602_090923.idf,C:\Users\o_iseri\Desktop\idf_reader\0_BEM_Setup\SimResults_neighbourhoods\option_9_j2_20260531_v1\CAN_MTL\RC-HR2\RC-HR2_EEM_J_ENV_HVAC_DHW_EEM4_20260602_090923\results
RC-HR1,RC-HR1,US_ASHRAE,0,0,0,0,EEM_J_DEFAULT,146.5728,32.6392,6.3883,48.1811,5.0635,41.612,9.5635,1.8534,native,0,5349,C:\Users\o_iseri\Desktop\idf_reader\0_BEM_Setup\SimResults_neighbourhoods\option_9_j2_20260531_v1\US_ASHRAE\RC-HR1\RC-HR1_EEM_J_DEFAULT_20260602_100829\RC-HR1_EEM_J_DEFAULT_20260602_100829.idf,C:\Users\o_iseri\Desktop\idf_reader\0_BEM_Setup\SimResults_neighbourhoods\option_9_j2_20260531_v1\US_ASHRAE\RC-HR1\RC-HR1_EEM_J_DEFAULT_20260602_100829\results
RC-HR1,RC-HR1,US_ASHRAE,1,0,0,0,EEM_J_ENVELOPE,120.0955,1.4001,11.3486,48.1179,5.0635,41.612,9.3964,44.0039,tier3,0,5552,C:\Users\o_iseri\Desktop\idf_reader\0_BEM_Setup\SimResults_neighbourhoods\option_9_j2_20260531_v1\US_ASHRAE\RC-HR1\RC-HR1_EEM_J_ENVELOPE_20260602_100829\RC-HR1_EEM_J_ENVELOPE_20260602_100829.idf,C:\Users\o_iseri\Desktop\idf_reader\0_BEM_Setup\SimResults_neighbourhoods\option_9_j2_20260531_v1\US_ASHRAE\RC-HR1\RC-HR1_EEM_J_ENVELOPE_20260602_100829\results
RC-HR1,RC-HR1,US_ASHRAE,0,1,0,0,EEM_J_HVAC_ONLY,124.99,10.0604,7.2891,48.1812,5.0635,41.612,9.6655,44.0063,tier3,0,5659,C:\Users\o_iseri\Desktop\idf_reader\0_BEM_Setup\SimResults_neighbourhoods\option_9_j2_20260531_v1\US_ASHRAE\RC-HR1\RC-HR1_EEM_J_HVAC_ONLY_20260602_100829\RC-HR1_EEM_J_HVAC_ONLY_20260602_100829.idf,C:\Users\o_iseri\Desktop\idf_reader\0_BEM_Setup\SimResults_neighbourhoods\option_9_j2_20260531_v1\US_ASHRAE\RC-HR1\RC-HR1_EEM_J_HVAC_ONLY_20260602_100829\results
RC-HR1,RC-HR1,US_ASHRAE,0,0,1,0,EEM_J_DHW_ONLY,114.8631,36.8874,6.1707,12.3917,5.0635,41.612,9.6145,44.0063,tier3,29,6733,C:\Users\o_iseri\Desktop\idf_reader\0_BEM_Setup\SimResults_neighbourhoods\option_9_j2_20260531_v1\US_ASHRAE\RC-HR1\RC-HR1_EEM_J_DHW_ONLY_20260602_100829\RC-HR1_EEM_J_DHW_ONLY_20260602_100829.idf,C:\Users\o_iseri\Desktop\idf_reader\0_BEM_Setup\SimResults_neighbourhoods\option_9_j2_20260531_v1\US_ASHRAE\RC-HR1\RC-HR1_EEM_J_DHW_ONLY_20260602_100829\results
RC-HR1,RC-HR1,US_ASHRAE,1,1,0,0,EEM_J_ENV_HVAC,120.5284,0.5259,12.9909,48.1174,5.0635,41.612,9.0593,44.0039,tier3,5,5861,C:\Users\o_iseri\Desktop\idf_reader\0_BEM_Setup\SimResults_neighbourhoods\option_9_j2_20260531_v1\US_ASHRAE\RC-HR1\RC-HR1_EEM_J_ENV_HVAC_20260602_100829\RC-HR1_EEM_J_ENV_HVAC_20260602_100829.idf,C:\Users\o_iseri\Desktop\idf_reader\0_BEM_Setup\SimResults_neighbourhoods\option_9_j2_20260531_v1\US_ASHRAE\RC-HR1\RC-HR1_EEM_J_ENV_HVAC_20260602_100829\results
RC-HR1,RC-HR1,US_ASHRAE,1,0,1,0,EEM_J_ENV_DHW,87.933,4.9987,11.1965,12.4607,5.0635,41.612,9.4448,44.0039,tier3,14,6929,C:\Users\o_iseri\Desktop\idf_reader\0_BEM_Setup\SimResults_neighbourhoods\option_9_j2_20260531_v1\US_ASHRAE\RC-HR1\RC-HR1_EEM_J_ENV_DHW_20260602_100829\RC-HR1_EEM_J_ENV_DHW_20260602_100829.idf,C:\Users\o_iseri\Desktop\idf_reader\0_BEM_Setup\SimResults_neighbourhoods\option_9_j2_20260531_v1\US_ASHRAE\RC-HR1\RC-HR1_EEM_J_ENV_DHW_20260602_100829\results
RC-HR1,RC-HR1,US_ASHRAE,0,1,1,0,EEM_J_HVAC_DHW,92.8625,13.7064,7.1957,12.4004,5.0635,41.612,9.7664,44.0063,tier3,29,7033,C:\Users\o_iseri\Desktop\idf_reader\0_BEM_Setup\SimResults_neighbourhoods\option_9_j2_20260531_v1\US_ASHRAE\RC-HR1\RC-HR1_EEM_J_HVAC_DHW_20260602_100829\RC-HR1_EEM_J_HVAC_DHW_20260602_100829.idf,C:\Users\o_iseri\Desktop\idf_reader\0_BEM_Setup\SimResults_neighbourhoods\option_9_j2_20260531_v1\US_ASHRAE\RC-HR1\RC-HR1_EEM_J_HVAC_DHW_20260602_100829\results
RC-HR1,RC-HR1,US_ASHRAE,1,1,1,0,EEM_J_ENV_HVAC_DHW,88.2996,4.061,12.8221,12.4534,5.0635,41.612,9.1282,44.0039,tier3,12,7229,C:\Users\o_iseri\Desktop\idf_reader\0_BEM_Setup\SimResults_neighbourhoods\option_9_j2_20260531_v1\US_ASHRAE\RC-HR1\RC-HR1_EEM_J_ENV_HVAC_DHW_20260602_100829\RC-HR1_EEM_J_ENV_HVAC_DHW_20260602_100829.idf,C:\Users\o_iseri\Desktop\idf_reader\0_BEM_Setup\SimResults_neighbourhoods\option_9_j2_20260531_v1\US_ASHRAE\RC-HR1\RC-HR1_EEM_J_ENV_HVAC_DHW_20260602_100829\results
RC-HR1,RC-HR1,US_ASHRAE,1,0,0,1,EEM_J_ENVELOPE_EEM4,93.9508,6.8399,5.8679,48.1536,2.0099,20.5995,7.362,44.0039,tier3,0,6724,C:\Users\o_iseri\Desktop\idf_reader\0_BEM_Setup\SimResults_neighbourhoods\option_9_j2_20260531_v1\US_ASHRAE\RC-HR1\RC-HR1_EEM_J_ENVELOPE_EEM4_20260602_100847\RC-HR1_EEM_J_ENVELOPE_EEM4_20260602_100847.idf,C:\Users\o_iseri\Desktop\idf_reader\0_BEM_Setup\SimResults_neighbourhoods\option_9_j2_20260531_v1\US_ASHRAE\RC-HR1\RC-HR1_EEM_J_ENVELOPE_EEM4_20260602_100847\results
RC-HR1,RC-HR1,US_ASHRAE,1,1,0,1,EEM_J_ENV_HVAC_EEM4,90.0744,2.1024,6.7958,48.152,2.0099,20.5995,7.3007,44.0039,tier3,0,7047,C:\Users\o_iseri\Desktop\idf_reader\0_BEM_Setup\SimResults_neighbourhoods\option_9_j2_20260531_v1\US_ASHRAE\RC-HR1\RC-HR1_EEM_J_ENV_HVAC_EEM4_20260602_100924\RC-HR1_EEM_J_ENV_HVAC_EEM4_20260602_100924.idf,C:\Users\o_iseri\Desktop\idf_reader\0_BEM_Setup\SimResults_neighbourhoods\option_9_j2_20260531_v1\US_ASHRAE\RC-HR1\RC-HR1_EEM_J_ENV_HVAC_EEM4_20260602_100924\results
RC-HR1,RC-HR1,US_ASHRAE,1,0,1,1,EEM_J_ENV_DHW_EEM4,61.9642,10.6287,5.7513,12.4339,2.0099,20.5995,7.423,44.0039,tier3,45,8096,C:\Users\o_iseri\Desktop\idf_reader\0_BEM_Setup\SimResults_neighbourhoods\option_9_j2_20260531_v1\US_ASHRAE\RC-HR1\RC-HR1_EEM_J_ENV_DHW_EEM4_20260602_100927\RC-HR1_EEM_J_ENV_DHW_EEM4_20260602_100927.idf,C:\Users\o_iseri\Desktop\idf_reader\0_BEM_Setup\SimResults_neighbourhoods\option_9_j2_20260531_v1\US_ASHRAE\RC-HR1\RC-HR1_EEM_J_ENV_DHW_EEM4_20260602_100927\results
RC-HR1,RC-HR1,US_ASHRAE,1,1,1,1,EEM_J_ENV_HVAC_DHW_EEM4,57.9051,5.6978,6.663,12.4331,2.0099,20.5995,7.3878,44.0039,tier3,45,8403,C:\Users\o_iseri\Desktop\idf_reader\0_BEM_Setup\SimResults_neighbourhoods\option_9_j2_20260531_v1\US_ASHRAE\RC-HR1\RC-HR1_EEM_J_ENV_HVAC_DHW_EEM4_20260602_100929\RC-HR1_EEM_J_ENV_HVAC_DHW_EEM4_20260602_100929.idf,C:\Users\o_iseri\Desktop\idf_reader\0_BEM_Setup\SimResults_neighbourhoods\option_9_j2_20260531_v1\US_ASHRAE\RC-HR1\RC-HR1_EEM_J_ENV_HVAC_DHW_EEM4_20260602_100929\results
RC-HR2,RC-HR2,US_ASHRAE,0,0,0,0,EEM_J_DEFAULT,154.9501,36.2791,6.0592,51.8382,4.6104,41.6819,10.6501,3.3362,native,0,3975,C:\Users\o_iseri\Desktop\idf_reader\0_BEM_Setup\SimResults_neighbourhoods\option_9_j2_20260531_v1\US_ASHRAE\RC-HR2\RC-HR2_EEM_J_DEFAULT_20260602_100937\RC-HR2_EEM_J_DEFAULT_20260602_100937.idf,C:\Users\o_iseri\Desktop\idf_reader\0_BEM_Setup\SimResults_neighbourhoods\option_9_j2_20260531_v1\US_ASHRAE\RC-HR2\RC-HR2_EEM_J_DEFAULT_20260602_100937\results
RC-HR2,RC-HR2,US_ASHRAE,1,0,0,0,EEM_J_ENVELOPE,124.9824,1.0709,11.9355,51.8362,4.6104,41.6819,9.9577,25.9882,tier3,0,3976,C:\Users\o_iseri\Desktop\idf_reader\0_BEM_Setup\SimResults_neighbourhoods\option_9_j2_20260531_v1\US_ASHRAE\RC-HR2\RC-HR2_EEM_J_ENVELOPE_20260602_100938\RC-HR2_EEM_J_ENVELOPE_20260602_100938.idf,C:\Users\o_iseri\Desktop\idf_reader\0_BEM_Setup\SimResults_neighbourhoods\option_9_j2_20260531_v1\US_ASHRAE\RC-HR2\RC-HR2_EEM_J_ENVELOPE_20260602_100938\results
RC-HR2,RC-HR2,US_ASHRAE,0,1,0,0,EEM_J_HVAC_ONLY,131.4636,12.0443,6.8082,51.8383,4.6104,41.6819,10.6608,25.9882,tier3,0,3977,C:\Users\o_iseri\Desktop\idf_reader\0_BEM_Setup\SimResults_neighbourhoods\option_9_j2_20260531_v1\US_ASHRAE\RC-HR2\RC-HR2_EEM_J_HVAC_ONLY_20260602_100943\RC-HR2_EEM_J_HVAC_ONLY_20260602_100943.idf,C:\Users\o_iseri\Desktop\idf_reader\0_BEM_Setup\SimResults_neighbourhoods\option_9_j2_20260531_v1\US_ASHRAE\RC-HR2\RC-HR2_EEM_J_HVAC_ONLY_20260602_100943\results
RC-HR2,RC-HR2,US_ASHRAE,0,0,1,0,EEM_J_DHW_ONLY,117.6673,43.2051,5.8109,7.8277,4.6104,41.6819,10.7037,25.9882,tier3,0,4071,C:\Users\o_iseri\Desktop\idf_reader\0_BEM_Setup\SimResults_neighbourhoods\option_9_j2_20260531_v1\US_ASHRAE\RC-HR2\RC-HR2_EEM_J_DHW_ONLY_20260602_100943\RC-HR2_EEM_J_DHW_ONLY_20260602_100943.idf,C:\Users\o_iseri\Desktop\idf_reader\0_BEM_Setup\SimResults_neighbourhoods\option_9_j2_20260531_v1\US_ASHRAE\RC-HR2\RC-HR2_EEM_J_DHW_ONLY_20260602_100943\results
RC-HR2,RC-HR2,US_ASHRAE,1,1,0,0,EEM_J_ENV_HVAC,126.4284,0.5568,13.7479,51.8375,4.6104,41.6819,10.0958,25.9882,tier3,0,3980,C:\Users\o_iseri\Desktop\idf_reader\0_BEM_Setup\SimResults_neighbourhoods\option_9_j2_20260531_v1\US_ASHRAE\RC-HR2\RC-HR2_EEM_J_ENV_HVAC_20260602_100957\RC-HR2_EEM_J_ENV_HVAC_20260602_100957.idf,C:\Users\o_iseri\Desktop\idf_reader\0_BEM_Setup\SimResults_neighbourhoods\option_9_j2_20260531_v1\US_ASHRAE\RC-HR2\RC-HR2_EEM_J_ENV_HVAC_20260602_100957\results
RC-HR2,RC-HR2,US_ASHRAE,1,0,1,0,EEM_J_ENV_DHW,87.556,7.3808,11.9099,8.0205,4.6104,41.6819,10.0629,25.9882,tier3,4,4076,C:\Users\o_iseri\Desktop\idf_reader\0_BEM_Setup\SimResults_neighbourhoods\option_9_j2_20260531_v1\US_ASHRAE\RC-HR2\RC-HR2_EEM_J_ENV_DHW_20260602_101025\RC-HR2_EEM_J_ENV_DHW_20260602_101025.idf,C:\Users\o_iseri\Desktop\idf_reader\0_BEM_Setup\SimResults_neighbourhoods\option_9_j2_20260531_v1\US_ASHRAE\RC-HR2\RC-HR2_EEM_J_ENV_DHW_20260602_101025\results
RC-HR2,RC-HR2,US_ASHRAE,0,1,1,0,EEM_J_HVAC_DHW,93.9613,18.4338,6.798,7.8454,4.6104,41.6819,10.7722,25.9882,tier3,0,4070,C:\Users\o_iseri\Desktop\idf_reader\0_BEM_Setup\SimResults_neighbourhoods\option_9_j2_20260531_v1\US_ASHRAE\RC-HR2\RC-HR2_EEM_J_HVAC_DHW_20260602_101025\RC-HR2_EEM_J_HVAC_DHW_20260602_101025.idf,C:\Users\o_iseri\Desktop\idf_reader\0_BEM_Setup\SimResults_neighbourhoods\option_9_j2_20260531_v1\US_ASHRAE\RC-HR2\RC-HR2_EEM_J_HVAC_DHW_20260602_101025\results
RC-HR2,RC-HR2,US_ASHRAE,1,1,1,0,EEM_J_ENV_HVAC_DHW,89.0033,6.8646,13.7174,8.0303,4.6104,41.6819,10.2008,25.9882,tier3,4,4075,C:\Users\o_iseri\Desktop\idf_reader\0_BEM_Setup\SimResults_neighbourhoods\option_9_j2_20260531_v1\US_ASHRAE\RC-HR2\RC-HR2_EEM_J_ENV_HVAC_DHW_20260602_101029\RC-HR2_EEM_J_ENV_HVAC_DHW_20260602_101029.idf,C:\Users\o_iseri\Desktop\idf_reader\0_BEM_Setup\SimResults_neighbourhoods\option_9_j2_20260531_v1\US_ASHRAE\RC-HR2\RC-HR2_EEM_J_ENV_HVAC_DHW_20260602_101029\results
RC-HR2,RC-HR2,US_ASHRAE,1,0,0,1,EEM_J_ENVELOPE_EEM4,98.2271,6.6216,5.798,51.8346,1.7792,20.5484,7.8252,25.9882,tier3,0,4776,C:\Users\o_iseri\Desktop\idf_reader\0_BEM_Setup\SimResults_neighbourhoods\option_9_j2_20260531_v1\US_ASHRAE\RC-HR2\RC-HR2_EEM_J_ENVELOPE_EEM4_20260602_101050\RC-HR2_EEM_J_ENVELOPE_EEM4_20260602_101050.idf,C:\Users\o_iseri\Desktop\idf_reader\0_BEM_Setup\SimResults_neighbourhoods\option_9_j2_20260531_v1\US_ASHRAE\RC-HR2\RC-HR2_EEM_J_ENVELOPE_EEM4_20260602_101050\results
RC-HR2,RC-HR2,US_ASHRAE,1,1,0,1,EEM_J_ENV_HVAC_EEM4,94.8794,2.268,6.742,51.8346,1.7792,20.5484,7.8917,25.9882,tier3,0,4782,C:\Users\o_iseri\Desktop\idf_reader\0_BEM_Setup\SimResults_neighbourhoods\option_9_j2_20260531_v1\US_ASHRAE\RC-HR2\RC-HR2_EEM_J_ENV_HVAC_EEM4_20260602_101107\RC-HR2_EEM_J_ENV_HVAC_EEM4_20260602_101107.idf,C:\Users\o_iseri\Desktop\idf_reader\0_BEM_Setup\SimResults_neighbourhoods\option_9_j2_20260531_v1\US_ASHRAE\RC-HR2\RC-HR2_EEM_J_ENV_HVAC_EEM4_20260602_101107\results
RC-HR2,RC-HR2,US_ASHRAE,1,0,1,1,EEM_J_ENV_DHW_EEM4,60.8738,12.9343,5.7777,8.0803,1.7792,20.5484,7.9342,25.9882,tier3,0,4876,C:\Users\o_iseri\Desktop\idf_reader\0_BEM_Setup\SimResults_neighbourhoods\option_9_j2_20260531_v1\US_ASHRAE\RC-HR2\RC-HR2_EEM_J_ENV_DHW_EEM4_20260602_101115\RC-HR2_EEM_J_ENV_DHW_EEM4_20260602_101115.idf,C:\Users\o_iseri\Desktop\idf_reader\0_BEM_Setup\SimResults_neighbourhoods\option_9_j2_20260531_v1\US_ASHRAE\RC-HR2\RC-HR2_EEM_J_ENV_DHW_EEM4_20260602_101115\results
RC-HR2,RC-HR2,US_ASHRAE,1,1,1,1,EEM_J_ENV_HVAC_DHW_EEM4,57.4986,8.5801,6.7177,8.0575,1.7792,20.5484,8.0004,25.9882,tier3,0,4875,C:\Users\o_iseri\Desktop\idf_reader\0_BEM_Setup\SimResults_neighbourhoods\option_9_j2_20260531_v1\US_ASHRAE\RC-HR2\RC-HR2_EEM_J_ENV_HVAC_DHW_EEM4_20260602_101122\RC-HR2_EEM_J_ENV_HVAC_DHW_EEM4_20260602_101122.idf,C:\Users\o_iseri\Desktop\idf_reader\0_BEM_Setup\SimResults_neighbourhoods\option_9_j2_20260531_v1\US_ASHRAE\RC-HR2\RC-HR2_EEM_J_ENV_HVAC_DHW_EEM4_20260602_101122\results
