arm,nu,archetype,scenario_tag,env_flag,hvac_flag,dhw_flag,eem4_flag,status,EUI_total_kWh_m2,EUI_heating_kWh_m2,EUI_cooling_kWh_m2,EUI_DHW_kWh_m2,EUI_lights_kWh_m2,EUI_equip_kWh_m2,EUI_fans_pumps_kWh_m2,PV_gen_kWh_m2,pv_track,peak_annual_kW,peak_annual_when,peak_annual_oat_C,peak_winter_kW,peak_winter_when,peak_winter_oat_C,n_severes,n_warnings,output_path
CAN_MTL_1983,CC-B,CC-B,EEM_J_DEFAULT,0,0,0,0,simulated,191.4354,64.3035,9.0108,18.5441,40.9302,33.087,11.0632,3.4357,native,2509.01,07-18 h16,24.8,1849.24,01-02 h17,-17.1,2,2628,0_BEM_Setup/SimResults_neighbourhoods/option_9_qc1983nu_20260805_nonrc\CAN_MTL_1983\CC-B\CC-B_EEM_J_DEFAULT_20260805_100230\results
CAN_MTL_1983,CC-B,CC-B,EEM_J_DHW_ONLY,0,0,1,0,simulated,178.4841,67.7718,8.5876,2.606,41.0203,33.087,10.9202,30.5392,tier3,2459.57,07-18 h16,24.8,1810.13,01-02 h17,-17.1,7,2789,0_BEM_Setup/SimResults_neighbourhoods/option_9_qc1983nu_20260805_nonrc\CAN_MTL_1983\CC-B\CC-B_EEM_J_DHW_ONLY_20260805_100247\results
CAN_MTL_1983,CC-B,CC-B,EEM_J_DHW_ONLY_EEM4,0,0,1,1,simulated,146.4766,74.6215,6.3951,2.6466,18.5164,21.9809,7.9536,30.5392,tier3,1649.54,07-17 h17,24.4,1079.03,01-02 h18,-16.9,4,2859,0_BEM_Setup/SimResults_neighbourhoods/option_9_qc1983nu_20260805_nonrc\CAN_MTL_1983\CC-B\CC-B_EEM_J_DHW_ONLY_EEM4_20260805_100345\results
CAN_MTL_1983,CC-B,CC-B,EEM_J_EEM4_ONLY,0,0,0,1,simulated,159.9484,72.2354,6.391,18.5455,18.5164,21.9809,7.9172,30.5392,tier3,1653.21,07-17 h13,31.6,1072.49,01-02 h17,-17.1,4,2698,0_BEM_Setup/SimResults_neighbourhoods/option_9_qc1983nu_20260805_nonrc\CAN_MTL_1983\CC-B\CC-B_EEM_J_EEM4_ONLY_20260805_100334\results
CAN_MTL_1983,CC-B,CC-B,EEM_J_ENVELOPE,1,0,0,0,simulated,167.4166,40.306,9.1784,18.5391,41.161,33.087,10.5693,30.5406,tier3,2394.86,07-18 h16,24.8,1730.19,01-02 h17,-17.1,4,2618,0_BEM_Setup/SimResults_neighbourhoods/option_9_qc1983nu_20260805_nonrc\CAN_MTL_1983\CC-B\CC-B_EEM_J_ENVELOPE_20260805_100237\results
CAN_MTL_1983,CC-B,CC-B,EEM_J_ENVELOPE_EEM4,1,0,0,1,simulated,121.758,34.1821,6.4599,18.5403,18.6426,21.9809,7.5419,30.5406,tier3,1563.26,07-17 h13,31.6,948.99,01-02 h17,-17.1,6,2722,0_BEM_Setup/SimResults_neighbourhoods/option_9_qc1983nu_20260805_nonrc\CAN_MTL_1983\CC-B\CC-B_EEM_J_ENVELOPE_EEM4_20260805_100340\results
CAN_MTL_1983,CC-B,CC-B,EEM_J_ENV_DHW,1,0,1,0,simulated,153.9008,42.6965,9.1738,2.5998,41.161,33.087,10.6068,30.5406,tier3,2361.59,07-17 h09,28.0,1690.81,01-02 h17,-17.1,4,2787,0_BEM_Setup/SimResults_neighbourhoods/option_9_qc1983nu_20260805_nonrc\CAN_MTL_1983\CC-B\CC-B_EEM_J_ENV_DHW_20260805_100310\results
CAN_MTL_1983,CC-B,CC-B,EEM_J_ENV_DHW_EEM4,1,0,1,1,simulated,108.2439,36.5678,6.4493,2.6185,18.6426,21.9809,7.575,30.5406,tier3,1610.43,07-17 h17,24.4,966.43,01-02 h18,-16.9,6,2888,0_BEM_Setup/SimResults_neighbourhoods/option_9_qc1983nu_20260805_nonrc\CAN_MTL_1983\CC-B\CC-B_EEM_J_ENV_DHW_EEM4_20260805_100408\results
CAN_MTL_1983,CC-B,CC-B,EEM_J_ENV_HVAC,1,1,0,0,simulated,134.0837,6.6274,8.7091,18.548,41.161,33.087,11.3803,30.5406,tier3,2381.63,07-17 h09,28.0,2351.58,01-02 h10,-20.9,13,2669,0_BEM_Setup/SimResults_neighbourhoods/option_9_qc1983nu_20260805_nonrc\CAN_MTL_1983\CC-B\CC-B_EEM_J_ENV_HVAC_20260805_100247\results
CAN_MTL_1983,CC-B,CC-B,EEM_J_ENV_HVAC_DHW,1,1,1,0,simulated,120.6448,9.0739,8.7041,2.633,41.161,33.087,11.4146,30.5406,tier3,2361.23,07-17 h09,28.0,2321.0,01-02 h10,-20.9,18,2840,0_BEM_Setup/SimResults_neighbourhoods/option_9_qc1983nu_20260805_nonrc\CAN_MTL_1983\CC-B\CC-B_EEM_J_ENV_HVAC_DHW_20260805_100334\results
CAN_MTL_1983,CC-B,CC-B,EEM_J_ENV_HVAC_DHW_EEM4,1,1,1,1,simulated,80.864,8.766,6.1724,2.618,18.6426,21.9809,8.2679,30.5406,tier3,1583.0,07-17 h17,24.4,1462.08,01-02 h18,-16.9,12,2923,0_BEM_Setup/SimResults_neighbourhoods/option_9_qc1983nu_20260805_nonrc\CAN_MTL_1983\CC-B\CC-B_EEM_J_ENV_HVAC_DHW_EEM4_20260805_100432\results
CAN_MTL_1983,CC-B,CC-B,EEM_J_ENV_HVAC_EEM4,1,1,0,1,simulated,94.3146,6.3146,6.1757,18.5497,18.6426,21.9809,8.235,30.5406,tier3,1547.43,07-18 h09,25.0,1445.67,01-02 h17,-17.1,15,2763,0_BEM_Setup/SimResults_neighbourhoods/option_9_qc1983nu_20260805_nonrc\CAN_MTL_1983\CC-B\CC-B_EEM_J_ENV_HVAC_EEM4_20260805_100400\results
CAN_MTL_1983,CC-B,CC-B,EEM_J_HVAC_DHW,0,1,1,0,simulated,125.0922,13.4376,8.032,2.6104,41.0203,33.087,12.3767,30.5392,tier3,2857.27,01-02 h17,-17.1,2857.27,01-02 h17,-17.1,6,2830,0_BEM_Setup/SimResults_neighbourhoods/option_9_qc1983nu_20260805_nonrc\CAN_MTL_1983\CC-B\CC-B_EEM_J_HVAC_DHW_20260805_100331\results
CAN_MTL_1983,CC-B,CC-B,EEM_J_HVAC_DHW_EEM4,0,1,1,1,simulated,88.2046,15.5045,5.7991,2.6346,18.5164,21.9809,9.3659,30.5392,tier3,1981.81,01-02 h18,-16.9,1981.81,01-02 h18,-16.9,4,2899,0_BEM_Setup/SimResults_neighbourhoods/option_9_qc1983nu_20260805_nonrc\CAN_MTL_1983\CC-B\CC-B_EEM_J_HVAC_DHW_EEM4_20260805_100419\results
CAN_MTL_1983,CC-B,CC-B,EEM_J_HVAC_ONLY,0,1,0,0,simulated,138.5472,10.9754,8.0309,18.5523,41.0203,33.087,12.3538,30.5392,tier3,2894.3,01-02 h17,-17.1,2894.3,01-02 h17,-17.1,2,2661,0_BEM_Setup/SimResults_neighbourhoods/option_9_qc1983nu_20260805_nonrc\CAN_MTL_1983\CC-B\CC-B_EEM_J_HVAC_ONLY_20260805_100243\results
CAN_MTL_1983,CC-B,CC-B,EEM_J_HVAC_ONLY_EEM4,0,1,0,1,simulated,101.6521,13.0511,5.7971,18.5545,18.5164,21.9809,9.3489,30.5392,tier3,1965.55,01-02 h17,-17.1,1965.55,01-02 h17,-17.1,4,2741,0_BEM_Setup/SimResults_neighbourhoods/option_9_qc1983nu_20260805_nonrc\CAN_MTL_1983\CC-B\CC-B_EEM_J_HVAC_ONLY_EEM4_20260805_100344\results
CAN_MTL_1983,CC-E1,CC-E1,EEM_J_DEFAULT,0,0,0,0,simulated,164.8939,42.7751,9.2372,12.8663,52.36,28.8049,10.1096,1.6879,native,3093.7,07-10 h14,24.4,1912.23,01-02 h17,-17.1,4,1587,0_BEM_Setup/SimResults_neighbourhoods/option_9_qc1983nu_20260805_nonrc\CAN_MTL_1983\CC-E1\CC-E1_EEM_J_DEFAULT_20260805_100914\results
CAN_MTL_1983,CC-E1,CC-E1,EEM_J_DHW_ONLY,0,0,1,0,simulated,155.7242,44.9803,9.0152,1.6176,52.3579,28.8049,10.2174,28.0193,tier3,3038.87,07-10 h14,24.4,1879.8,01-02 h17,-17.1,3,1904,0_BEM_Setup/SimResults_neighbourhoods/option_9_qc1983nu_20260805_nonrc\CAN_MTL_1983\CC-E1\CC-E1_EEM_J_DHW_ONLY_20260805_100926\results
CAN_MTL_1983,CC-E1,CC-E1,EEM_J_DHW_ONLY_EEM4,0,0,1,1,simulated,126.1109,60.0863,6.2415,1.6116,26.1978,17.369,6.0843,28.0193,tier3,2014.26,07-17 h14,32.5,1029.07,01-02 h17,-17.1,7,3372,0_BEM_Setup\SimResults_neighbourhoods\option_9_qc1983nu_20260805_nonrc\CAN_MTL_1983\CC-E1\CC-E1_EEM_J_DHW_ONLY_EEM4_20260808_121347\results
CAN_MTL_1983,CC-E1,CC-E1,EEM_J_EEM4_ONLY,0,0,0,1,simulated,136.2658,58.9908,6.2433,12.8755,26.1978,17.369,6.0691,28.0193,tier3,2031.86,07-17 h14,32.5,1062.43,01-02 h17,-17.1,3,3065,0_BEM_Setup\SimResults_neighbourhoods\option_9_qc1983nu_20260805_nonrc\CAN_MTL_1983\CC-E1\CC-E1_EEM_J_EEM4_ONLY_20260808_121325\results
CAN_MTL_1983,CC-E1,CC-E1,EEM_J_ENVELOPE,1,0,0,0,simulated,135.3686,13.3273,8.6663,12.8572,52.3525,28.8055,10.5087,28.0209,tier3,2937.05,08-10 h10,24.4,1919.88,12-01 h17,-1.4,11,1624,0_BEM_Setup/SimResults_neighbourhoods/option_9_qc1983nu_20260805_nonrc\CAN_MTL_1983\CC-E1\CC-E1_EEM_J_ENVELOPE_20260805_100919\results
CAN_MTL_1983,CC-E1,CC-E1,EEM_J_ENVELOPE_EEM4,1,0,0,1,simulated,95.6579,18.5775,5.9811,12.8649,26.2021,17.3696,5.9395,28.0209,tier3,1870.23,06-19 h08,23.6,1022.47,01-02 h17,-17.1,82,3120,0_BEM_Setup/SimResults_neighbourhoods/option_9_qc1983nu_20260805_nonrc\CAN_MTL_1983\CC-E1\CC-E1_EEM_J_ENVELOPE_EEM4_20260805_101005\results
CAN_MTL_1983,CC-E1,CC-E1,EEM_J_ENV_DHW,1,0,1,0,simulated,125.1943,14.3974,8.6529,1.6095,52.3525,28.8055,10.5242,28.0209,tier3,2892.43,08-10 h10,24.4,1895.8,12-29 h17,2.5,19,1936,0_BEM_Setup/SimResults_neighbourhoods/option_9_qc1983nu_20260805_nonrc\CAN_MTL_1983\CC-E1\CC-E1_EEM_J_ENV_DHW_20260805_100941\results
CAN_MTL_1983,CC-E1,CC-E1,EEM_J_ENV_DHW_EEM4,1,0,1,1,simulated,85.5552,19.7284,5.9598,1.6104,26.2021,17.3696,5.9605,28.0209,tier3,1837.41,06-19 h08,23.6,987.46,01-02 h17,-17.1,77,3432,0_BEM_Setup/SimResults_neighbourhoods/option_9_qc1983nu_20260805_nonrc\CAN_MTL_1983\CC-E1\CC-E1_EEM_J_ENV_DHW_EEM4_20260805_101118\results
CAN_MTL_1983,CC-E1,CC-E1,EEM_J_ENV_HVAC,1,1,0,0,simulated,124.83,2.4883,8.4555,12.8662,52.3525,28.8055,11.0298,28.0209,tier3,2927.01,08-10 h10,24.4,2618.62,01-02 h10,-20.9,13,1649,0_BEM_Setup/SimResults_neighbourhoods/option_9_qc1983nu_20260805_nonrc\CAN_MTL_1983\CC-E1\CC-E1_EEM_J_ENV_HVAC_20260805_100940\results
CAN_MTL_1983,CC-E1,CC-E1,EEM_J_ENV_HVAC_DHW,1,1,1,0,simulated,114.7087,3.6136,8.4422,1.6198,52.3525,28.8055,11.0429,28.0209,tier3,2881.72,08-10 h10,24.4,2575.19,01-02 h10,-20.9,21,1967,0_BEM_Setup/SimResults_neighbourhoods/option_9_qc1983nu_20260805_nonrc\CAN_MTL_1983\CC-E1\CC-E1_EEM_J_ENV_HVAC_DHW_20260805_100957\results
CAN_MTL_1983,CC-E1,CC-E1,EEM_J_ENV_HVAC_DHW_EEM4,1,1,1,1,simulated,70.3099,4.0276,5.7224,1.6137,26.2021,17.3696,6.6698,28.0209,tier3,1829.03,06-19 h08,23.6,1663.19,01-02 h17,-17.1,77,3454,0_BEM_Setup/SimResults_neighbourhoods/option_9_qc1983nu_20260805_nonrc\CAN_MTL_1983\CC-E1\CC-E1_EEM_J_ENV_HVAC_DHW_EEM4_20260805_101127\results
CAN_MTL_1983,CC-E1,CC-E1,EEM_J_ENV_HVAC_EEM4,1,1,0,1,simulated,80.4267,2.8905,5.7358,12.878,26.2021,17.3696,6.6474,28.0209,tier3,1865.99,06-19 h08,23.6,1694.42,01-02 h17,-17.1,85,3145,0_BEM_Setup/SimResults_neighbourhoods/option_9_qc1983nu_20260805_nonrc\CAN_MTL_1983\CC-E1\CC-E1_EEM_J_ENV_HVAC_EEM4_20260805_101110\results
CAN_MTL_1983,CC-E1,CC-E1,EEM_J_HVAC_DHW,0,1,1,0,simulated,118.4935,6.276,8.7533,1.6172,52.3579,28.8049,11.9714,28.0193,tier3,3374.51,01-02 h10,-20.9,3374.51,01-02 h10,-20.9,6,1926,0_BEM_Setup/SimResults_neighbourhoods/option_9_qc1983nu_20260805_nonrc\CAN_MTL_1983\CC-E1\CC-E1_EEM_J_HVAC_DHW_20260805_100948\results
CAN_MTL_1983,CC-E1,CC-E1,EEM_J_HVAC_DHW_EEM4,0,1,1,1,simulated,75.4188,7.768,5.9524,1.6137,26.1978,17.369,8.0172,28.0193,tier3,2332.54,01-02 h09,-22.2,2332.54,01-02 h09,-22.2,6,3400,0_BEM_Setup\SimResults_neighbourhoods\option_9_qc1983nu_20260805_nonrc\CAN_MTL_1983\CC-E1\CC-E1_EEM_J_HVAC_DHW_EEM4_20260808_121352\results
CAN_MTL_1983,CC-E1,CC-E1,EEM_J_HVAC_ONLY,0,1,0,0,simulated,128.6013,5.1416,8.7538,12.8758,52.3579,28.8049,11.9554,28.0193,tier3,3412.25,01-02 h10,-20.9,3412.25,01-02 h10,-20.9,6,1616,0_BEM_Setup/SimResults_neighbourhoods/option_9_qc1983nu_20260805_nonrc\CAN_MTL_1983\CC-E1\CC-E1_EEM_J_HVAC_ONLY_20260805_100923\results
CAN_MTL_1983,CC-E1,CC-E1,EEM_J_HVAC_ONLY_EEM4,0,1,0,1,simulated,85.5488,6.6346,5.9563,12.8875,26.1978,17.369,8.0031,28.0193,tier3,2382.1,01-02 h09,-22.2,2382.1,01-02 h09,-22.2,3,3093,0_BEM_Setup\SimResults_neighbourhoods\option_9_qc1983nu_20260805_nonrc\CAN_MTL_1983\CC-E1\CC-E1_EEM_J_HVAC_ONLY_EEM4_20260808_121338\results
CAN_MTL_1983,CC-E2,CC-E2,EEM_J_DEFAULT,0,0,0,0,simulated,400.0132,224.9064,18.8266,21.3518,65.2719,32.4362,30.0324,1.0239,native,1892.93,06-12 h13,30.6,1426.46,01-02 h11,-19.8,6,1409,0_BEM_Setup/SimResults_neighbourhoods/option_9_qc1983nu_20260805_nonrc\CAN_MTL_1983\CC-E2\CC-E2_EEM_J_DEFAULT_20260805_101140\results
CAN_MTL_1983,CC-E2,CC-E2,EEM_J_DHW_ONLY,0,0,1,0,simulated,384.3339,227.8206,18.3703,3.457,65.3086,32.4362,29.7677,51.2189,tier3,1876.16,06-12 h13,30.6,1439.65,01-02 h11,-19.8,15,1749,0_BEM_Setup/SimResults_neighbourhoods/option_9_qc1983nu_20260805_nonrc\CAN_MTL_1983\CC-E2\CC-E2_EEM_J_DHW_ONLY_20260805_101206\results
CAN_MTL_1983,CC-E2,CC-E2,EEM_J_DHW_ONLY_EEM4,0,0,1,1,simulated,342.0286,228.9448,15.1105,3.4444,36.0733,23.6472,27.6378,51.2189,tier3,1363.07,07-17 h14,32.5,1007.58,01-02 h17,-17.1,12,2890,0_BEM_Setup\SimResults_neighbourhoods\option_9_qc1983nu_20260805_nonrc\CAN_MTL_1983\CC-E2\CC-E2_EEM_J_DHW_ONLY_EEM4_20260808_121425\results
CAN_MTL_1983,CC-E2,CC-E2,EEM_J_EEM4_ONLY,0,0,0,1,simulated,357.7869,226.8192,15.1186,21.3625,36.0733,23.6472,27.5971,51.2189,tier3,1367.1,07-17 h14,32.5,999.59,01-02 h17,-17.1,9,2547,0_BEM_Setup\SimResults_neighbourhoods\option_9_qc1983nu_20260805_nonrc\CAN_MTL_1983\CC-E2\CC-E2_EEM_J_EEM4_ONLY_20260808_121404\results
CAN_MTL_1983,CC-E2,CC-E2,EEM_J_ENVELOPE,1,0,0,0,simulated,366.2402,193.0512,17.344,21.3339,65.5621,32.4361,29.2308,51.2203,tier3,1727.1,09-08 h14,30.8,1282.19,01-02 h17,-17.1,35,1416,0_BEM_Setup/SimResults_neighbourhoods/option_9_qc1983nu_20260805_nonrc\CAN_MTL_1983\CC-E2\CC-E2_EEM_J_ENVELOPE_20260805_101149\results
CAN_MTL_1983,CC-E2,CC-E2,EEM_J_ENVELOPE_EEM4,1,0,0,1,simulated,316.1342,187.3045,14.0905,21.3442,36.2144,23.6471,26.1915,51.2203,tier3,1213.35,07-17 h14,32.5,828.64,01-02 h17,-17.1,70,2587,0_BEM_Setup/SimResults_neighbourhoods/option_9_qc1983nu_20260805_nonrc\CAN_MTL_1983\CC-E2\CC-E2_EEM_J_ENVELOPE_EEM4_20260805_101342\results
CAN_MTL_1983,CC-E2,CC-E2,EEM_J_ENV_DHW,1,0,1,0,simulated,350.5137,195.2088,17.2975,3.4616,65.5621,32.4361,29.2611,51.2203,tier3,1738.43,09-08 h12,29.2,1289.09,01-02 h17,-17.1,54,1760,0_BEM_Setup/SimResults_neighbourhoods/option_9_qc1983nu_20260805_nonrc\CAN_MTL_1983\CC-E2\CC-E2_EEM_J_ENV_DHW_20260805_101255\results
CAN_MTL_1983,CC-E2,CC-E2,EEM_J_ENV_DHW_EEM4,1,0,1,1,simulated,300.6917,189.7326,14.0906,3.4672,36.2144,23.6472,26.1965,51.2203,tier3,1236.66,06-12 h13,30.6,835.61,01-02 h17,-17.1,91,2928,0_BEM_Setup/SimResults_neighbourhoods/option_9_qc1983nu_20260805_nonrc\CAN_MTL_1983\CC-E2\CC-E2_EEM_J_ENV_DHW_EEM4_20260805_101408\results
CAN_MTL_1983,CC-E2,CC-E2,EEM_J_ENV_HVAC,1,1,0,0,simulated,197.9141,21.8943,16.9141,21.3543,65.5621,32.4361,32.5082,51.2203,tier3,1747.4,09-08 h14,30.8,1729.17,01-02 h17,-17.1,36,1461,0_BEM_Setup/SimResults_neighbourhoods/option_9_qc1983nu_20260805_nonrc\CAN_MTL_1983\CC-E2\CC-E2_EEM_J_ENV_HVAC_20260805_101215\results
CAN_MTL_1983,CC-E2,CC-E2,EEM_J_ENV_HVAC_DHW,1,1,1,0,simulated,182.1442,24.0341,16.8756,3.4511,65.5621,32.4361,32.5345,51.2203,tier3,1760.24,09-08 h12,29.2,1744.21,01-02 h11,-19.8,47,1806,0_BEM_Setup/SimResults_neighbourhoods/option_9_qc1983nu_20260805_nonrc\CAN_MTL_1983\CC-E2\CC-E2_EEM_J_ENV_HVAC_DHW_20260805_101340\results
CAN_MTL_1983,CC-E2,CC-E2,EEM_J_ENV_HVAC_DHW_EEM4,1,1,1,1,simulated,137.4882,23.4151,13.7609,3.4467,36.2144,23.6471,29.7036,51.2203,tier3,1286.89,01-02 h11,-19.8,1286.89,01-02 h11,-19.8,89,2963,0_BEM_Setup/SimResults_neighbourhoods/option_9_qc1983nu_20260805_nonrc\CAN_MTL_1983\CC-E2\CC-E2_EEM_J_ENV_HVAC_DHW_EEM4_20260805_101412\results
CAN_MTL_1983,CC-E2,CC-E2,EEM_J_ENV_HVAC_EEM4,1,1,0,1,simulated,153.2136,21.2488,13.7544,21.3701,36.2144,23.6471,29.6805,51.2203,tier3,1274.57,01-02 h10,-20.9,1274.57,01-02 h10,-20.9,70,2626,0_BEM_Setup/SimResults_neighbourhoods/option_9_qc1983nu_20260805_nonrc\CAN_MTL_1983\CC-E2\CC-E2_EEM_J_ENV_HVAC_EEM4_20260805_101402\results
CAN_MTL_1983,CC-E2,CC-E2,EEM_J_HVAC_DHW,0,1,1,0,simulated,194.1761,33.5032,17.9308,3.4649,65.3086,32.4362,34.3905,51.2189,tier3,2238.65,01-02 h10,-20.9,2238.65,01-02 h10,-20.9,18,1778,0_BEM_Setup/SimResults_neighbourhoods/option_9_qc1983nu_20260805_nonrc\CAN_MTL_1983\CC-E2\CC-E2_EEM_J_HVAC_DHW_20260805_101322\results
CAN_MTL_1983,CC-E2,CC-E2,EEM_J_HVAC_DHW_EEM4,0,1,1,1,simulated,152.3708,34.8475,14.7231,3.4545,36.0733,23.6472,32.4986,51.2189,tier3,1765.58,01-02 h08,-23.1,1765.58,01-02 h08,-23.1,13,2924,0_BEM_Setup\SimResults_neighbourhoods\option_9_qc1983nu_20260805_nonrc\CAN_MTL_1983\CC-E2\CC-E2_EEM_J_HVAC_DHW_EEM4_20260808_121437\results
CAN_MTL_1983,CC-E2,CC-E2,EEM_J_HVAC_ONLY,0,1,0,0,simulated,209.9279,31.3716,17.939,21.37,65.3086,32.4362,34.3621,51.2189,tier3,2239.06,01-02 h10,-20.9,2239.06,01-02 h10,-20.9,8,1452,0_BEM_Setup/SimResults_neighbourhoods/option_9_qc1983nu_20260805_nonrc\CAN_MTL_1983\CC-E2\CC-E2_EEM_J_HVAC_ONLY_20260805_101151\results
CAN_MTL_1983,CC-E2,CC-E2,EEM_J_HVAC_ONLY_EEM4,0,1,0,1,simulated,168.1318,32.7165,14.7339,21.3884,36.0733,23.6472,32.4466,51.2189,tier3,1760.83,01-02 h08,-23.1,1760.83,01-02 h08,-23.1,9,2584,0_BEM_Setup\SimResults_neighbourhoods\option_9_qc1983nu_20260805_nonrc\CAN_MTL_1983\CC-E2\CC-E2_EEM_J_HVAC_ONLY_EEM4_20260808_121407\results
CAN_MTL_1983,CC-E3,CC-E3,EEM_J_DEFAULT,0,0,0,0,simulated,391.2407,216.5083,20.3127,24.0564,60.3299,34.495,28.1654,0.7028,native,2050.84,06-12 h15,30.6,1134.01,12-14 h17,-8.1,15,1797,0_BEM_Setup/SimResults_neighbourhoods/option_9_qc1983nu_20260805_nonrc\CAN_MTL_1983\CC-E3\CC-E3_EEM_J_DEFAULT_20260805_101421\results
CAN_MTL_1983,CC-E3,CC-E3,EEM_J_DHW_ONLY,0,0,1,0,simulated,374.0328,218.9225,19.9383,5.0526,60.3444,34.495,27.9258,54.3832,tier3,2023.31,06-12 h13,30.6,1126.64,12-26 h17,-0.6,47,2528,0_BEM_Setup/SimResults_neighbourhoods/option_9_qc1983nu_20260805_nonrc\CAN_MTL_1983\CC-E3\CC-E3_EEM_J_DHW_ONLY_20260805_101509\results
CAN_MTL_1983,CC-E3,CC-E3,EEM_J_DHW_ONLY_EEM4,0,0,1,1,simulated,336.3745,220.8442,16.6972,5.0473,33.4329,26.9986,26.0612,54.3832,tier3,1591.56,07-17 h14,32.5,793.63,12-26 h09,-3.6,15,3977,0_BEM_Setup\SimResults_neighbourhoods\option_9_qc1983nu_20260805_nonrc\CAN_MTL_1983\CC-E3\CC-E3_EEM_J_DHW_ONLY_EEM4_20260808_121618\results
CAN_MTL_1983,CC-E3,CC-E3,EEM_J_EEM4_ONLY,0,0,0,1,simulated,353.8584,219.3,16.7321,24.0685,33.4329,26.9986,26.0323,54.3832,tier3,1593.09,07-17 h14,32.5,802.78,12-26 h09,-3.6,3,3244,0_BEM_Setup\SimResults_neighbourhoods\option_9_qc1983nu_20260805_nonrc\CAN_MTL_1983\CC-E3\CC-E3_EEM_J_EEM4_ONLY_20260808_121552\results
CAN_MTL_1983,CC-E3,CC-E3,EEM_J_ENVELOPE,1,0,0,0,simulated,353.9835,181.5541,18.4539,24.029,60.554,34.495,27.5901,54.3915,tier3,1842.52,09-08 h13,30.1,1129.85,12-13 h17,-11.9,93,1834,0_BEM_Setup/SimResults_neighbourhoods/option_9_qc1983nu_20260805_nonrc\CAN_MTL_1983\CC-E3\CC-E3_EEM_J_ENVELOPE_20260805_101448\results
CAN_MTL_1983,CC-E3,CC-E3,EEM_J_ENVELOPE_EEM4,1,0,0,1,simulated,307.3607,175.5398,15.2387,24.0404,33.5991,26.9985,24.6378,54.3915,tier3,1383.12,07-17 h14,32.5,771.3,12-13 h17,-11.9,88,3308,0_BEM_Setup/SimResults_neighbourhoods/option_9_qc1983nu_20260805_nonrc\CAN_MTL_1983\CC-E3\CC-E3_EEM_J_ENVELOPE_EEM4_20260805_101651\results
CAN_MTL_1983,CC-E3,CC-E3,EEM_J_ENV_DHW,1,0,1,0,simulated,336.2937,182.8935,18.399,5.0322,60.554,34.495,27.6117,54.3915,tier3,1838.23,09-08 h14,30.8,1122.2,12-01 h12,1.1,26,2564,0_BEM_Setup/SimResults_neighbourhoods/option_9_qc1983nu_20260805_nonrc\CAN_MTL_1983\CC-E3\CC-E3_EEM_J_ENV_DHW_20260805_101620\results
CAN_MTL_1983,CC-E3,CC-E3,EEM_J_ENV_DHW_EEM4,1,0,1,1,simulated,289.8936,177.085,15.193,5.0396,33.5991,26.998,24.671,54.3915,tier3,1376.86,07-17 h14,32.5,759.61,12-13 h17,-11.9,89,4038,0_BEM_Setup/SimResults_neighbourhoods/option_9_qc1983nu_20260805_nonrc\CAN_MTL_1983\CC-E3\CC-E3_EEM_J_ENV_DHW_EEM4_20260805_101706\results
CAN_MTL_1983,CC-E3,CC-E3,EEM_J_ENV_HVAC,1,1,0,0,simulated,192.3743,17.8395,17.5729,24.044,60.554,34.495,30.581,54.3915,tier3,1852.38,09-08 h12,29.2,1726.57,01-02 h10,-20.9,27,1912,0_BEM_Setup/SimResults_neighbourhoods/option_9_qc1983nu_20260805_nonrc\CAN_MTL_1983\CC-E3\CC-E3_EEM_J_ENV_HVAC_20260805_101535\results
CAN_MTL_1983,CC-E3,CC-E3,EEM_J_ENV_HVAC_DHW,1,1,1,0,simulated,174.7235,19.214,17.5313,5.0314,60.554,34.495,30.6086,54.3915,tier3,1850.31,09-08 h14,30.8,1731.3,01-02 h11,-19.8,32,2639,0_BEM_Setup/SimResults_neighbourhoods/option_9_qc1983nu_20260805_nonrc\CAN_MTL_1983\CC-E3\CC-E3_EEM_J_ENV_HVAC_DHW_20260805_101647\results
CAN_MTL_1983,CC-E3,CC-E3,EEM_J_ENV_HVAC_DHW_EEM4,1,1,1,1,simulated,133.4408,18.1638,14.523,5.0401,33.5991,26.998,27.8357,54.3915,tier3,1389.1,06-12 h13,30.6,1299.48,01-02 h11,-19.8,94,4125,0_BEM_Setup/SimResults_neighbourhoods/option_9_qc1983nu_20260805_nonrc\CAN_MTL_1983\CC-E3\CC-E3_EEM_J_ENV_HVAC_DHW_EEM4_20260805_101707\results
CAN_MTL_1983,CC-E3,CC-E3,EEM_J_ENV_HVAC_EEM4,1,1,0,1,simulated,151.0555,16.7641,14.5477,24.0699,33.5991,26.9985,27.7966,54.3915,tier3,1383.37,07-17 h14,32.5,1300.54,01-02 h10,-20.9,83,3384,0_BEM_Setup/SimResults_neighbourhoods/option_9_qc1983nu_20260805_nonrc\CAN_MTL_1983\CC-E3\CC-E3_EEM_J_ENV_HVAC_EEM4_20260805_101653\results
CAN_MTL_1983,CC-E3,CC-E3,EEM_J_HVAC_DHW,0,1,1,0,simulated,181.8152,23.2983,18.9098,5.0505,60.3444,34.495,32.3772,54.3832,tier3,2118.96,01-02 h09,-22.2,2118.96,01-02 h09,-22.2,49,2604,0_BEM_Setup/SimResults_neighbourhoods/option_9_qc1983nu_20260805_nonrc\CAN_MTL_1983\CC-E3\CC-E3_EEM_J_HVAC_DHW_20260805_101642\results
CAN_MTL_1983,CC-E3,CC-E3,EEM_J_HVAC_DHW_EEM4,0,1,1,1,simulated,142.5827,23.2496,15.8014,5.0498,33.4329,26.9986,30.7826,54.3832,tier3,1704.18,01-02 h08,-23.1,1704.18,01-02 h08,-23.1,12,4046,0_BEM_Setup\SimResults_neighbourhoods\option_9_qc1983nu_20260805_nonrc\CAN_MTL_1983\CC-E3\CC-E3_EEM_J_HVAC_DHW_EEM4_20260808_121618\results
CAN_MTL_1983,CC-E3,CC-E3,EEM_J_HVAC_ONLY,0,1,0,0,simulated,199.4221,21.8662,18.9399,24.0714,60.3444,34.495,32.3661,54.3832,tier3,2154.03,01-02 h09,-22.2,2154.03,01-02 h09,-22.2,44,1879,0_BEM_Setup/SimResults_neighbourhoods/option_9_qc1983nu_20260805_nonrc\CAN_MTL_1983\CC-E3\CC-E3_EEM_J_HVAC_ONLY_20260805_101457\results
CAN_MTL_1983,CC-E3,CC-E3,EEM_J_HVAC_ONLY_EEM4,0,1,0,1,simulated,160.2109,21.8098,15.8285,24.0905,33.4329,26.9986,30.7818,54.3832,tier3,1741.95,01-02 h08,-23.1,1741.95,01-02 h08,-23.1,3,3319,0_BEM_Setup\SimResults_neighbourhoods\option_9_qc1983nu_20260805_nonrc\CAN_MTL_1983\CC-E3\CC-E3_EEM_J_HVAC_ONLY_EEM4_20260808_121606\results
CAN_MTL_1983,CC-FD1,CC-FD1,EEM_J_DEFAULT,0,0,0,0,simulated,208.3905,77.9013,9.9849,28.727,40.513,31.0327,14.8262,0.1885,native,7748.69,07-17 h09,28.0,5525.1,12-26 h10,-3.4,18,1797,0_BEM_Setup/SimResults_neighbourhoods/option_9_qc1983nu_20260805_nonrc\CAN_MTL_1983\CC-FD1\CC-FD1_EEM_J_DEFAULT_20260805_101754\results
CAN_MTL_1983,CC-FD1,CC-FD1,EEM_J_DHW_ONLY,0,0,1,0,simulated,189.0503,78.5482,9.8981,8.8252,40.5477,31.0327,14.7931,8.9544,tier3,7120.23,07-17 h09,28.0,4829.25,12-26 h10,-3.4,18,2027,0_BEM_Setup/SimResults_neighbourhoods/option_9_qc1983nu_20260805_nonrc\CAN_MTL_1983\CC-FD1\CC-FD1_EEM_J_DHW_ONLY_20260805_101843\results
CAN_MTL_1983,CC-FD1,CC-FD1,EEM_J_DHW_ONLY_EEM4,0,0,1,1,simulated,164.4197,90.7514,7.4321,8.8205,20.8401,19.5945,11.3568,8.9544,tier3,5044.56,07-17 h10,29.3,2986.35,01-03 h09,-11.5,40,2415,0_BEM_Setup/SimResults_neighbourhoods/option_9_qc1983nu_20260805_nonrc\CAN_MTL_1983\CC-FD1\CC-FD1_EEM_J_DHW_ONLY_EEM4_20260805_102116\results
CAN_MTL_1983,CC-FD1,CC-FD1,EEM_J_EEM4_ONLY,0,0,0,1,simulated,183.817,90.2871,7.4327,28.7279,20.8401,19.5945,11.3106,8.9544,tier3,5630.96,07-17 h10,29.3,3665.44,01-03 h09,-11.5,38,2173,0_BEM_Setup/SimResults_neighbourhoods/option_9_qc1983nu_20260805_nonrc\CAN_MTL_1983\CC-FD1\CC-FD1_EEM_J_EEM4_ONLY_20260805_102042\results
CAN_MTL_1983,CC-FD1,CC-FD1,EEM_J_ENVELOPE,1,0,0,0,simulated,173.2974,36.13,13.982,28.7258,39.7873,31.0327,18.5903,8.9286,tier3,7512.31,07-18 h09,24.6,5424.82,01-03 h10,-11.1,22,1835,0_BEM_Setup/SimResults_neighbourhoods/option_9_qc1983nu_20260805_nonrc\CAN_MTL_1983\CC-FD1\CC-FD1_EEM_J_ENVELOPE_20260805_101839\results
CAN_MTL_1983,CC-FD1,CC-FD1,EEM_J_ENVELOPE_EEM4,1,0,0,1,simulated,124.8365,30.0723,9.2613,28.727,20.2031,19.5945,11.3539,8.9548,tier3,5408.33,07-17 h10,29.3,3383.97,01-03 h09,-11.5,6,2174,0_BEM_Setup/SimResults_neighbourhoods/option_9_qc1983nu_20260805_nonrc\CAN_MTL_1983\CC-FD1\CC-FD1_EEM_J_ENVELOPE_EEM4_20260805_102100\results
CAN_MTL_1983,CC-FD1,CC-FD1,EEM_J_ENV_DHW,1,0,1,0,simulated,140.1633,26.8512,12.7499,8.8112,39.7935,31.0327,15.6432,8.9548,tier3,6942.13,07-17 h09,28.0,4783.97,01-03 h10,-10.8,13,2074,0_BEM_Setup/SimResults_neighbourhoods/option_9_qc1983nu_20260805_nonrc\CAN_MTL_1983\CC-FD1\CC-FD1_EEM_J_ENV_DHW_20260805_102025\results
CAN_MTL_1983,CC-FD1,CC-FD1,EEM_J_ENV_DHW_EEM4,1,0,1,1,simulated,105.4746,30.5367,9.261,8.8492,20.2031,19.5945,11.4058,8.9548,tier3,4816.27,07-17 h10,29.3,2773.93,02-20 h19,-7.4,7,2403,0_BEM_Setup/SimResults_neighbourhoods/option_9_qc1983nu_20260805_nonrc\CAN_MTL_1983\CC-FD1\CC-FD1_EEM_J_ENV_DHW_EEM4_20260805_102232\results
CAN_MTL_1983,CC-FD1,CC-FD1,EEM_J_ENV_HVAC,1,1,0,0,simulated,141.7248,2.5238,13.7143,28.7292,39.7873,31.0327,20.8918,8.9286,tier3,8159.9,01-03 h09,-12.4,8159.9,01-03 h09,-12.4,26,1912,0_BEM_Setup/SimResults_neighbourhoods/option_9_qc1983nu_20260805_nonrc\CAN_MTL_1983\CC-FD1\CC-FD1_EEM_J_ENV_HVAC_20260805_101909\results
CAN_MTL_1983,CC-FD1,CC-FD1,EEM_J_ENV_HVAC_DHW,1,1,1,0,simulated,122.358,2.9806,13.7137,8.8568,39.7873,31.0327,20.9414,8.9286,tier3,7452.63,01-03 h09,-12.4,7452.63,01-03 h09,-12.4,26,2083,0_BEM_Setup/SimResults_neighbourhoods/option_9_qc1983nu_20260805_nonrc\CAN_MTL_1983\CC-FD1\CC-FD1_EEM_J_ENV_HVAC_DHW_20260805_102040\results
CAN_MTL_1983,CC-FD1,CC-FD1,EEM_J_ENV_HVAC_DHW_EEM4,1,1,1,1,simulated,82.7647,3.0945,9.8762,8.8801,20.1898,19.5945,15.7346,8.9286,tier3,5143.84,01-03 h08,-13.9,5143.84,01-03 h08,-13.9,22,2410,0_BEM_Setup/SimResults_neighbourhoods/option_9_qc1983nu_20260805_nonrc\CAN_MTL_1983\CC-FD1\CC-FD1_EEM_J_ENV_HVAC_DHW_EEM4_20260805_102327\results
CAN_MTL_1983,CC-FD1,CC-FD1,EEM_J_ENV_HVAC_EEM4,1,1,0,1,simulated,98.9106,2.5662,9.0875,28.7322,20.2031,19.5945,13.1071,8.9548,tier3,5964.03,01-03 h09,-11.5,5964.03,01-03 h09,-11.5,6,2249,0_BEM_Setup/SimResults_neighbourhoods/option_9_qc1983nu_20260805_nonrc\CAN_MTL_1983\CC-FD1\CC-FD1_EEM_J_ENV_HVAC_EEM4_20260805_102150\results
CAN_MTL_1983,CC-FD1,CC-FD1,EEM_J_HVAC_DHW,0,1,1,0,simulated,120.1931,6.6895,9.5649,8.8174,40.5477,31.0327,18.1277,8.9544,tier3,8506.19,01-03 h09,-11.5,8506.19,01-03 h09,-11.5,19,2108,0_BEM_Setup/SimResults_neighbourhoods/option_9_qc1983nu_20260805_nonrc\CAN_MTL_1983\CC-FD1\CC-FD1_EEM_J_HVAC_DHW_20260805_102036\results
CAN_MTL_1983,CC-FD1,CC-FD1,EEM_J_HVAC_DHW_EEM4,0,1,1,1,simulated,84.6535,7.9791,7.1361,8.8153,20.8401,19.5945,14.657,8.9544,tier3,6256.43,01-03 h09,-11.5,6256.43,01-03 h09,-11.5,38,2470,0_BEM_Setup/SimResults_neighbourhoods/option_9_qc1983nu_20260805_nonrc\CAN_MTL_1983\CC-FD1\CC-FD1_EEM_J_HVAC_DHW_EEM4_20260805_102244\results
CAN_MTL_1983,CC-FD1,CC-FD1,EEM_J_HVAC_ONLY,0,1,0,0,simulated,139.6031,6.2293,9.5651,28.732,40.5477,31.0327,18.0829,8.9544,tier3,9243.69,01-03 h09,-11.5,9243.69,01-03 h09,-11.5,18,1868,0_BEM_Setup/SimResults_neighbourhoods/option_9_qc1983nu_20260805_nonrc\CAN_MTL_1983\CC-FD1\CC-FD1_EEM_J_HVAC_ONLY_20260805_101840\results
CAN_MTL_1983,CC-FD1,CC-FD1,EEM_J_HVAC_ONLY_EEM4,0,1,0,1,simulated,104.0558,7.5104,7.1367,28.7336,20.8401,19.5945,14.6093,8.9544,tier3,6982.91,01-03 h09,-11.5,6982.91,01-03 h09,-11.5,38,2235,0_BEM_Setup/SimResults_neighbourhoods/option_9_qc1983nu_20260805_nonrc\CAN_MTL_1983\CC-FD1\CC-FD1_EEM_J_HVAC_ONLY_EEM4_20260805_102101\results
CAN_MTL_1983,CC-FD2,CC-FD2,EEM_J_DEFAULT,0,0,0,0,simulated,184.4504,55.6488,10.7086,22.4321,41.1408,33.3833,11.6933,1.1901,native,4795.85,07-17 h09,28.0,3313.82,01-02 h17,-17.1,6,10554,0_BEM_Setup/SimResults_neighbourhoods/option_9_qc1983nu_20260805_nonrc\CAN_MTL_1983\CC-FD2\CC-FD2_EEM_J_DEFAULT_20260805_102335\results
CAN_MTL_1983,CC-FD2,CC-FD2,EEM_J_DHW_ONLY,0,0,1,0,simulated,169.8389,57.1353,10.5608,6.3234,41.186,33.3833,11.8031,15.5537,tier3,4494.99,07-17 h09,28.0,3103.93,01-02 h17,-17.1,6,10839,0_BEM_Setup/SimResults_neighbourhoods/option_9_qc1983nu_20260805_nonrc\CAN_MTL_1983\CC-FD2\CC-FD2_EEM_J_DHW_ONLY_20260805_102418\results
CAN_MTL_1983,CC-FD2,CC-FD2,EEM_J_DHW_ONLY_EEM4,0,0,1,1,simulated,143.8883,70.3503,7.7661,6.3278,19.9372,21.363,8.6452,15.5537,tier3,3061.29,07-17 h17,24.4,1843.98,01-02 h17,-17.1,11,11425,0_BEM_Setup/SimResults_neighbourhoods/option_9_qc1983nu_20260805_nonrc\CAN_MTL_1983\CC-FD2\CC-FD2_EEM_J_DHW_ONLY_EEM4_20260805_102615\results
CAN_MTL_1983,CC-FD2,CC-FD2,EEM_J_EEM4_ONLY,0,0,0,1,simulated,158.9647,69.3627,7.7659,22.4352,19.9372,21.363,8.602,15.5537,tier3,3241.83,07-17 h13,31.6,2041.12,01-02 h17,-17.1,8,11150,0_BEM_Setup/SimResults_neighbourhoods/option_9_qc1983nu_20260805_nonrc\CAN_MTL_1983\CC-FD2\CC-FD2_EEM_J_EEM4_ONLY_20260805_102548\results
CAN_MTL_1983,CC-FD2,CC-FD2,EEM_J_ENVELOPE,1,0,0,0,simulated,154.9822,22.3264,13.1799,22.4316,40.8431,33.3833,13.4579,15.5138,tier3,4559.64,07-18 h09,24.6,3167.26,01-02 h17,-17.1,30,10600,0_BEM_Setup/SimResults_neighbourhoods/option_9_qc1983nu_20260805_nonrc\CAN_MTL_1983\CC-FD2\CC-FD2_EEM_J_ENVELOPE_20260805_102355\results
CAN_MTL_1983,CC-FD2,CC-FD2,EEM_J_ENVELOPE_EEM4,1,0,0,1,simulated,117.0557,26.4102,9.0027,22.4345,19.6473,21.363,8.6665,15.5548,tier3,3109.04,07-17 h09,28.0,1882.38,01-03 h09,-11.5,34,11161,0_BEM_Setup/SimResults_neighbourhoods/option_9_qc1983nu_20260805_nonrc\CAN_MTL_1983\CC-FD2\CC-FD2_EEM_J_ENVELOPE_EEM4_20260805_102549\results
CAN_MTL_1983,CC-FD2,CC-FD2,EEM_J_ENV_DHW,1,0,1,0,simulated,136.9527,21.9923,12.6748,6.3117,40.8485,33.3833,12.273,15.5548,tier3,4355.89,07-17 h09,28.0,2978.98,01-02 h17,-17.1,19,10890,0_BEM_Setup/SimResults_neighbourhoods/option_9_qc1983nu_20260805_nonrc\CAN_MTL_1983\CC-FD2\CC-FD2_EEM_J_ENV_DHW_20260805_102508\results
CAN_MTL_1983,CC-FD2,CC-FD2,EEM_J_ENV_DHW_EEM4,1,0,1,1,simulated,101.958,27.3954,8.9975,6.3164,19.6473,21.363,8.7071,15.5548,tier3,2921.96,07-17 h17,24.4,1681.32,01-02 h17,-17.1,30,11439,0_BEM_Setup/SimResults_neighbourhoods/option_9_qc1983nu_20260805_nonrc\CAN_MTL_1983\CC-FD2\CC-FD2_EEM_J_ENV_DHW_EEM4_20260805_102659\results
CAN_MTL_1983,CC-FD2,CC-FD2,EEM_J_ENV_HVAC,1,1,0,0,simulated,136.4995,2.9569,12.7081,22.4396,40.8431,33.3833,14.8167,15.5138,tier3,4572.78,07-18 h09,24.6,4506.72,01-02 h09,-22.6,31,10973,0_BEM_Setup/SimResults_neighbourhoods/option_9_qc1983nu_20260805_nonrc\CAN_MTL_1983\CC-FD2\CC-FD2_EEM_J_ENV_HVAC_20260805_102419\results
CAN_MTL_1983,CC-FD2,CC-FD2,EEM_J_ENV_HVAC_DHW,1,1,1,0,simulated,121.4546,3.9423,12.7112,6.366,40.8431,33.3833,14.8569,15.5138,tier3,4318.21,07-18 h09,24.6,4224.63,01-02 h09,-22.6,39,11212,0_BEM_Setup/SimResults_neighbourhoods/option_9_qc1983nu_20260805_nonrc\CAN_MTL_1983\CC-FD2\CC-FD2_EEM_J_ENV_HVAC_DHW_20260805_102544\results
CAN_MTL_1983,CC-FD2,CC-FD2,EEM_J_ENV_HVAC_DHW_EEM4,1,1,1,1,simulated,81.3826,4.747,8.9872,6.3475,19.6405,21.363,10.8217,15.5138,tier3,2876.15,01-02 h18,-17.0,2876.15,01-02 h18,-17.0,24,11749,0_BEM_Setup/SimResults_neighbourhoods/option_9_qc1983nu_20260805_nonrc\CAN_MTL_1983\CC-FD2\CC-FD2_EEM_J_ENV_HVAC_DHW_EEM4_20260805_102744\results
CAN_MTL_1983,CC-FD2,CC-FD2,EEM_J_ENV_HVAC_EEM4,1,1,0,1,simulated,95.1386,3.6968,8.6781,22.442,19.6473,21.363,9.7857,15.5548,tier3,3105.11,07-17 h09,28.0,2916.51,01-03 h09,-11.5,35,11527,0_BEM_Setup/SimResults_neighbourhoods/option_9_qc1983nu_20260805_nonrc\CAN_MTL_1983\CC-FD2\CC-FD2_EEM_J_ENV_HVAC_EEM4_20260805_102651\results
CAN_MTL_1983,CC-FD2,CC-FD2,EEM_J_HVAC_DHW,0,1,1,0,simulated,121.8614,7.7086,9.971,6.3199,41.186,33.3833,13.8343,15.5537,tier3,5047.34,01-02 h17,-17.1,5047.34,01-02 h17,-17.1,6,11201,0_BEM_Setup/SimResults_neighbourhoods/option_9_qc1983nu_20260805_nonrc\CAN_MTL_1983\CC-FD2\CC-FD2_EEM_J_HVAC_DHW_20260805_102531\results
CAN_MTL_1983,CC-FD2,CC-FD2,EEM_J_HVAC_DHW_EEM4,0,1,1,1,simulated,84.5387,9.5352,7.2232,6.3277,19.9372,21.363,10.6406,15.5537,tier3,3651.49,01-02 h18,-16.9,3651.49,01-02 h18,-16.9,8,11786,0_BEM_Setup/SimResults_neighbourhoods/option_9_qc1983nu_20260805_nonrc\CAN_MTL_1983\CC-FD2\CC-FD2_EEM_J_HVAC_DHW_EEM4_20260805_102725\results
CAN_MTL_1983,CC-FD2,CC-FD2,EEM_J_HVAC_ONLY,0,1,0,0,simulated,136.9519,6.719,9.9737,22.4411,41.186,33.3833,13.7903,15.5537,tier3,5255.14,01-02 h17,-17.1,5255.14,01-02 h17,-17.1,6,10918,0_BEM_Setup/SimResults_neighbourhoods/option_9_qc1983nu_20260805_nonrc\CAN_MTL_1983\CC-FD2\CC-FD2_EEM_J_HVAC_ONLY_20260805_102408\results
CAN_MTL_1983,CC-FD2,CC-FD2,EEM_J_HVAC_ONLY_EEM4,0,1,0,1,simulated,99.617,8.5427,7.2203,22.4445,19.9372,21.363,10.5978,15.5537,tier3,3844.51,01-02 h17,-17.1,3844.51,01-02 h17,-17.1,8,11505,0_BEM_Setup/SimResults_neighbourhoods/option_9_qc1983nu_20260805_nonrc\CAN_MTL_1983\CC-FD2\CC-FD2_EEM_J_HVAC_ONLY_EEM4_20260805_102601\results
CAN_MTL_1983,CC-FD3,CC-FD3,EEM_J_DEFAULT,0,0,0,0,simulated,210.5476,70.7902,12.4799,29.2636,42.4722,34.7873,13.732,0.3485,native,5709.07,07-17 h09,28.0,4058.82,01-02 h17,-17.1,9,15790,0_BEM_Setup/SimResults_neighbourhoods/option_9_qc1983nu_20260805_nonrc\CAN_MTL_1983\CC-FD3\CC-FD3_EEM_J_DEFAULT_20260805_102812\results
CAN_MTL_1983,CC-FD3,CC-FD3,EEM_J_DHW_ONLY,0,0,1,0,simulated,191.313,71.6047,12.3431,9.2952,42.5311,34.7873,13.7282,13.219,tier3,5326.31,07-17 h09,28.0,3703.06,01-02 h17,-17.1,9,16155,0_BEM_Setup/SimResults_neighbourhoods/option_9_qc1983nu_20260805_nonrc\CAN_MTL_1983\CC-FD3\CC-FD3_EEM_J_DHW_ONLY_20260805_102841\results
CAN_MTL_1983,CC-FD3,CC-FD3,EEM_J_DHW_ONLY_EEM4,0,0,1,1,simulated,164.6284,83.8835,9.0904,9.2874,21.7171,23.0718,10.363,13.219,tier3,3676.51,07-17 h11,30.3,2306.31,01-02 h18,-16.9,25,16857,0_BEM_Setup/SimResults_neighbourhoods/option_9_qc1983nu_20260805_nonrc\CAN_MTL_1983\CC-FD3\CC-FD3_EEM_J_DHW_ONLY_EEM4_20260805_103042\results
CAN_MTL_1983,CC-FD3,CC-FD3,EEM_J_EEM4_ONLY,0,0,0,1,simulated,184.1327,83.4614,9.0898,29.2651,21.7171,23.0718,10.3122,13.219,tier3,4074.33,07-17 h09,28.0,2587.82,01-02 h17,-17.1,25,16467,0_BEM_Setup/SimResults_neighbourhoods/option_9_qc1983nu_20260805_nonrc\CAN_MTL_1983\CC-FD3\CC-FD3_EEM_J_EEM4_ONLY_20260805_103004\results
CAN_MTL_1983,CC-FD3,CC-FD3,EEM_J_ENVELOPE,1,0,0,0,simulated,169.8481,26.8912,15.645,29.2591,41.9643,34.7873,14.2987,13.2194,tier3,5504.91,07-17 h09,28.0,3933.6,01-03 h10,-10.8,20,15843,0_BEM_Setup/SimResults_neighbourhoods/option_9_qc1983nu_20260805_nonrc\CAN_MTL_1983\CC-FD3\CC-FD3_EEM_J_ENVELOPE_20260805_102827\results
CAN_MTL_1983,CC-FD3,CC-FD3,EEM_J_ENVELOPE_EEM4,1,0,0,1,simulated,133.131,31.0666,11.057,29.2651,21.2121,23.0718,10.1763,13.2194,tier3,3871.43,07-17 h09,28.0,2421.67,02-20 h19,-7.4,14,16464,0_BEM_Setup/SimResults_neighbourhoods/option_9_qc1983nu_20260805_nonrc\CAN_MTL_1983\CC-FD3\CC-FD3_EEM_J_ENVELOPE_EEM4_20260805_103019\results
CAN_MTL_1983,CC-FD3,CC-FD3,EEM_J_ENV_DHW,1,0,1,0,simulated,150.2989,27.2649,15.646,9.2878,41.9643,34.7873,14.3457,13.2194,tier3,5090.21,07-17 h09,28.0,3519.83,01-02 h17,-17.1,45,16239,0_BEM_Setup/SimResults_neighbourhoods/option_9_qc1983nu_20260805_nonrc\CAN_MTL_1983\CC-FD3\CC-FD3_EEM_J_ENV_DHW_20260805_102935\results
CAN_MTL_1983,CC-FD3,CC-FD3,EEM_J_ENV_DHW_EEM4,1,0,1,1,simulated,113.6714,31.4878,11.0576,9.3338,21.2121,23.0718,10.2263,13.2194,tier3,3513.91,07-17 h10,29.3,2132.01,01-16 h21,1.8,17,16857,0_BEM_Setup/SimResults_neighbourhoods/option_9_qc1983nu_20260805_nonrc\CAN_MTL_1983\CC-FD3\CC-FD3_EEM_J_ENV_DHW_EEM4_20260805_103122\results
CAN_MTL_1983,CC-FD3,CC-FD3,EEM_J_ENV_HVAC,1,1,0,0,simulated,147.1211,2.7454,15.4784,29.2683,41.9643,34.7873,15.883,13.2194,tier3,5545.1,07-17 h09,28.0,5408.53,01-02 h17,-17.1,31,15937,0_BEM_Setup/SimResults_neighbourhoods/option_9_qc1983nu_20260805_nonrc\CAN_MTL_1983\CC-FD3\CC-FD3_EEM_J_ENV_HVAC_20260805_102848\results
CAN_MTL_1983,CC-FD3,CC-FD3,EEM_J_ENV_HVAC_DHW,1,1,1,0,simulated,127.6301,3.165,15.4788,9.3136,41.9643,34.7873,15.927,13.2194,tier3,5138.97,07-17 h09,28.0,5102.06,01-02 h17,-17.1,27,16329,0_BEM_Setup/SimResults_neighbourhoods/option_9_qc1983nu_20260805_nonrc\CAN_MTL_1983\CC-FD3\CC-FD3_EEM_J_ENV_HVAC_DHW_20260805_102954\results
CAN_MTL_1983,CC-FD3,CC-FD3,EEM_J_ENV_HVAC_DHW_EEM4,1,1,1,1,simulated,87.5416,3.8844,10.9677,9.3405,21.2121,23.0718,11.7914,13.2194,tier3,3741.35,01-02 h18,-16.9,3741.35,01-02 h18,-16.9,15,16940,0_BEM_Setup/SimResults_neighbourhoods/option_9_qc1983nu_20260805_nonrc\CAN_MTL_1983\CC-FD3\CC-FD3_EEM_J_ENV_HVAC_DHW_EEM4_20260805_103156\results
CAN_MTL_1983,CC-FD3,CC-FD3,EEM_J_ENV_HVAC_EEM4,1,1,0,1,simulated,106.9964,3.4578,10.967,29.2731,21.2121,23.0718,11.7409,13.2194,tier3,4020.86,01-02 h17,-17.1,4020.86,01-02 h17,-17.1,14,16543,0_BEM_Setup/SimResults_neighbourhoods/option_9_qc1983nu_20260805_nonrc\CAN_MTL_1983\CC-FD3\CC-FD3_EEM_J_ENV_HVAC_EEM4_20260805_103046\results
CAN_MTL_1983,CC-FD3,CC-FD3,EEM_J_HVAC_DHW,0,1,1,0,simulated,130.4863,8.18,12.1044,9.2944,42.5311,34.7873,16.5577,13.219,tier3,6699.13,01-02 h17,-17.1,6699.13,01-02 h17,-17.1,15,16239,0_BEM_Setup/SimResults_neighbourhoods/option_9_qc1983nu_20260805_nonrc\CAN_MTL_1983\CC-FD3\CC-FD3_EEM_J_HVAC_DHW_20260805_102944\results
CAN_MTL_1983,CC-FD3,CC-FD3,EEM_J_HVAC_DHW_EEM4,0,1,1,1,simulated,93.2043,9.9666,8.8618,9.2986,21.7171,23.0718,13.0666,13.219,tier3,5431.38,01-02 h18,-16.9,5431.38,01-02 h18,-16.9,25,16926,0_BEM_Setup/SimResults_neighbourhoods/option_9_qc1983nu_20260805_nonrc\CAN_MTL_1983\CC-FD3\CC-FD3_EEM_J_HVAC_DHW_EEM4_20260805_103135\results
CAN_MTL_1983,CC-FD3,CC-FD3,EEM_J_HVAC_ONLY,0,1,0,0,simulated,150.0042,7.7625,12.104,29.2701,42.5311,34.7873,16.5175,13.219,tier3,7043.16,01-02 h17,-17.1,7043.16,01-02 h17,-17.1,14,15857,0_BEM_Setup/SimResults_neighbourhoods/option_9_qc1983nu_20260805_nonrc\CAN_MTL_1983\CC-FD3\CC-FD3_EEM_J_HVAC_ONLY_20260805_102831\results
CAN_MTL_1983,CC-FD3,CC-FD3,EEM_J_HVAC_ONLY_EEM4,0,1,0,1,simulated,112.705,9.5399,8.8616,29.2727,21.7171,23.0718,13.0202,13.219,tier3,5709.13,01-02 h17,-17.1,5709.13,01-02 h17,-17.1,25,16553,0_BEM_Setup/SimResults_neighbourhoods/option_9_qc1983nu_20260805_nonrc\CAN_MTL_1983\CC-FD3\CC-FD3_EEM_J_HVAC_ONLY_EEM4_20260805_103022\results
CAN_MTL_1983,CC-S1,CC-S1,EEM_J_DEFAULT,0,0,0,0,simulated,317.9972,105.3458,14.602,27.312,68.4252,49.9928,25.143,4.8025,native,747.04,01-02 h11,-19.8,747.04,01-02 h11,-19.8,3,305,0_BEM_Setup/SimResults_neighbourhoods/option_9_qc1983nu_20260805_nonrc\CAN_MTL_1983\CC-S1\CC-S1_EEM_J_DEFAULT_20260805_100507\results
CAN_MTL_1983,CC-S1,CC-S1,EEM_J_DHW_ONLY,0,0,1,0,simulated,298.9448,110.552,13.8308,3.5135,69.1047,49.9928,24.781,128.1172,tier3,744.32,01-02 h12,-19.3,744.32,01-02 h12,-19.3,3,407,0_BEM_Setup/SimResults_neighbourhoods/option_9_qc1983nu_20260805_nonrc\CAN_MTL_1983\CC-S1\CC-S1_EEM_J_DHW_ONLY_20260805_100519\results
CAN_MTL_1983,CC-S1,CC-S1,EEM_J_DHW_ONLY_EEM4,0,0,1,1,simulated,272.3338,135.5598,10.2179,3.5099,32.3649,41.3178,22.3869,128.1172,tier3,509.46,01-02 h12,-19.3,509.46,01-02 h12,-19.3,3,444,0_BEM_Setup/SimResults_neighbourhoods/option_9_qc1983nu_20260805_nonrc\CAN_MTL_1983\CC-S1\CC-S1_EEM_J_DHW_ONLY_EEM4_20260805_100617\results
CAN_MTL_1983,CC-S1,CC-S1,EEM_J_EEM4_ONLY,0,0,0,1,simulated,291.7494,131.25,10.2103,27.3187,32.3649,41.3178,22.3114,128.1172,tier3,502.54,01-02 h12,-19.3,502.54,01-02 h12,-19.3,3,342,0_BEM_Setup/SimResults_neighbourhoods/option_9_qc1983nu_20260805_nonrc\CAN_MTL_1983\CC-S1\CC-S1_EEM_J_EEM4_ONLY_20260805_100608\results
CAN_MTL_1983,CC-S1,CC-S1,EEM_J_ENVELOPE,1,0,0,0,simulated,271.4616,57.5919,16.2703,27.2872,69.9216,49.9928,22.7085,128.1175,tier3,610.23,01-02 h17,-17.1,610.23,01-02 h17,-17.1,21,329,0_BEM_Setup/SimResults_neighbourhoods/option_9_qc1983nu_20260805_nonrc\CAN_MTL_1983\CC-S1\CC-S1_EEM_J_ENVELOPE_20260805_100517\results
CAN_MTL_1983,CC-S1,CC-S1,EEM_J_ENVELOPE_EEM4,1,0,0,1,simulated,227.3284,70.8649,9.1373,27.2931,32.8849,41.3178,18.5446,128.1175,tier3,404.97,07-17 h13,31.6,370.66,01-03 h17,-2.1,15,343,0_BEM_Setup/SimResults_neighbourhoods/option_9_qc1983nu_20260805_nonrc\CAN_MTL_1983\CC-S1\CC-S1_EEM_J_ENVELOPE_EEM4_20260805_100608\results
CAN_MTL_1983,CC-S1,CC-S1,EEM_J_ENV_DHW,1,0,1,0,simulated,251.6419,61.4583,16.2851,3.536,69.9216,49.9928,22.7579,128.1175,tier3,601.55,01-02 h17,-17.1,601.55,01-02 h17,-17.1,17,421,0_BEM_Setup/SimResults_neighbourhoods/option_9_qc1983nu_20260805_nonrc\CAN_MTL_1983\CC-S1\CC-S1_EEM_J_ENV_DHW_20260805_100544\results
CAN_MTL_1983,CC-S1,CC-S1,EEM_J_ENV_DHW_EEM4,1,0,1,1,simulated,208.0396,75.191,9.1533,3.5742,32.8849,41.3178,18.6337,128.1175,tier3,407.49,07-17 h13,31.6,371.46,01-03 h18,-1.9,23,432,0_BEM_Setup/SimResults_neighbourhoods/option_9_qc1983nu_20260805_nonrc\CAN_MTL_1983\CC-S1\CC-S1_EEM_J_ENV_DHW_EEM4_20260805_100641\results
CAN_MTL_1983,CC-S1,CC-S1,EEM_J_ENV_HVAC,1,1,0,0,simulated,231.9828,19.7155,12.9053,27.3402,69.9216,49.9928,24.4742,128.1175,tier3,756.07,01-02 h17,-17.1,756.07,01-02 h17,-17.1,24,359,0_BEM_Setup/SimResults_neighbourhoods/option_9_qc1983nu_20260805_nonrc\CAN_MTL_1983\CC-S1\CC-S1_EEM_J_ENV_HVAC_20260805_100524\results
CAN_MTL_1983,CC-S1,CC-S1,EEM_J_ENV_HVAC_DHW,1,1,1,0,simulated,212.4905,23.9711,12.9187,3.5486,69.9216,49.9928,24.5043,128.1175,tier3,748.2,01-02 h17,-17.1,748.2,01-02 h17,-17.1,19,463,0_BEM_Setup/SimResults_neighbourhoods/option_9_qc1983nu_20260805_nonrc\CAN_MTL_1983\CC-S1\CC-S1_EEM_J_ENV_HVAC_DHW_20260805_100553\results
CAN_MTL_1983,CC-S1,CC-S1,EEM_J_ENV_HVAC_DHW_EEM4,1,1,1,1,simulated,162.007,28.982,7.4566,3.6121,32.8849,41.3178,20.4872,128.1175,tier3,487.43,01-02 h17,-17.1,487.43,01-02 h17,-17.1,23,458,0_BEM_Setup/SimResults_neighbourhoods/option_9_qc1983nu_20260805_nonrc\CAN_MTL_1983\CC-S1\CC-S1_EEM_J_ENV_HVAC_DHW_EEM4_20260805_100654\results
CAN_MTL_1983,CC-S1,CC-S1,EEM_J_ENV_HVAC_EEM4,1,1,0,1,simulated,181.292,24.6223,7.4461,27.3567,32.8849,41.3178,20.3998,128.1175,tier3,487.12,01-02 h17,-17.1,487.12,01-02 h17,-17.1,15,366,0_BEM_Setup/SimResults_neighbourhoods/option_9_qc1983nu_20260805_nonrc\CAN_MTL_1983\CC-S1\CC-S1_EEM_J_ENV_HVAC_EEM4_20260805_100625\results
CAN_MTL_1983,CC-S1,CC-S1,EEM_J_HVAC_DHW,0,1,1,0,simulated,236.9198,49.8436,10.1033,3.583,69.1047,49.9928,26.9383,128.1172,tier3,923.41,01-02 h12,-19.3,923.41,01-02 h12,-19.3,6,425,0_BEM_Setup/SimResults_neighbourhoods/option_9_qc1983nu_20260805_nonrc\CAN_MTL_1983\CC-S1\CC-S1_EEM_J_HVAC_DHW_20260805_100553\results
CAN_MTL_1983,CC-S1,CC-S1,EEM_J_HVAC_DHW_EEM4,0,1,1,1,simulated,194.7928,59.053,6.7159,3.5417,32.3649,41.3178,24.6368,128.1172,tier3,672.48,01-02 h12,-19.3,672.48,01-02 h12,-19.3,3,451,0_BEM_Setup/SimResults_neighbourhoods/option_9_qc1983nu_20260805_nonrc\CAN_MTL_1983\CC-S1\CC-S1_EEM_J_HVAC_DHW_EEM4_20260805_100644\results
CAN_MTL_1983,CC-S1,CC-S1,EEM_J_HVAC_ONLY,0,1,0,0,simulated,256.4018,45.5758,10.0928,27.3696,69.1047,49.9928,26.9106,128.1172,tier3,921.07,01-02 h11,-19.8,921.07,01-02 h11,-19.8,6,323,0_BEM_Setup/SimResults_neighbourhoods/option_9_qc1983nu_20260805_nonrc\CAN_MTL_1983\CC-S1\CC-S1_EEM_J_HVAC_ONLY_20260805_100519\results
CAN_MTL_1983,CC-S1,CC-S1,EEM_J_HVAC_ONLY_EEM4,0,1,0,1,simulated,214.1755,54.6722,6.709,27.386,32.3649,41.3178,24.5635,128.1172,tier3,664.84,01-02 h12,-19.3,664.84,01-02 h12,-19.3,3,353,0_BEM_Setup/SimResults_neighbourhoods/option_9_qc1983nu_20260805_nonrc\CAN_MTL_1983\CC-S1\CC-S1_EEM_J_HVAC_ONLY_EEM4_20260805_100617\results
CAN_MTL_1983,CC-S2,CC-S2,EEM_J_DEFAULT,0,0,0,0,simulated,423.5177,124.5851,19.3792,29.3076,102.9646,54.597,41.1951,3.1292,native,345.17,07-17 h14,32.5,290.74,01-02 h18,-16.9,2,172,0_BEM_Setup/SimResults_neighbourhoods/option_9_qc1983nu_20260805_nonrc\CAN_MTL_1983\CC-S2\CC-S2_EEM_J_DEFAULT_20260805_100735\results
CAN_MTL_1983,CC-S2,CC-S2,EEM_J_DHW_ONLY,0,0,1,0,simulated,402.3936,130.4306,18.4337,2.7402,104.2579,54.597,40.4584,185.5179,tier3,356.97,07-17 h14,32.5,290.92,01-02 h14,-17.4,2,216,0_BEM_Setup/SimResults_neighbourhoods/option_9_qc1983nu_20260805_nonrc\CAN_MTL_1983\CC-S2\CC-S2_EEM_J_DHW_ONLY_20260805_100744\results
CAN_MTL_1983,CC-S2,CC-S2,EEM_J_DHW_ONLY_EEM4,0,0,1,1,simulated,366.4455,162.0338,14.0824,2.7066,48.6883,50.2842,37.5558,185.5179,tier3,266.59,07-17 h13,31.6,218.68,12-25 h14,1.2,2,258,0_BEM_Setup/SimResults_neighbourhoods/option_9_qc1983nu_20260805_nonrc\CAN_MTL_1983\CC-S2\CC-S2_EEM_J_DHW_ONLY_EEM4_20260805_100825\results
CAN_MTL_1983,CC-S2,CC-S2,EEM_J_EEM4_ONLY,0,0,0,1,simulated,389.0204,158.0841,14.076,29.3131,48.6883,50.2842,37.4818,185.5179,tier3,256.65,07-17 h14,32.5,215.87,12-25 h17,1.1,2,197,0_BEM_Setup/SimResults_neighbourhoods/option_9_qc1983nu_20260805_nonrc\CAN_MTL_1983\CC-S2\CC-S2_EEM_J_EEM4_ONLY_20260805_100815\results
CAN_MTL_1983,CC-S2,CC-S2,EEM_J_ENVELOPE,1,0,0,0,simulated,368.9128,66.7248,22.9948,29.2864,105.8133,54.597,36.9425,185.5179,tier3,336.57,07-17 h13,31.6,278.98,01-02 h18,-16.9,18,190,0_BEM_Setup/SimResults_neighbourhoods/option_9_qc1983nu_20260805_nonrc\CAN_MTL_1983\CC-S2\CC-S2_EEM_J_ENVELOPE_20260805_100743\results
CAN_MTL_1983,CC-S2,CC-S2,EEM_J_ENVELOPE_EEM4,1,0,0,1,simulated,302.7012,79.4896,11.549,29.2918,49.6407,50.2842,30.7263,185.5179,tier3,236.15,07-19 h12,31.8,190.33,12-25 h17,1.1,18,182,0_BEM_Setup/SimResults_neighbourhoods/option_9_qc1983nu_20260805_nonrc\CAN_MTL_1983\CC-S2\CC-S2_EEM_J_ENVELOPE_EEM4_20260805_100820\results
CAN_MTL_1983,CC-S2,CC-S2,EEM_J_ENV_DHW,1,0,1,0,simulated,345.6437,70.0877,23.0121,2.5862,105.8133,54.597,36.9933,185.5179,tier3,345.1,07-17 h14,32.5,278.33,01-02 h18,-16.9,18,247,0_BEM_Setup/SimResults_neighbourhoods/option_9_qc1983nu_20260805_nonrc\CAN_MTL_1983\CC-S2\CC-S2_EEM_J_ENV_DHW_20260805_100805\results
CAN_MTL_1983,CC-S2,CC-S2,EEM_J_ENV_DHW_EEM4,1,0,1,1,simulated,279.6428,83.1072,11.542,2.5887,49.6407,50.2842,30.7569,185.5179,tier3,248.04,07-17 h13,31.6,195.62,01-16 h15,-4.6,16,249,0_BEM_Setup/SimResults_neighbourhoods/option_9_qc1983nu_20260805_nonrc\CAN_MTL_1983\CC-S2\CC-S2_EEM_J_ENV_DHW_EEM4_20260805_100842\results
CAN_MTL_1983,CC-S2,CC-S2,EEM_J_ENV_HVAC,1,1,0,0,simulated,322.1465,23.85,16.8749,29.352,105.8133,54.597,39.1403,185.5179,tier3,374.01,01-02 h11,-19.8,374.01,01-02 h11,-19.8,20,210,0_BEM_Setup/SimResults_neighbourhoods/option_9_qc1983nu_20260805_nonrc\CAN_MTL_1983\CC-S2\CC-S2_EEM_J_ENV_HVAC_20260805_100747\results
CAN_MTL_1983,CC-S2,CC-S2,EEM_J_ENV_HVAC_DHW,1,1,1,0,simulated,299.32,27.729,16.8882,2.604,105.8133,54.597,39.1724,185.5179,tier3,379.27,01-02 h12,-19.3,379.27,01-02 h12,-19.3,20,263,0_BEM_Setup/SimResults_neighbourhoods/option_9_qc1983nu_20260805_nonrc\CAN_MTL_1983\CC-S2\CC-S2_EEM_J_ENV_HVAC_DHW_20260805_100814\results
CAN_MTL_1983,CC-S2,CC-S2,EEM_J_ENV_HVAC_DHW_EEM4,1,1,1,1,simulated,228.0732,32.1391,8.5329,2.563,49.6407,50.2842,33.1453,185.5179,tier3,246.78,01-02 h12,-19.3,246.78,01-02 h12,-19.3,16,261,0_BEM_Setup/SimResults_neighbourhoods/option_9_qc1983nu_20260805_nonrc\CAN_MTL_1983\CC-S2\CC-S2_EEM_J_ENV_HVAC_DHW_EEM4_20260805_100852\results
CAN_MTL_1983,CC-S2,CC-S2,EEM_J_ENV_HVAC_EEM4,1,1,0,1,simulated,251.1015,28.3878,8.531,29.3718,49.6407,50.2842,33.1196,185.5179,tier3,243.04,01-02 h12,-19.3,243.04,01-02 h12,-19.3,18,194,0_BEM_Setup/SimResults_neighbourhoods/option_9_qc1983nu_20260805_nonrc\CAN_MTL_1983\CC-S2\CC-S2_EEM_J_ENV_HVAC_EEM4_20260805_100834\results
CAN_MTL_1983,CC-S2,CC-S2,EEM_J_HVAC_DHW,0,1,1,0,simulated,319.2766,50.9459,11.3156,2.7402,104.2579,54.597,43.4645,185.5179,tier3,402.53,01-02 h18,-16.9,402.53,01-02 h18,-16.9,4,222,0_BEM_Setup/SimResults_neighbourhoods/option_9_qc1983nu_20260805_nonrc\CAN_MTL_1983\CC-S2\CC-S2_EEM_J_HVAC_DHW_20260805_100811\results
CAN_MTL_1983,CC-S2,CC-S2,EEM_J_HVAC_DHW_EEM4,0,1,1,1,simulated,259.2747,57.8775,7.2948,2.791,48.6883,50.2842,40.7594,185.5179,tier3,301.52,01-14 h15,-22.6,301.52,01-14 h15,-22.6,2,256,0_BEM_Setup/SimResults_neighbourhoods/option_9_qc1983nu_20260805_nonrc\CAN_MTL_1983\CC-S2\CC-S2_EEM_J_HVAC_DHW_EEM4_20260805_100844\results
CAN_MTL_1983,CC-S2,CC-S2,EEM_J_HVAC_ONLY,0,1,0,0,simulated,341.9516,47.01,11.3062,29.3792,104.2579,54.597,43.4448,185.5179,tier3,400.9,01-02 h17,-17.1,400.9,01-02 h17,-17.1,4,179,0_BEM_Setup/SimResults_neighbourhoods/option_9_qc1983nu_20260805_nonrc\CAN_MTL_1983\CC-S2\CC-S2_EEM_J_HVAC_ONLY_20260805_100743\results
CAN_MTL_1983,CC-S2,CC-S2,EEM_J_HVAC_ONLY_EEM4,0,1,0,1,simulated,281.7805,53.8548,7.2879,29.3984,48.6883,50.2842,40.6893,185.5179,tier3,295.95,01-02 h18,-16.9,295.95,01-02 h18,-16.9,2,201,0_BEM_Setup/SimResults_neighbourhoods/option_9_qc1983nu_20260805_nonrc\CAN_MTL_1983\CC-S2\CC-S2_EEM_J_HVAC_ONLY_EEM4_20260805_100821\results
CAN_MTL_1983,IC-DC,IC-DC,EEM_J_DEFAULT,0,0,0,0,simulated,3731.5149,86.1438,439.3104,12.1508,40.0622,2713.9134,339.917,4.1103,native,5133.05,04-19 h14,20.3,4836.53,12-11 h10,5.0,1,276,0_BEM_Setup/SimResults_neighbourhoods/option_9_qc1983nu_20260805_nonrc\CAN_MTL_1983\IC-DC\IC-DC_EEM_J_DEFAULT_20260805_092808\results
CAN_MTL_1983,IC-DC,IC-DC,EEM_J_DHW_ONLY,0,0,1,0,simulated,3721.4409,87.5796,438.8023,0.8343,40.4456,2713.906,339.8214,163.525,tier3,4992.83,04-19 h15,21.1,4833.87,12-11 h10,5.0,1,314,0_BEM_Setup/SimResults_neighbourhoods/option_9_qc1983nu_20260805_nonrc\CAN_MTL_1983\IC-DC\IC-DC_EEM_J_DHW_ONLY_20260805_092829\results
CAN_MTL_1983,IC-DC,IC-DC,EEM_J_DHW_ONLY_EEM4,0,0,1,1,simulated,3709.8953,89.3751,437.202,0.8177,33.015,2711.2514,338.1831,163.525,tier3,4973.92,04-19 h15,21.1,4817.48,12-11 h10,5.0,1,331,0_BEM_Setup/SimResults_neighbourhoods/option_9_qc1983nu_20260805_nonrc\CAN_MTL_1983\IC-DC\IC-DC_EEM_J_DHW_ONLY_EEM4_20260805_092956\results
CAN_MTL_1983,IC-DC,IC-DC,EEM_J_EEM4_ONLY,0,0,0,1,simulated,3720.0272,88.1829,437.1817,12.1559,33.015,2711.2547,338.1867,163.525,tier3,5001.4,04-19 h15,21.1,4820.15,12-11 h10,5.0,1,287,0_BEM_Setup/SimResults_neighbourhoods/option_9_qc1983nu_20260805_nonrc\CAN_MTL_1983\IC-DC\IC-DC_EEM_J_EEM4_ONLY_20260805_092931\results
CAN_MTL_1983,IC-DC,IC-DC,EEM_J_ENVELOPE,1,0,0,0,simulated,3694.0615,43.6728,442.5439,12.1437,40.7459,2713.8868,339.6926,163.5135,tier3,4936.92,08-10 h14,28.9,4846.69,12-11 h10,5.0,1,273,0_BEM_Setup/SimResults_neighbourhoods/option_9_qc1983nu_20260805_nonrc\CAN_MTL_1983\IC-DC\IC-DC_EEM_J_ENVELOPE_20260805_092817\results
CAN_MTL_1983,IC-DC,IC-DC,EEM_J_ENVELOPE_EEM4,1,0,0,1,simulated,3679.9348,44.3828,440.6318,12.15,33.1848,2711.2344,336.9786,163.5135,tier3,4907.09,08-10 h13,28.1,4827.36,12-11 h10,5.0,3,292,0_BEM_Setup/SimResults_neighbourhoods/option_9_qc1983nu_20260805_nonrc\CAN_MTL_1983\IC-DC\IC-DC_EEM_J_ENVELOPE_EEM4_20260805_092950\results
CAN_MTL_1983,IC-DC,IC-DC,EEM_J_ENV_DHW,1,0,1,0,simulated,3683.9373,44.9167,442.5786,0.7406,40.7459,2713.8868,339.6915,163.5135,tier3,4939.0,08-10 h13,28.1,4843.9,12-11 h10,5.0,1,320,0_BEM_Setup/SimResults_neighbourhoods/option_9_qc1983nu_20260805_nonrc\CAN_MTL_1983\IC-DC\IC-DC_EEM_J_ENV_DHW_20260805_092906\results
CAN_MTL_1983,IC-DC,IC-DC,EEM_J_ENV_DHW_EEM4,1,0,1,1,simulated,3670.0202,45.8558,440.651,0.7247,33.1848,2711.2344,336.9975,163.5135,tier3,4907.05,08-10 h13,28.1,4824.43,12-11 h10,5.0,2,339,0_BEM_Setup/SimResults_neighbourhoods/option_9_qc1983nu_20260805_nonrc\CAN_MTL_1983\IC-DC\IC-DC_EEM_J_ENV_DHW_EEM4_20260805_093000\results
CAN_MTL_1983,IC-DC,IC-DC,EEM_J_ENV_HVAC,1,1,0,0,simulated,3668.9966,18.8311,441.4274,12.1685,40.7459,2713.8864,340.6195,163.5135,tier3,4929.36,08-17 h16,26.4,4863.12,12-11 h10,5.0,2,279,0_BEM_Setup/SimResults_neighbourhoods/option_9_qc1983nu_20260805_nonrc\CAN_MTL_1983\IC-DC\IC-DC_EEM_J_ENV_HVAC_20260805_092837\results
CAN_MTL_1983,IC-DC,IC-DC,EEM_J_ENV_HVAC_DHW,1,1,1,0,simulated,3659.1403,20.2979,441.4528,0.8254,40.7459,2713.8864,340.6136,163.5135,tier3,4930.81,08-10 h13,28.1,4860.48,12-11 h10,5.0,2,330,0_BEM_Setup/SimResults_neighbourhoods/option_9_qc1983nu_20260805_nonrc\CAN_MTL_1983\IC-DC\IC-DC_EEM_J_ENV_HVAC_DHW_20260805_092912\results
CAN_MTL_1983,IC-DC,IC-DC,EEM_J_ENV_HVAC_DHW_EEM4,1,1,1,1,simulated,3646.3807,21.8436,440.11,0.8273,33.1848,2711.2341,337.8842,163.5135,tier3,4901.53,08-10 h13,28.1,4840.92,12-11 h10,5.0,4,343,0_BEM_Setup/SimResults_neighbourhoods/option_9_qc1983nu_20260805_nonrc\CAN_MTL_1983\IC-DC\IC-DC_EEM_J_ENV_HVAC_DHW_EEM4_20260805_093007\results
CAN_MTL_1983,IC-DC,IC-DC,EEM_J_ENV_HVAC_EEM4,1,1,0,1,simulated,3656.2115,20.3521,440.0956,12.1814,33.1848,2711.2341,337.8668,163.5135,tier3,4902.51,08-10 h13,28.1,4844.06,12-11 h10,5.0,4,292,0_BEM_Setup/SimResults_neighbourhoods/option_9_qc1983nu_20260805_nonrc\CAN_MTL_1983\IC-DC\IC-DC_EEM_J_ENV_HVAC_EEM4_20260805_092959\results
CAN_MTL_1983,IC-DC,IC-DC,EEM_J_HVAC_DHW,0,1,1,0,simulated,3678.223,44.5337,437.5636,0.8649,40.4456,2713.9045,340.9207,163.525,tier3,4997.64,04-19 h15,21.1,4856.44,12-11 h10,5.0,6,322,0_BEM_Setup/SimResults_neighbourhoods/option_9_qc1983nu_20260805_nonrc\CAN_MTL_1983\IC-DC\IC-DC_EEM_J_HVAC_DHW_20260805_092911\results
CAN_MTL_1983,IC-DC,IC-DC,EEM_J_HVAC_DHW_EEM4,0,1,1,1,simulated,3667.1984,46.3754,436.4562,0.8694,33.015,2711.2514,339.2576,163.525,tier3,4989.25,04-19 h15,21.1,4838.6,12-11 h10,5.0,1,331,0_BEM_Setup/SimResults_neighbourhoods/option_9_qc1983nu_20260805_nonrc\CAN_MTL_1983\IC-DC\IC-DC_EEM_J_HVAC_DHW_EEM4_20260805_093006\results
CAN_MTL_1983,IC-DC,IC-DC,EEM_J_HVAC_ONLY,0,1,0,0,simulated,3688.0664,43.0784,437.5488,12.1744,40.4456,2713.9045,340.9243,163.525,tier3,4999.88,04-19 h15,21.1,4859.22,12-11 h10,5.0,3,279,0_BEM_Setup/SimResults_neighbourhoods/option_9_qc1983nu_20260805_nonrc\CAN_MTL_1983\IC-DC\IC-DC_EEM_J_HVAC_ONLY_20260805_092824\results
CAN_MTL_1983,IC-DC,IC-DC,EEM_J_HVAC_ONLY_EEM4,0,1,0,1,simulated,3677.0662,44.9407,436.4366,12.1873,33.015,2711.2522,339.2613,163.525,tier3,4996.46,04-19 h15,21.1,4841.48,12-11 h10,5.0,2,293,0_BEM_Setup/SimResults_neighbourhoods/option_9_qc1983nu_20260805_nonrc\CAN_MTL_1983\IC-DC\IC-DC_EEM_J_HVAC_ONLY_EEM4_20260805_092954\results
CAN_MTL_1983,IC-DE,IC-DE,EEM_J_DEFAULT,0,0,0,0,simulated,11977.2225,94.8804,1358.5747,15.4232,37.735,9035.2933,1117.0326,6.1734,native,24499.97,07-31 h24,19.1,23822.5,12-11 h10,5.0,2,247,0_BEM_Setup/SimResults_neighbourhoods/option_9_qc1983nu_20260805_nonrc\CAN_MTL_1983\IC-DE\IC-DE_EEM_J_DEFAULT_20260805_093035\results
CAN_MTL_1983,IC-DE,IC-DE,EEM_J_DHW_ONLY,0,0,1,0,simulated,11965.1535,97.1353,1358.1484,1.2131,37.9868,9035.2943,1116.986,118.7437,tier3,24497.75,07-31 h24,19.1,23818.38,12-11 h10,5.0,2,282,0_BEM_Setup/SimResults_neighbourhoods/option_9_qc1983nu_20260805_nonrc\CAN_MTL_1983\IC-DE\IC-DE_EEM_J_DHW_ONLY_20260805_093059\results
CAN_MTL_1983,IC-DE,IC-DE,EEM_J_DHW_ONLY_EEM4,0,0,1,1,simulated,11952.2826,103.549,1356.7368,1.2225,27.6773,9028.823,1116.0292,118.7437,tier3,23999.85,07-31 h24,19.1,23784.06,12-11 h09,4.8,2,293,0_BEM_Setup/SimResults_neighbourhoods/option_9_qc1983nu_20260805_nonrc\CAN_MTL_1983\IC-DE\IC-DE_EEM_J_DHW_ONLY_EEM4_20260805_093140\results
CAN_MTL_1983,IC-DE,IC-DE,EEM_J_EEM4_ONLY,0,0,0,1,simulated,11964.7912,101.8641,1356.7386,15.4257,27.6773,9028.823,1116.0153,118.7437,tier3,24003.01,07-31 h24,19.1,23788.51,12-11 h10,5.0,2,245,0_BEM_Setup/SimResults_neighbourhoods/option_9_qc1983nu_20260805_nonrc\CAN_MTL_1983\IC-DE\IC-DE_EEM_J_EEM4_ONLY_20260805_093121\results
CAN_MTL_1983,IC-DE,IC-DE,EEM_J_ENVELOPE,1,0,0,0,simulated,11940.6054,54.7326,1359.6073,15.4106,38.1513,9035.4308,1118.0891,118.7412,tier3,25431.04,10-08 h24,4.0,23737.7,12-11 h10,5.0,3,233,0_BEM_Setup/SimResults_neighbourhoods/option_9_qc1983nu_20260805_nonrc\CAN_MTL_1983\IC-DE\IC-DE_EEM_J_ENVELOPE_20260805_093043\results
CAN_MTL_1983,IC-DE,IC-DE,EEM_J_ENVELOPE_EEM4,1,0,0,1,simulated,11922.3414,55.7452,1358.3078,15.413,27.7757,9028.9149,1117.0475,118.7412,tier3,25540.4,10-08 h24,4.0,23687.87,12-11 h10,5.0,3,243,0_BEM_Setup/SimResults_neighbourhoods/option_9_qc1983nu_20260805_nonrc\CAN_MTL_1983\IC-DE\IC-DE_EEM_J_ENVELOPE_EEM4_20260805_093134\results
CAN_MTL_1983,IC-DE,IC-DE,EEM_J_ENV_DHW,1,0,1,0,simulated,11928.1156,56.4988,1359.6143,1.1209,38.1513,9035.4231,1118.1337,118.7412,tier3,25386.81,10-08 h24,4.0,23734.23,12-11 h10,5.0,3,288,0_BEM_Setup/SimResults_neighbourhoods/option_9_qc1983nu_20260805_nonrc\CAN_MTL_1983\IC-DE\IC-DE_EEM_J_ENV_DHW_20260805_093109\results
CAN_MTL_1983,IC-DE,IC-DE,EEM_J_ENV_DHW_EEM4,1,0,1,1,simulated,11910.2184,57.8172,1358.3239,1.1159,27.7757,9028.905,1117.1223,118.7412,tier3,25534.1,10-08 h24,4.0,23683.8,12-11 h10,5.0,4,288,0_BEM_Setup/SimResults_neighbourhoods/option_9_qc1983nu_20260805_nonrc\CAN_MTL_1983\IC-DE\IC-DE_EEM_J_ENV_DHW_EEM4_20260805_093156\results
CAN_MTL_1983,IC-DE,IC-DE,EEM_J_ENV_HVAC,1,1,0,0,simulated,11907.9603,21.1986,1359.5226,15.444,38.1513,9035.4588,1119.0903,118.7412,tier3,25340.25,10-08 h24,4.0,23773.01,12-11 h10,5.0,5,253,0_BEM_Setup/SimResults_neighbourhoods/option_9_qc1983nu_20260805_nonrc\CAN_MTL_1983\IC-DE\IC-DE_EEM_J_ENV_HVAC_20260805_093104\results
CAN_MTL_1983,IC-DE,IC-DE,EEM_J_ENV_HVAC_DHW,1,1,1,0,simulated,11895.7991,23.2642,1359.5327,1.1955,38.1513,9035.4578,1119.0987,118.7412,tier3,25329.34,10-08 h24,4.0,23766.57,12-11 h10,5.0,5,303,0_BEM_Setup/SimResults_neighbourhoods/option_9_qc1983nu_20260805_nonrc\CAN_MTL_1983\IC-DE\IC-DE_EEM_J_ENV_HVAC_DHW_20260805_093115\results
CAN_MTL_1983,IC-DE,IC-DE,EEM_J_ENV_HVAC_DHW_EEM4,1,1,1,1,simulated,11878.011,24.7513,1358.2404,1.2066,27.7757,9028.9476,1118.0336,118.7412,tier3,25479.0,10-08 h24,4.0,23726.69,12-11 h10,5.0,3,307,0_BEM_Setup/SimResults_neighbourhoods/option_9_qc1983nu_20260805_nonrc\CAN_MTL_1983\IC-DE\IC-DE_EEM_J_ENV_HVAC_DHW_EEM4_20260805_093207\results
CAN_MTL_1983,IC-DE,IC-DE,EEM_J_ENV_HVAC_EEM4,1,1,0,1,simulated,11889.9982,22.6704,1358.2039,15.4554,27.7757,9028.9199,1117.9386,118.7412,tier3,25689.15,10-08 h24,4.0,23730.99,12-11 h10,5.0,4,256,0_BEM_Setup/SimResults_neighbourhoods/option_9_qc1983nu_20260805_nonrc\CAN_MTL_1983\IC-DE\IC-DE_EEM_J_ENV_HVAC_EEM4_20260805_093155\results
CAN_MTL_1983,IC-DE,IC-DE,EEM_J_HVAC_DHW,0,1,1,0,simulated,11920.7601,51.6512,1358.055,1.2636,37.9868,9035.2935,1118.2162,118.7437,tier3,24497.7,07-31 h24,19.1,23855.9,12-11 h10,5.0,4,304,0_BEM_Setup/SimResults_neighbourhoods/option_9_qc1983nu_20260805_nonrc\CAN_MTL_1983\IC-DE\IC-DE_EEM_J_HVAC_DHW_20260805_093114\results
CAN_MTL_1983,IC-DE,IC-DE,EEM_J_HVAC_DHW_EEM4,0,1,1,1,simulated,11905.6244,55.8956,1356.6553,1.3107,27.6773,9028.8237,1117.1298,118.7437,tier3,24078.45,07-31 h24,19.1,23827.95,12-11 h10,5.0,2,313,0_BEM_Setup/SimResults_neighbourhoods/option_9_qc1983nu_20260805_nonrc\CAN_MTL_1983\IC-DE\IC-DE_EEM_J_HVAC_DHW_EEM4_20260805_093202\results
CAN_MTL_1983,IC-DE,IC-DE,EEM_J_HVAC_ONLY,0,1,0,0,simulated,11932.8792,49.6035,1358.0493,15.4552,37.9868,9035.2933,1118.2093,118.7437,tier3,24500.85,07-31 h24,19.1,23860.88,12-11 h10,5.0,5,253,0_BEM_Setup/SimResults_neighbourhoods/option_9_qc1983nu_20260805_nonrc\CAN_MTL_1983\IC-DE\IC-DE_EEM_J_HVAC_ONLY_20260805_093057\results
CAN_MTL_1983,IC-DE,IC-DE,EEM_J_HVAC_ONLY_EEM4,0,1,0,1,simulated,11917.7355,53.8831,1356.6419,15.4678,27.6773,9028.8237,1117.1151,118.7437,tier3,24002.96,07-31 h24,19.1,23832.95,12-11 h10,5.0,4,261,0_BEM_Setup/SimResults_neighbourhoods/option_9_qc1983nu_20260805_nonrc\CAN_MTL_1983\IC-DE\IC-DE_EEM_J_HVAC_ONLY_EEM4_20260805_093138\results
CAN_MTL_1983,MU-C1,MU-C1,EEM_J_DEFAULT,0,0,0,0,simulated,266.3287,87.7392,20.9663,43.466,32.8739,45.5953,23.9624,3.4032,native,4603.06,01-02 h09,-22.2,4603.06,01-02 h09,-22.2,26,8194,0_BEM_Setup/SimResults_neighbourhoods/option_9_qc1983nu_20260805_nonrc\CAN_MTL_1983\MU-C1\MU-C1_EEM_J_DEFAULT_20260805_093221\results
CAN_MTL_1983,MU-C1,MU-C1,EEM_J_DHW_ONLY,0,0,1,0,simulated,237.2591,98.7986,17.9659,6.6736,32.887,45.5953,23.6427,25.7032,tier3,4568.98,01-02 h11,-19.8,4568.98,01-02 h11,-19.8,29,8473,0_BEM_Setup/SimResults_neighbourhoods/option_9_qc1983nu_20260805_nonrc\CAN_MTL_1983\MU-C1\MU-C1_EEM_J_DHW_ONLY_20260805_093243\results
CAN_MTL_1983,MU-C1,MU-C1,EEM_J_DHW_ONLY_EEM4,0,0,1,1,simulated,219.5399,108.904,15.2609,6.7167,15.5523,39.8767,21.5902,25.7032,tier3,3876.62,01-02 h09,-22.2,3876.62,01-02 h09,-22.2,21,9665,0_BEM_Setup/SimResults_neighbourhoods/option_9_qc1983nu_20260805_nonrc\CAN_MTL_1983\MU-C1\MU-C1_EEM_J_DHW_ONLY_EEM4_20260805_093436\results
CAN_MTL_1983,MU-C1,MU-C1,EEM_J_EEM4_ONLY,0,0,0,1,simulated,251.1322,103.8391,15.2716,43.4682,15.5523,39.8767,21.4864,25.7032,tier3,3655.22,01-02 h01,-23.0,3655.22,01-02 h01,-23.0,17,9374,0_BEM_Setup/SimResults_neighbourhoods/option_9_qc1983nu_20260805_nonrc\CAN_MTL_1983\MU-C1\MU-C1_EEM_J_EEM4_ONLY_20260805_093317\results
CAN_MTL_1983,MU-C1,MU-C1,EEM_J_ENVELOPE,1,0,0,0,simulated,219.5864,47.5165,17.0724,43.4652,32.928,45.5953,21.4055,25.6556,tier3,3181.14,01-02 h09,-22.6,3181.14,01-02 h09,-22.6,46,8179,0_BEM_Setup/SimResults_neighbourhoods/option_9_qc1983nu_20260805_nonrc\CAN_MTL_1983\MU-C1\MU-C1_EEM_J_ENVELOPE_20260805_093237\results
CAN_MTL_1983,MU-C1,MU-C1,EEM_J_ENVELOPE_EEM4,1,0,0,1,simulated,196.6088,54.424,13.2125,43.4622,15.6806,39.8767,18.4094,25.7056,tier3,2412.48,01-02 h10,-20.9,2412.48,01-02 h10,-20.9,49,9402,0_BEM_Setup/SimResults_neighbourhoods/option_9_qc1983nu_20260805_nonrc\CAN_MTL_1983\MU-C1\MU-C1_EEM_J_ENVELOPE_EEM4_20260805_093408\results
CAN_MTL_1983,MU-C1,MU-C1,EEM_J_ENV_DHW,1,0,1,0,simulated,186.2328,52.6577,16.0731,6.6628,32.9303,45.5953,20.6949,25.7056,tier3,3221.08,01-02 h09,-22.2,3221.08,01-02 h09,-22.2,39,8480,0_BEM_Setup/SimResults_neighbourhoods/option_9_qc1983nu_20260805_nonrc\CAN_MTL_1983\MU-C1\MU-C1_EEM_J_ENV_DHW_20260805_093301\results
CAN_MTL_1983,MU-C1,MU-C1,EEM_J_ENV_DHW_EEM4,1,0,1,1,simulated,165.0226,59.4717,13.1978,6.7385,15.6806,39.8767,18.5124,25.7056,tier3,2586.11,01-02 h13,-18.2,2586.11,01-02 h13,-18.2,44,9700,0_BEM_Setup/SimResults_neighbourhoods/option_9_qc1983nu_20260805_nonrc\CAN_MTL_1983\MU-C1\MU-C1_EEM_J_ENV_DHW_EEM4_20260805_093450\results
CAN_MTL_1983,MU-C1,MU-C1,EEM_J_ENV_HVAC,1,1,0,0,simulated,186.266,11.9586,17.7236,43.4794,32.928,45.5953,22.9951,25.6556,tier3,4171.14,01-02 h09,-22.6,4171.14,01-02 h09,-22.6,45,8556,0_BEM_Setup/SimResults_neighbourhoods/option_9_qc1983nu_20260805_nonrc\CAN_MTL_1983\MU-C1\MU-C1_EEM_J_ENV_HVAC_20260805_093255\results
CAN_MTL_1983,MU-C1,MU-C1,EEM_J_ENV_HVAC_DHW,1,1,1,0,simulated,154.6661,16.9897,17.6984,6.7733,32.928,45.5953,23.0946,25.6556,tier3,4251.27,01-02 h11,-20.3,4251.27,01-02 h11,-20.3,43,8806,0_BEM_Setup/SimResults_neighbourhoods/option_9_qc1983nu_20260805_nonrc\CAN_MTL_1983\MU-C1\MU-C1_EEM_J_ENV_HVAC_DHW_20260805_093305\results
CAN_MTL_1983,MU-C1,MU-C1,EEM_J_ENV_HVAC_DHW_EEM4,1,1,1,1,simulated,127.6235,18.8065,14.4191,6.8019,15.6729,39.8767,20.544,25.6556,tier3,3473.86,01-02 h09,-22.6,3473.86,01-02 h09,-22.6,17,9996,0_BEM_Setup/SimResults_neighbourhoods/option_9_qc1983nu_20260805_nonrc\CAN_MTL_1983\MU-C1\MU-C1_EEM_J_ENV_HVAC_DHW_EEM4_20260805_093512\results
CAN_MTL_1983,MU-C1,MU-C1,EEM_J_ENV_HVAC_EEM4,1,1,0,1,simulated,158.5069,14.2053,13.9079,43.4769,15.6806,39.8767,19.8484,25.7056,tier3,3039.62,01-02 h09,-22.2,3039.62,01-02 h09,-22.2,45,9773,0_BEM_Setup/SimResults_neighbourhoods/option_9_qc1983nu_20260805_nonrc\CAN_MTL_1983\MU-C1\MU-C1_EEM_J_ENV_HVAC_EEM4_20260805_093439\results
CAN_MTL_1983,MU-C1,MU-C1,EEM_J_HVAC_DHW,0,1,1,0,simulated,176.2681,34.6824,19.2692,6.6959,32.887,45.5953,25.4805,25.7032,tier3,5879.75,01-02 h09,-22.2,5879.75,01-02 h09,-22.2,27,8834,0_BEM_Setup/SimResults_neighbourhoods/option_9_qc1983nu_20260805_nonrc\CAN_MTL_1983\MU-C1\MU-C1_EEM_J_HVAC_DHW_20260805_093305\results
CAN_MTL_1983,MU-C1,MU-C1,EEM_J_HVAC_DHW_EEM4,0,1,1,1,simulated,152.3195,38.9489,16.3346,6.7375,15.5523,39.8767,23.2671,25.7032,tier3,5070.44,01-02 h09,-22.2,5070.44,01-02 h09,-22.2,24,10028,0_BEM_Setup/SimResults_neighbourhoods/option_9_qc1983nu_20260805_nonrc\CAN_MTL_1983\MU-C1\MU-C1_EEM_J_HVAC_DHW_EEM4_20260805_093459\results
CAN_MTL_1983,MU-C1,MU-C1,EEM_J_HVAC_ONLY,0,1,0,0,simulated,207.9278,29.6397,19.2884,43.4796,32.887,45.5953,25.3806,25.7032,tier3,5628.47,01-02 h09,-22.2,5628.47,01-02 h09,-22.2,27,8549,0_BEM_Setup/SimResults_neighbourhoods/option_9_qc1983nu_20260805_nonrc\CAN_MTL_1983\MU-C1\MU-C1_EEM_J_HVAC_ONLY_20260805_093239\results
CAN_MTL_1983,MU-C1,MU-C1,EEM_J_HVAC_ONLY_EEM4,0,1,0,1,simulated,183.9382,33.9111,16.348,43.4833,15.5523,39.8767,23.1648,25.7032,tier3,4835.05,01-02 h08,-23.1,4835.05,01-02 h08,-23.1,20,9738,0_BEM_Setup/SimResults_neighbourhoods/option_9_qc1983nu_20260805_nonrc\CAN_MTL_1983\MU-C1\MU-C1_EEM_J_HVAC_ONLY_EEM4_20260805_093412\results
CAN_MTL_1983,MU-C2,MU-C2,EEM_J_DEFAULT,0,0,0,0,simulated,196.9441,75.9881,13.2408,36.4047,22.5623,28.9158,12.4647,2.4501,native,5458.42,01-02 h09,-22.2,5458.42,01-02 h09,-22.2,4,5883,0_BEM_Setup/SimResults_neighbourhoods/option_9_qc1983nu_20260805_nonrc\CAN_MTL_1983\MU-C2\MU-C2_EEM_J_DEFAULT_20260805_093630\results
CAN_MTL_1983,MU-C2,MU-C2,EEM_J_DHW_ONLY,0,0,1,0,simulated,175.58,88.23,11.1389,4.7521,22.6418,28.9158,12.5588,21.6855,tier3,5516.38,01-02 h09,-22.2,5516.38,01-02 h09,-22.2,4,6131,0_BEM_Setup/SimResults_neighbourhoods/option_9_qc1983nu_20260805_nonrc\CAN_MTL_1983\MU-C2\MU-C2_EEM_J_DHW_ONLY_20260805_093741\results
CAN_MTL_1983,MU-C2,MU-C2,EEM_J_DHW_ONLY_EEM4,0,0,1,1,simulated,159.3043,98.7642,8.6175,4.8054,10.0667,19.2944,10.4701,21.6855,tier3,4241.84,01-02 h08,-23.1,4241.84,01-02 h08,-23.1,7,7055,0_BEM_Setup/SimResults_neighbourhoods/option_9_qc1983nu_20260805_nonrc\CAN_MTL_1983\MU-C2\MU-C2_EEM_J_DHW_ONLY_EEM4_20260805_093908\results
CAN_MTL_1983,MU-C2,MU-C2,EEM_J_EEM4_ONLY,0,0,0,1,simulated,185.9367,93.8605,8.63,36.405,10.0667,19.2944,10.3933,21.6855,tier3,3998.51,01-02 h02,-23.0,3998.51,01-02 h02,-23.0,7,6784,0_BEM_Setup/SimResults_neighbourhoods/option_9_qc1983nu_20260805_nonrc\CAN_MTL_1983\MU-C2\MU-C2_EEM_J_EEM4_ONLY_20260805_093839\results
CAN_MTL_1983,MU-C2,MU-C2,EEM_J_ENVELOPE,1,0,0,0,simulated,152.0882,36.442,10.1996,36.4023,22.7234,28.9158,10.0637,21.6869,tier3,3542.11,01-02 h17,-17.1,3542.11,01-02 h17,-17.1,4,5876,0_BEM_Setup/SimResults_neighbourhoods/option_9_qc1983nu_20260805_nonrc\CAN_MTL_1983\MU-C2\MU-C2_EEM_J_ENVELOPE_20260805_093704\results
CAN_MTL_1983,MU-C2,MU-C2,EEM_J_ENVELOPE_EEM4,1,0,0,1,simulated,128.9114,40.7464,7.2637,36.4032,10.1855,19.2944,7.7309,21.6869,tier3,2562.07,01-02 h17,-17.1,2562.07,01-02 h17,-17.1,6,6799,0_BEM_Setup/SimResults_neighbourhoods/option_9_qc1983nu_20260805_nonrc\CAN_MTL_1983\MU-C2\MU-C2_EEM_J_ENVELOPE_EEM4_20260805_093844\results
CAN_MTL_1983,MU-C2,MU-C2,EEM_J_ENV_DHW,1,0,1,0,simulated,125.4072,41.3446,10.1855,4.7573,22.7234,28.9158,10.1388,21.6869,tier3,3838.77,01-02 h09,-22.2,3838.77,01-02 h09,-22.2,4,6149,0_BEM_Setup/SimResults_neighbourhoods/option_9_qc1983nu_20260805_nonrc\CAN_MTL_1983\MU-C2\MU-C2_EEM_J_ENV_DHW_20260805_093815\results
CAN_MTL_1983,MU-C2,MU-C2,EEM_J_ENV_DHW_EEM4,1,0,1,1,simulated,102.2556,45.652,7.2497,4.7794,10.1855,19.2944,7.8076,21.6869,tier3,2821.72,01-02 h19,-16.7,2821.72,01-02 h19,-16.7,9,7077,0_BEM_Setup/SimResults_neighbourhoods/option_9_qc1983nu_20260805_nonrc\CAN_MTL_1983\MU-C2\MU-C2_EEM_J_ENV_DHW_EEM4_20260805_093937\results
CAN_MTL_1983,MU-C2,MU-C2,EEM_J_ENV_HVAC,1,1,0,0,simulated,126.9172,9.5593,11.4055,36.4121,22.7234,28.9158,10.5978,21.6869,tier3,4561.21,01-02 h09,-22.2,4561.21,01-02 h09,-22.2,18,5914,0_BEM_Setup/SimResults_neighbourhoods/option_9_qc1983nu_20260805_nonrc\CAN_MTL_1983\MU-C2\MU-C2_EEM_J_ENV_HVAC_20260805_093750\results
CAN_MTL_1983,MU-C2,MU-C2,EEM_J_ENV_HVAC_DHW,1,1,1,0,simulated,100.2259,14.4936,11.3899,4.7258,22.7234,28.9158,10.6744,21.6869,tier3,4899.69,01-02 h09,-22.2,4899.69,01-02 h09,-22.2,16,6181,0_BEM_Setup/SimResults_neighbourhoods/option_9_qc1983nu_20260805_nonrc\CAN_MTL_1983\MU-C2\MU-C2_EEM_J_ENV_HVAC_DHW_20260805_093825\results
CAN_MTL_1983,MU-C2,MU-C2,EEM_J_ENV_HVAC_DHW_EEM4,1,1,1,1,simulated,74.3294,16.2743,8.2644,4.71,10.1855,19.2944,8.3556,21.6869,tier3,3580.62,01-02 h20,-16.4,3580.62,01-02 h20,-16.4,18,7099,0_BEM_Setup/SimResults_neighbourhoods/option_9_qc1983nu_20260805_nonrc\CAN_MTL_1983\MU-C2\MU-C2_EEM_J_ENV_HVAC_DHW_EEM4_20260805_094003\results
CAN_MTL_1983,MU-C2,MU-C2,EEM_J_ENV_HVAC_EEM4,1,1,0,1,simulated,101.0265,11.3295,8.2798,36.4133,10.1855,19.2944,8.2783,21.6869,tier3,3321.65,01-02 h17,-17.1,3321.65,01-02 h17,-17.1,19,6829,0_BEM_Setup/SimResults_neighbourhoods/option_9_qc1983nu_20260805_nonrc\CAN_MTL_1983\MU-C2\MU-C2_EEM_J_ENV_HVAC_EEM4_20260805_093925\results
CAN_MTL_1983,MU-C2,MU-C2,EEM_J_HVAC_DHW,0,1,1,0,simulated,118.1311,28.399,12.6617,4.7314,22.6418,28.9158,13.4896,21.6855,tier3,7118.87,01-02 h09,-22.2,7118.87,01-02 h09,-22.2,8,6154,0_BEM_Setup/SimResults_neighbourhoods/option_9_qc1983nu_20260805_nonrc\CAN_MTL_1983\MU-C2\MU-C2_EEM_J_HVAC_DHW_20260805_093818\results
CAN_MTL_1983,MU-C2,MU-C2,EEM_J_HVAC_DHW_EEM4,0,1,1,1,simulated,94.2976,31.7082,9.8029,4.7663,10.0667,19.2944,11.4171,21.6855,tier3,5904.24,01-02 h08,-23.1,5904.24,01-02 h08,-23.1,7,7079,0_BEM_Setup/SimResults_neighbourhoods/option_9_qc1983nu_20260805_nonrc\CAN_MTL_1983\MU-C2\MU-C2_EEM_J_HVAC_DHW_EEM4_20260805_093950\results
CAN_MTL_1983,MU-C2,MU-C2,EEM_J_HVAC_ONLY,0,1,0,0,simulated,144.8048,23.4634,12.6727,36.4133,22.6418,28.9158,13.4062,21.6855,tier3,6883.86,01-02 h09,-22.2,6883.86,01-02 h09,-22.2,4,5888,0_BEM_Setup/SimResults_neighbourhoods/option_9_qc1983nu_20260805_nonrc\CAN_MTL_1983\MU-C2\MU-C2_EEM_J_HVAC_ONLY_20260805_093726\results
CAN_MTL_1983,MU-C2,MU-C2,EEM_J_HVAC_ONLY_EEM4,0,1,0,1,simulated,120.9619,26.7783,9.8158,36.4148,10.0667,19.2944,11.3494,21.6855,tier3,5642.8,01-02 h09,-22.2,5642.8,01-02 h09,-22.2,7,6810,0_BEM_Setup/SimResults_neighbourhoods/option_9_qc1983nu_20260805_nonrc\CAN_MTL_1983\MU-C2\MU-C2_EEM_J_HVAC_ONLY_EEM4_20260805_093859\results
CAN_MTL_1983,MU-HC,MU-HC,EEM_J_DEFAULT,0,0,0,0,simulated,246.3573,107.5084,18.1757,46.5671,20.528,32.0933,16.2332,4.1337,native,2092.94,01-02 h09,-22.2,2092.94,01-02 h09,-22.2,2,9322,0_BEM_Setup/SimResults_neighbourhoods/option_9_qc1983nu_20260805_nonrc\CAN_MTL_1983\MU-HC\MU-HC_EEM_J_DEFAULT_20260805_094115\results
CAN_MTL_1983,MU-HC,MU-HC,EEM_J_DHW_ONLY,0,0,1,0,simulated,213.9587,113.7986,17.4644,8.5421,20.5306,32.0933,16.2886,47.244,tier3,2118.88,01-02 h09,-22.2,2118.88,01-02 h09,-22.2,2,10173,0_BEM_Setup/SimResults_neighbourhoods/option_9_qc1983nu_20260805_nonrc\CAN_MTL_1983\MU-HC\MU-HC_EEM_J_DHW_ONLY_20260805_094145\results
CAN_MTL_1983,MU-HC,MU-HC,EEM_J_DHW_ONLY_EEM4,0,0,1,1,simulated,200.4163,124.0418,13.6774,8.584,9.7677,24.7336,14.4714,47.244,tier3,1707.85,01-02 h08,-23.1,1707.85,01-02 h08,-23.1,2,11449,0_BEM_Setup\SimResults_neighbourhoods\option_9_qc1983nu_20260805_nonrc\CAN_MTL_1983\MU-HC\MU-HC_EEM_J_DHW_ONLY_EEM4_20260808_120623\results
CAN_MTL_1983,MU-HC,MU-HC,EEM_J_EEM4_ONLY,0,0,0,1,simulated,233.2829,119.0096,13.6858,46.5744,9.7677,24.7336,14.3719,47.244,tier3,1677.17,01-02 h08,-23.1,1677.17,01-02 h08,-23.1,2,10574,0_BEM_Setup\SimResults_neighbourhoods\option_9_qc1983nu_20260805_nonrc\CAN_MTL_1983\MU-HC\MU-HC_EEM_J_EEM4_ONLY_20260808_120612\results
CAN_MTL_1983,MU-HC,MU-HC,EEM_J_ENVELOPE,1,0,0,0,simulated,191.6152,57.1336,16.6975,46.5488,20.6045,32.0933,13.3557,47.1267,tier3,1464.51,01-02 h09,-22.6,1464.51,01-02 h09,-22.6,21,9318,0_BEM_Setup/SimResults_neighbourhoods/option_9_qc1983nu_20260805_nonrc\CAN_MTL_1983\MU-HC\MU-HC_EEM_J_ENVELOPE_20260805_094137\results
CAN_MTL_1983,MU-HC,MU-HC,EEM_J_ENVELOPE_EEM4,1,0,0,1,simulated,165.7595,58.0944,11.3117,46.5485,9.9203,24.7336,10.1867,47.2465,tier3,1043.26,01-02 h10,-20.9,1043.26,01-02 h10,-20.9,13,10601,0_BEM_Setup/SimResults_neighbourhoods/option_9_qc1983nu_20260805_nonrc\CAN_MTL_1983\MU-HC\MU-HC_EEM_J_ENVELOPE_EEM4_20260805_094258\results
CAN_MTL_1983,MU-HC,MU-HC,EEM_J_ENV_DHW,1,0,1,0,simulated,152.5397,58.7968,15.2975,8.5172,20.6069,32.0933,12.2069,47.2465,tier3,1376.77,01-02 h09,-22.2,1376.77,01-02 h09,-22.2,18,10194,0_BEM_Setup/SimResults_neighbourhoods/option_9_qc1983nu_20260805_nonrc\CAN_MTL_1983\MU-HC\MU-HC_EEM_J_ENV_DHW_20260805_094221\results
CAN_MTL_1983,MU-HC,MU-HC,EEM_J_ENV_DHW_EEM4,1,0,1,1,simulated,132.8204,63.157,11.2844,8.4837,9.9203,24.7336,10.2761,47.2465,tier3,1068.36,01-02 h09,-22.2,1068.36,01-02 h09,-22.2,34,11471,0_BEM_Setup/SimResults_neighbourhoods/option_9_qc1983nu_20260805_nonrc\CAN_MTL_1983\MU-HC\MU-HC_EEM_J_ENV_DHW_EEM4_20260805_094307\results
CAN_MTL_1983,MU-HC,MU-HC,EEM_J_ENV_HVAC,1,1,0,0,simulated,149.1668,14.4112,16.212,46.5654,20.6045,32.0933,14.1358,47.1267,tier3,1955.32,01-02 h09,-22.6,1955.32,01-02 h09,-22.6,26,9828,0_BEM_Setup/SimResults_neighbourhoods/option_9_qc1983nu_20260805_nonrc\CAN_MTL_1983\MU-HC\MU-HC_EEM_J_ENV_HVAC_20260805_094146\results
CAN_MTL_1983,MU-HC,MU-HC,EEM_J_ENV_HVAC_DHW,1,1,1,0,simulated,116.1486,19.3082,16.1756,8.5777,20.6045,32.0933,14.2443,47.1267,tier3,1975.23,01-02 h09,-22.6,1975.23,01-02 h09,-22.6,23,10581,0_BEM_Setup/SimResults_neighbourhoods/option_9_qc1983nu_20260805_nonrc\CAN_MTL_1983\MU-HC\MU-HC_EEM_J_ENV_HVAC_DHW_20260805_094234\results
CAN_MTL_1983,MU-HC,MU-HC,EEM_J_ENV_HVAC_DHW_EEM4,1,1,1,1,simulated,93.5415,21.2121,12.0797,8.6048,9.9147,24.7336,11.9756,47.1267,tier3,1565.14,01-02 h09,-22.6,1565.14,01-02 h09,-22.6,15,11843,0_BEM_Setup/SimResults_neighbourhoods/option_9_qc1983nu_20260805_nonrc\CAN_MTL_1983\MU-HC\MU-HC_EEM_J_ENV_HVAC_DHW_EEM4_20260805_094329\results
CAN_MTL_1983,MU-HC,MU-HC,EEM_J_ENV_HVAC_EEM4,1,1,0,1,simulated,124.4194,16.0719,11.2318,46.5765,9.9203,24.7336,10.9754,47.2465,tier3,1316.74,01-02 h09,-22.2,1316.74,01-02 h09,-22.2,16,11118,0_BEM_Setup/SimResults_neighbourhoods/option_9_qc1983nu_20260805_nonrc\CAN_MTL_1983\MU-HC\MU-HC_EEM_J_ENV_HVAC_EEM4_20260805_094302\results
CAN_MTL_1983,MU-HC,MU-HC,EEM_J_HVAC_DHW,0,1,1,0,simulated,140.87,39.5419,17.4639,8.5254,20.5306,32.0933,17.5303,47.244,tier3,2661.28,01-02 h08,-23.1,2661.28,01-02 h08,-23.1,4,10697,0_BEM_Setup/SimResults_neighbourhoods/option_9_qc1983nu_20260805_nonrc\CAN_MTL_1983\MU-HC\MU-HC_EEM_J_HVAC_DHW_20260805_094230\results
CAN_MTL_1983,MU-HC,MU-HC,EEM_J_HVAC_DHW_EEM4,0,1,1,1,simulated,121.7736,44.2643,13.6637,8.524,9.7677,24.7336,15.7401,47.244,tier3,2250.21,01-02 h09,-22.2,2250.21,01-02 h09,-22.2,3,11954,0_BEM_Setup\SimResults_neighbourhoods\option_9_qc1983nu_20260805_nonrc\CAN_MTL_1983\MU-HC\MU-HC_EEM_J_HVAC_DHW_EEM4_20260808_120632\results
CAN_MTL_1983,MU-HC,MU-HC,EEM_J_HVAC_ONLY,0,1,0,0,simulated,173.9828,34.6636,17.4878,46.5875,20.5306,32.0933,17.4354,47.244,tier3,2647.31,01-02 h09,-22.2,2647.31,01-02 h09,-22.2,4,9838,0_BEM_Setup/SimResults_neighbourhoods/option_9_qc1983nu_20260805_nonrc\CAN_MTL_1983\MU-HC\MU-HC_EEM_J_HVAC_ONLY_20260805_094138\results
CAN_MTL_1983,MU-HC,MU-HC,EEM_J_HVAC_ONLY_EEM4,0,1,0,1,simulated,154.831,39.3457,13.6668,46.6012,9.7677,24.7336,15.6362,47.244,tier3,2230.93,01-02 h08,-23.1,2230.93,01-02 h08,-23.1,3,11091,0_BEM_Setup\SimResults_neighbourhoods\option_9_qc1983nu_20260805_nonrc\CAN_MTL_1983\MU-HC\MU-HC_EEM_J_HVAC_ONLY_EEM4_20260808_120622\results
CAN_MTL_1983,MU-HS,MU-HS,EEM_J_DEFAULT,0,0,0,0,simulated,286.6745,135.274,16.2483,42.9339,26.6833,44.0347,14.5801,1.8915,native,625.09,07-17 h14,32.5,456.49,01-16 h08,-13.3,2,1193,0_BEM_Setup/SimResults_neighbourhoods/option_9_qc1983nu_20260805_nonrc\CAN_MTL_1983\MU-HS\MU-HS_EEM_J_DEFAULT_20260805_094339\results
CAN_MTL_1983,MU-HS,MU-HS,EEM_J_DHW_ONLY,0,0,1,0,simulated,259.1285,138.5857,15.707,12.5962,26.7166,44.0347,14.5781,82.6697,tier3,602.87,07-17 h14,32.5,408.87,01-03 h19,-2.0,42,2011,0_BEM_Setup/SimResults_neighbourhoods/option_9_qc1983nu_20260805_nonrc\CAN_MTL_1983\MU-HS\MU-HS_EEM_J_DHW_ONLY_20260805_094402\results
CAN_MTL_1983,MU-HS,MU-HS,EEM_J_DHW_ONLY_EEM4,0,0,1,1,simulated,239.2048,144.2497,12.8724,12.6,13.1187,35.9478,13.6712,82.6697,tier3,510.67,07-17 h14,32.5,363.14,01-13 h18,-20.5,19,2440,0_BEM_Setup\SimResults_neighbourhoods\option_9_qc1983nu_20260805_nonrc\CAN_MTL_1983\MU-HS\MU-HS_EEM_J_DHW_ONLY_EEM4_20260808_120722\results
CAN_MTL_1983,MU-HS,MU-HS,EEM_J_EEM4_ONLY,0,0,0,1,simulated,266.57,141.2489,12.971,42.9504,13.1187,35.9478,13.5882,82.6697,tier3,520.38,07-17 h14,32.5,403.18,01-16 h08,-13.3,2,1618,0_BEM_Setup\SimResults_neighbourhoods\option_9_qc1983nu_20260805_nonrc\CAN_MTL_1983\MU-HS\MU-HS_EEM_J_EEM4_ONLY_20260808_120707\results
CAN_MTL_1983,MU-HS,MU-HS,EEM_J_ENVELOPE,1,0,0,0,simulated,220.7056,73.781,14.9655,42.7722,26.8246,44.0347,11.8621,82.6741,tier3,531.54,07-17 h14,32.5,425.39,01-02 h07,-23.5,51,1216,0_BEM_Setup/SimResults_neighbourhoods/option_9_qc1983nu_20260805_nonrc\CAN_MTL_1983\MU-HS\MU-HS_EEM_J_ENVELOPE_20260805_094354\results
CAN_MTL_1983,MU-HS,MU-HS,EEM_J_ENVELOPE_EEM4,1,0,0,1,simulated,198.2632,77.8258,11.5858,42.794,13.3258,35.9478,10.3978,82.6741,tier3,450.87,07-19 h11,30.6,353.56,01-16 h08,-13.3,36,1631,0_BEM_Setup/SimResults_neighbourhoods/option_9_qc1983nu_20260805_nonrc\CAN_MTL_1983\MU-HS\MU-HS_EEM_J_ENVELOPE_EEM4_20260805_094600\results
CAN_MTL_1983,MU-HS,MU-HS,EEM_J_ENV_DHW,1,0,1,0,simulated,192.9019,76.3726,14.7927,12.5042,26.8246,44.0347,11.904,82.6741,tier3,509.8,07-17 h14,32.5,385.43,01-03 h11,-10.5,500,2039,0_BEM_Setup/SimResults_neighbourhoods/option_9_qc1983nu_20260805_nonrc\CAN_MTL_1983\MU-HS\MU-HS_EEM_J_ENV_DHW_20260805_094512\results
CAN_MTL_1983,MU-HS,MU-HS,EEM_J_ENV_DHW_EEM4,1,0,1,1,simulated,170.7527,80.6805,11.4183,12.5448,13.3258,35.9478,10.4435,82.6741,tier3,437.69,07-19 h13,32.1,302.78,01-03 h11,-10.5,139,2448,0_BEM_Setup/SimResults_neighbourhoods/option_9_qc1983nu_20260805_nonrc\CAN_MTL_1983\MU-HS\MU-HS_EEM_J_ENV_DHW_EEM4_20260805_094630\results
CAN_MTL_1983,MU-HS,MU-HS,EEM_J_ENV_HVAC,1,1,0,0,simulated,162.1556,16.4903,12.3141,42.8075,26.8246,44.0347,13.2697,82.6741,tier3,615.81,01-03 h08,-13.7,615.81,01-03 h08,-13.7,91,1348,0_BEM_Setup/SimResults_neighbourhoods/option_9_qc1983nu_20260805_nonrc\CAN_MTL_1983\MU-HS\MU-HS_EEM_J_ENV_HVAC_20260805_131035\results
CAN_MTL_1983,MU-HS,MU-HS,EEM_J_ENV_HVAC_DHW,1,1,1,0,simulated,134.3448,19.0426,12.1907,12.5051,26.8246,44.0347,13.3301,82.6741,tier3,558.97,01-03 h08,-13.7,558.97,01-03 h08,-13.7,264,2171,0_BEM_Setup/SimResults_neighbourhoods/option_9_qc1983nu_20260805_nonrc\CAN_MTL_1983\MU-HS\MU-HS_EEM_J_ENV_HVAC_DHW_20260805_131114\results
CAN_MTL_1983,MU-HS,MU-HS,EEM_J_ENV_HVAC_DHW_EEM4,1,1,1,1,simulated,110.5419,20.8221,9.5347,12.5326,13.3258,35.9478,12.0459,82.6741,tier3,444.94,01-11 h18,-20.5,444.94,01-11 h18,-20.5,159,2589,0_BEM_Setup/SimResults_neighbourhoods/option_9_qc1983nu_20260805_nonrc\CAN_MTL_1983\MU-HS\MU-HS_EEM_J_ENV_HVAC_DHW_EEM4_20260805_131132\results
CAN_MTL_1983,MU-HS,MU-HS,EEM_J_ENV_HVAC_EEM4,1,1,0,1,simulated,138.411,18.3278,9.6654,42.8384,13.3258,35.9478,11.9784,82.6741,tier3,469.81,01-12 h09,-19.4,469.81,01-12 h09,-19.4,48,1778,0_BEM_Setup/SimResults_neighbourhoods/option_9_qc1983nu_20260805_nonrc\CAN_MTL_1983\MU-HS\MU-HS_EEM_J_ENV_HVAC_EEM4_20260805_131123\results
CAN_MTL_1983,MU-HS,MU-HS,EEM_J_HVAC_DHW,0,1,1,0,simulated,156.3073,36.3089,12.8604,12.5915,26.7166,44.0347,16.9403,82.6697,tier3,695.74,01-13 h19,-21.8,695.74,01-13 h19,-21.8,42,2139,0_BEM_Setup/SimResults_neighbourhoods/option_9_qc1983nu_20260805_nonrc\CAN_MTL_1983\MU-HS\MU-HS_EEM_J_HVAC_DHW_20260805_131101\results
CAN_MTL_1983,MU-HS,MU-HS,EEM_J_HVAC_DHW_EEM4,0,1,1,1,simulated,132.8619,37.8322,10.5566,12.6019,13.1187,35.9478,16.1265,82.6697,tier3,589.0,01-13 h19,-21.8,589.0,01-13 h19,-21.8,24,2573,0_BEM_Setup\SimResults_neighbourhoods\option_9_qc1983nu_20260805_nonrc\CAN_MTL_1983\MU-HS\MU-HS_EEM_J_HVAC_DHW_EEM4_20260808_120728\results
CAN_MTL_1983,MU-HS,MU-HS,EEM_J_HVAC_ONLY,0,1,0,0,simulated,184.1673,33.7534,12.9573,42.979,26.7166,44.0347,16.8713,82.6697,tier3,723.18,01-12 h09,-19.4,723.18,01-12 h09,-19.4,20,1326,0_BEM_Setup/SimResults_neighbourhoods/option_9_qc1983nu_20260805_nonrc\CAN_MTL_1983\MU-HS\MU-HS_EEM_J_HVAC_ONLY_20260805_131031\results
CAN_MTL_1983,MU-HS,MU-HS,EEM_J_HVAC_ONLY_EEM4,0,1,0,1,simulated,160.6653,35.2477,10.6343,43.0125,13.1187,35.9478,16.0263,82.6697,tier3,619.27,01-12 h08,-20.0,619.27,01-12 h08,-20.0,16,1754,0_BEM_Setup\SimResults_neighbourhoods\option_9_qc1983nu_20260805_nonrc\CAN_MTL_1983\MU-HS\MU-HS_EEM_J_HVAC_ONLY_EEM4_20260808_120712\results
CAN_MTL_1983,MU-L,MU-L,EEM_J_DEFAULT,0,0,0,0,simulated,260.1034,121.974,15.8657,45.8428,16.0019,36.9605,18.6838,0.0,native,509.29,07-04 h18,27.1,460.42,12-25 h08,1.8,2,5431,0_BEM_Setup/SimResults_neighbourhoods/option_9_qc1983nu_20260805_nonrc\CAN_MTL_1983\MU-L\MU-L_EEM_J_DEFAULT_20260805_094634\results
CAN_MTL_1983,MU-L,MU-L,EEM_J_DHW_ONLY,0,0,1,0,simulated,230.4697,123.9373,15.5342,14.5547,16.0072,36.9605,18.7005,77.2731,tier3,448.05,07-04 h18,27.1,411.12,01-02 h01,-23.0,18,6859,0_BEM_Setup/SimResults_neighbourhoods/option_9_qc1983nu_20260805_nonrc\CAN_MTL_1983\MU-L\MU-L_EEM_J_DHW_ONLY_20260805_094657\results
CAN_MTL_1983,MU-L,MU-L,EEM_J_DHW_ONLY_EEM4,0,0,1,1,simulated,216.1059,132.6015,12.0006,14.5749,6.8178,28.7435,16.5949,77.2731,tier3,373.56,07-04 h12,27.1,355.43,12-25 h09,1.7,2,7741,0_BEM_Setup\SimResults_neighbourhoods\option_9_qc1983nu_20260805_nonrc\CAN_MTL_1983\MU-L\MU-L_EEM_J_DHW_ONLY_EEM4_20260808_120936\results
CAN_MTL_1983,MU-L,MU-L,EEM_J_EEM4_ONLY,0,0,0,1,simulated,245.1951,130.3569,12.1303,45.855,6.8178,28.7435,16.5193,77.2731,tier3,431.9,07-04 h18,27.1,414.84,12-25 h09,1.7,2,6283,0_BEM_Setup\SimResults_neighbourhoods\option_9_qc1983nu_20260805_nonrc\CAN_MTL_1983\MU-L\MU-L_EEM_J_EEM4_ONLY_20260808_120921\results
CAN_MTL_1983,MU-L,MU-L,EEM_J_ENVELOPE,1,0,0,0,simulated,183.4397,53.0182,13.5417,45.7851,16.0865,36.9605,13.2648,77.2731,tier3,404.36,07-04 h18,27.1,404.04,02-20 h07,-12.3,22,5381,0_BEM_Setup/SimResults_neighbourhoods/option_9_qc1983nu_20260805_nonrc\CAN_MTL_1983\MU-L\MU-L_EEM_J_ENVELOPE_20260805_094645\results
CAN_MTL_1983,MU-L,MU-L,EEM_J_ENVELOPE_EEM4,1,0,0,1,simulated,163.5917,58.1178,9.1213,45.8077,6.9142,28.7435,10.108,77.2731,tier3,313.61,01-02 h07,-23.5,313.61,01-02 h07,-23.5,13,6268,0_BEM_Setup/SimResults_neighbourhoods/option_9_qc1983nu_20260805_nonrc\CAN_MTL_1983\MU-L\MU-L_EEM_J_ENVELOPE_EEM4_20260805_094841\results
CAN_MTL_1983,MU-L,MU-L,EEM_J_ENV_DHW,1,0,1,0,simulated,153.6415,54.7959,13.3036,14.4105,16.0865,36.9605,13.3008,77.2731,tier3,381.43,07-19 h12,31.8,362.18,02-20 h07,-12.3,22,6838,0_BEM_Setup/SimResults_neighbourhoods/option_9_qc1983nu_20260805_nonrc\CAN_MTL_1983\MU-L\MU-L_EEM_J_ENV_DHW_20260805_094800\results
CAN_MTL_1983,MU-L,MU-L,EEM_J_ENV_DHW_EEM4,1,0,1,1,simulated,134.1656,60.1349,8.9112,14.5023,6.9142,28.7435,10.1799,77.2731,tier3,298.24,07-19 h12,31.8,257.57,01-02 h17,-17.1,8,7723,0_BEM_Setup/SimResults_neighbourhoods/option_9_qc1983nu_20260805_nonrc\CAN_MTL_1983\MU-L\MU-L_EEM_J_ENV_DHW_EEM4_20260805_094910\results
CAN_MTL_1983,MU-L,MU-L,EEM_J_ENV_HVAC,1,1,0,0,simulated,145.3919,17.7372,9.6385,45.831,16.0865,36.9605,14.4218,77.2731,tier3,505.78,01-03 h19,-2.0,505.78,01-03 h19,-2.0,22,5688,0_BEM_Setup/SimResults_neighbourhoods/option_9_qc1983nu_20260805_nonrc\CAN_MTL_1983\MU-L\MU-L_EEM_J_ENV_HVAC_20260805_094718\results
CAN_MTL_1983,MU-L,MU-L,EEM_J_ENV_HVAC_DHW,1,1,1,0,simulated,115.4748,19.3461,9.4675,14.4218,16.0865,36.9605,14.4764,77.2731,tier3,465.66,01-03 h19,-2.0,465.66,01-03 h19,-2.0,31,7149,0_BEM_Setup/SimResults_neighbourhoods/option_9_qc1983nu_20260805_nonrc\CAN_MTL_1983\MU-L\MU-L_EEM_J_ENV_HVAC_DHW_20260805_094808\results
CAN_MTL_1983,MU-L,MU-L,EEM_J_ENV_HVAC_DHW_EEM4,1,1,1,1,simulated,93.8961,21.2283,6.2863,14.512,6.9142,28.7435,11.5058,77.2731,tier3,314.09,01-31 h09,-15.4,314.09,01-31 h09,-15.4,20,8027,0_BEM_Setup/SimResults_neighbourhoods/option_9_qc1983nu_20260805_nonrc\CAN_MTL_1983\MU-L\MU-L_EEM_J_ENV_HVAC_DHW_EEM4_20260805_094916\results
CAN_MTL_1983,MU-L,MU-L,EEM_J_ENV_HVAC_EEM4,1,1,0,1,simulated,123.7063,19.5838,6.4483,45.8893,6.9142,28.7435,11.422,77.2731,tier3,345.74,01-03 h19,-2.0,345.74,01-03 h19,-2.0,12,6567,0_BEM_Setup/SimResults_neighbourhoods/option_9_qc1983nu_20260805_nonrc\CAN_MTL_1983\MU-L\MU-L_EEM_J_ENV_HVAC_EEM4_20260805_094848\results
CAN_MTL_1983,MU-L,MU-L,EEM_J_HVAC_DHW,0,1,1,0,simulated,150.4225,46.2684,11.0518,14.5764,16.0072,36.9605,20.8467,77.2731,tier3,558.29,01-03 h19,-2.0,558.29,01-03 h19,-2.0,4,7165,0_BEM_Setup/SimResults_neighbourhoods/option_9_qc1983nu_20260805_nonrc\CAN_MTL_1983\MU-L\MU-L_EEM_J_HVAC_DHW_20260805_094806\results
CAN_MTL_1983,MU-L,MU-L,EEM_J_HVAC_DHW_EEM4,0,1,1,1,simulated,131.0307,48.8728,8.4231,14.573,6.8178,28.7435,18.9033,77.2731,tier3,454.35,01-13 h19,-21.8,454.35,01-13 h19,-21.8,2,8043,0_BEM_Setup\SimResults_neighbourhoods\option_9_qc1983nu_20260805_nonrc\CAN_MTL_1983\MU-L\MU-L_EEM_J_HVAC_DHW_EEM4_20260808_120940\results
CAN_MTL_1983,MU-L,MU-L,EEM_J_HVAC_ONLY,0,1,0,0,simulated,180.1593,44.6266,11.176,45.8974,16.0072,36.9605,20.7796,77.2731,tier3,608.82,01-03 h19,-2.0,608.82,01-03 h19,-2.0,4,5704,0_BEM_Setup/SimResults_neighbourhoods/option_9_qc1983nu_20260805_nonrc\CAN_MTL_1983\MU-L\MU-L_EEM_J_HVAC_ONLY_20260805_094653\results
CAN_MTL_1983,MU-L,MU-L,EEM_J_HVAC_ONLY_EEM4,0,1,0,1,simulated,160.7154,47.1891,8.5269,45.9329,6.8178,28.7435,18.8089,77.2731,tier3,489.91,01-13 h19,-21.8,489.91,01-13 h19,-21.8,2,6590,0_BEM_Setup\SimResults_neighbourhoods\option_9_qc1983nu_20260805_nonrc\CAN_MTL_1983\MU-L\MU-L_EEM_J_HVAC_ONLY_EEM4_20260808_120933\results
CAN_MTL_1983,MU-S1,MU-S1,EEM_J_DEFAULT,0,0,0,0,simulated,271.3039,108.4847,15.7844,43.3061,33.4165,38.3304,19.4003,2.7652,native,1157.03,01-03 h09,-11.5,1157.03,01-03 h09,-11.5,4,7715,0_BEM_Setup/SimResults_neighbourhoods/option_9_qc1983nu_20260805_nonrc\CAN_MTL_1983\MU-S1\MU-S1_EEM_J_DEFAULT_20260805_094922\results
CAN_MTL_1983,MU-S1,MU-S1,EEM_J_DHW_ONLY,0,0,1,0,simulated,243.2199,112.4938,15.1622,11.8098,33.607,38.3304,19.2361,74.125,tier3,1059.81,01-03 h10,-10.8,1059.81,01-03 h10,-10.8,7,9561,0_BEM_Setup/SimResults_neighbourhoods/option_9_qc1983nu_20260805_nonrc\CAN_MTL_1983\MU-S1\MU-S1_EEM_J_DHW_ONLY_20260805_094935\results
CAN_MTL_1983,MU-S1,MU-S1,EEM_J_DHW_ONLY_EEM4,0,0,1,1,simulated,226.7862,127.3108,11.5978,11.8501,15.761,30.7192,17.0448,74.125,tier3,800.19,01-03 h10,-10.8,800.19,01-03 h10,-10.8,6,10913,0_BEM_Setup\SimResults_neighbourhoods\option_9_qc1983nu_20260805_nonrc\CAN_MTL_1983\MU-S1\MU-S1_EEM_J_DHW_ONLY_EEM4_20260808_120959\results
CAN_MTL_1983,MU-S1,MU-S1,EEM_J_EEM4_ONLY,0,0,0,1,simulated,254.1863,123.2747,11.675,43.3192,15.761,30.7192,16.936,74.125,tier3,837.68,01-03 h09,-11.5,837.68,01-03 h09,-11.5,5,9061,0_BEM_Setup\SimResults_neighbourhoods\option_9_qc1983nu_20260805_nonrc\CAN_MTL_1983\MU-S1\MU-S1_EEM_J_EEM4_ONLY_20260808_120945\results
CAN_MTL_1983,MU-S1,MU-S1,EEM_J_ENVELOPE,1,0,0,0,simulated,217.7327,57.5362,14.7964,43.2739,33.9833,38.3304,17.0711,73.9088,tier3,963.38,09-04 h08,18.2,937.5,01-03 h09,-12.4,4,7718,0_BEM_Setup/SimResults_neighbourhoods/option_9_qc1983nu_20260805_nonrc\CAN_MTL_1983\MU-S1\MU-S1_EEM_J_ENVELOPE_20260805_094926\results
CAN_MTL_1983,MU-S1,MU-S1,EEM_J_ENVELOPE_EEM4,1,0,0,1,simulated,187.4146,62.78,8.9198,43.2724,16.0354,30.7192,13.1496,74.1277,tier3,663.09,07-17 h13,31.6,646.07,01-03 h09,-11.5,12,9082,0_BEM_Setup/SimResults_neighbourhoods/option_9_qc1983nu_20260805_nonrc\CAN_MTL_1983\MU-S1\MU-S1_EEM_J_ENVELOPE_EEM4_20260805_095112\results
CAN_MTL_1983,MU-S1,MU-S1,EEM_J_ENV_DHW,1,0,1,0,simulated,185.4246,58.9512,13.6966,11.803,33.9846,38.3304,15.9119,74.1277,tier3,829.26,01-03 h09,-11.5,829.26,01-03 h09,-11.5,19,9567,0_BEM_Setup/SimResults_neighbourhoods/option_9_qc1983nu_20260805_nonrc\CAN_MTL_1983\MU-S1\MU-S1_EEM_J_ENV_DHW_20260805_095050\results
CAN_MTL_1983,MU-S1,MU-S1,EEM_J_ENV_DHW_EEM4,1,0,1,1,simulated,159.851,66.7339,8.7843,11.8001,16.0354,30.7192,13.2411,74.1277,tier3,616.73,01-03 h11,-10.5,616.73,01-03 h11,-10.5,14,10934,0_BEM_Setup/SimResults_neighbourhoods/option_9_qc1983nu_20260805_nonrc\CAN_MTL_1983\MU-S1\MU-S1_EEM_J_ENV_DHW_EEM4_20260805_095136\results
CAN_MTL_1983,MU-S1,MU-S1,EEM_J_ENV_HVAC,1,1,0,0,simulated,174.1315,16.3409,10.9013,43.3132,33.9833,38.3304,18.5491,73.9088,tier3,1226.03,01-03 h09,-12.4,1226.03,01-03 h09,-12.4,10,8484,0_BEM_Setup/SimResults_neighbourhoods/option_9_qc1983nu_20260805_nonrc\CAN_MTL_1983\MU-S1\MU-S1_EEM_J_ENV_HVAC_20260805_094948\results
CAN_MTL_1983,MU-S1,MU-S1,EEM_J_ENV_HVAC_DHW,1,1,1,0,simulated,146.3521,19.8926,10.7829,12.0327,33.9833,38.3304,18.6181,73.9088,tier3,1149.77,01-03 h10,-11.1,1149.77,01-03 h10,-11.1,23,10084,0_BEM_Setup/SimResults_neighbourhoods/option_9_qc1983nu_20260805_nonrc\CAN_MTL_1983\MU-S1\MU-S1_EEM_J_ENV_HVAC_DHW_20260805_095103\results
CAN_MTL_1983,MU-S1,MU-S1,EEM_J_ENV_HVAC_DHW_EEM4,1,1,1,1,simulated,114.8094,20.9942,6.8771,11.9981,16.0338,30.7192,15.6864,73.9088,tier3,793.26,01-03 h10,-11.1,793.26,01-03 h10,-11.1,7,11414,0_BEM_Setup/SimResults_neighbourhoods/option_9_qc1983nu_20260805_nonrc\CAN_MTL_1983\MU-S1\MU-S1_EEM_J_ENV_HVAC_DHW_EEM4_20260805_095143\results
CAN_MTL_1983,MU-S1,MU-S1,EEM_J_ENV_HVAC_EEM4,1,1,0,1,simulated,140.5594,16.6324,6.4459,43.358,16.0354,30.7192,14.8638,74.1277,tier3,772.72,01-13 h20,-22.6,772.72,01-13 h20,-22.6,12,9843,0_BEM_Setup/SimResults_neighbourhoods/option_9_qc1983nu_20260805_nonrc\CAN_MTL_1983\MU-S1\MU-S1_EEM_J_ENV_HVAC_EEM4_20260805_095119\results
CAN_MTL_1983,MU-S1,MU-S1,EEM_J_HVAC_DHW,0,1,1,0,simulated,165.3795,36.5775,10.75,11.8207,33.607,38.3304,21.6584,74.125,tier3,1302.61,01-03 h09,-11.5,1302.61,01-03 h09,-11.5,10,10302,0_BEM_Setup/SimResults_neighbourhoods/option_9_qc1983nu_20260805_nonrc\CAN_MTL_1983\MU-S1\MU-S1_EEM_J_HVAC_DHW_20260805_095101\results
CAN_MTL_1983,MU-S1,MU-S1,EEM_J_HVAC_DHW_EEM4,0,1,1,1,simulated,138.6172,40.3005,7.8046,11.8396,15.761,30.7192,19.6361,74.125,tier3,1155.86,01-13 h21,-24.0,1155.86,01-13 h21,-24.0,4,11657,0_BEM_Setup\SimResults_neighbourhoods\option_9_qc1983nu_20260805_nonrc\CAN_MTL_1983\MU-S1\MU-S1_EEM_J_HVAC_DHW_EEM4_20260808_121009\results
CAN_MTL_1983,MU-S1,MU-S1,EEM_J_HVAC_ONLY,0,1,0,0,simulated,193.3014,32.9626,10.8324,43.3588,33.607,38.3304,21.5738,74.125,tier3,1354.92,01-03 h09,-11.5,1354.92,01-03 h09,-11.5,8,8466,0_BEM_Setup/SimResults_neighbourhoods/option_9_qc1983nu_20260805_nonrc\CAN_MTL_1983\MU-S1\MU-S1_EEM_J_HVAC_ONLY_20260805_094927\results
CAN_MTL_1983,MU-S1,MU-S1,EEM_J_HVAC_ONLY_EEM4,0,1,0,1,simulated,166.4467,36.6298,7.8672,43.3953,15.761,30.7192,19.5182,74.125,tier3,1163.7,01-13 h21,-24.0,1163.7,01-13 h21,-24.0,4,9814,0_BEM_Setup\SimResults_neighbourhoods\option_9_qc1983nu_20260805_nonrc\CAN_MTL_1983\MU-S1\MU-S1_EEM_J_HVAC_ONLY_EEM4_20260808_120949\results
CAN_MTL_1983,MU-S2,MU-S2,EEM_J_DEFAULT,0,0,0,0,simulated,279.2046,118.6177,16.9919,44.6162,34.1049,29.0319,19.7371,0.9021,native,755.07,07-04 h18,27.1,710.24,12-25 h09,1.7,2,5285,0_BEM_Setup/SimResults_neighbourhoods/option_9_qc1983nu_20260805_nonrc\CAN_MTL_1983\MU-S2\MU-S2_EEM_J_DEFAULT_20260805_095145\results
CAN_MTL_1983,MU-S2,MU-S2,EEM_J_DHW_ONLY,0,0,1,0,simulated,253.8433,123.2279,16.2601,15.0673,34.4994,29.0319,19.6568,100.1564,tier3,692.7,07-04 h19,26.3,650.1,12-25 h11,1.4,14,7035,0_BEM_Setup/SimResults_neighbourhoods/option_9_qc1983nu_20260805_nonrc\CAN_MTL_1983\MU-S2\MU-S2_EEM_J_DHW_ONLY_20260805_095237\results
CAN_MTL_1983,MU-S2,MU-S2,EEM_J_DHW_ONLY_EEM4,0,0,1,1,simulated,236.2265,135.8596,12.8781,15.0562,16.1775,22.0382,18.2247,100.1564,tier3,573.43,07-04 h10,26.5,537.21,12-25 h09,1.7,2,8145,0_BEM_Setup\SimResults_neighbourhoods\option_9_qc1983nu_20260805_nonrc\CAN_MTL_1983\MU-S2\MU-S2_EEM_J_DHW_ONLY_EEM4_20260808_121147\results
CAN_MTL_1983,MU-S2,MU-S2,EEM_J_EEM4_ONLY,0,0,0,1,simulated,262.5982,132.6298,13.0075,44.6262,16.1775,22.0382,18.1273,100.1564,tier3,619.27,07-04 h18,27.1,598.59,12-25 h09,1.7,2,6395,0_BEM_Setup\SimResults_neighbourhoods\option_9_qc1983nu_20260805_nonrc\CAN_MTL_1983\MU-S2\MU-S2_EEM_J_EEM4_ONLY_20260808_121128\results
CAN_MTL_1983,MU-S2,MU-S2,EEM_J_ENVELOPE,1,0,0,0,simulated,211.005,56.1372,14.1466,44.5653,34.9616,29.0319,15.8382,100.1567,tier3,619.09,07-04 h18,27.1,612.98,12-25 h19,0.9,2,5283,0_BEM_Setup/SimResults_neighbourhoods/option_9_qc1983nu_20260805_nonrc\CAN_MTL_1983\MU-S2\MU-S2_EEM_J_ENVELOPE_20260805_095201\results
CAN_MTL_1983,MU-S2,MU-S2,EEM_J_ENVELOPE_EEM4,1,0,0,1,simulated,189.2577,67.3514,8.8987,44.5762,16.5094,22.0382,13.8524,100.1567,tier3,451.83,07-04 h18,27.1,451.08,12-25 h19,0.9,2,6396,0_BEM_Setup/SimResults_neighbourhoods/option_9_qc1983nu_20260805_nonrc\CAN_MTL_1983\MU-S2\MU-S2_EEM_J_ENVELOPE_EEM4_20260805_095412\results
CAN_MTL_1983,MU-S2,MU-S2,EEM_J_ENV_DHW,1,0,1,0,simulated,184.3151,59.1576,13.909,15.0322,34.9616,29.0319,15.8984,100.1567,tier3,592.61,12-25 h19,0.9,592.61,12-25 h19,0.9,2,7033,0_BEM_Setup/SimResults_neighbourhoods/option_9_qc1983nu_20260805_nonrc\CAN_MTL_1983\MU-S2\MU-S2_EEM_J_ENV_DHW_20260805_095308\results
CAN_MTL_1983,MU-S2,MU-S2,EEM_J_ENV_DHW_EEM4,1,0,1,1,simulated,162.6494,70.4252,8.6928,15.0275,16.5094,22.0382,13.925,100.1567,tier3,437.3,09-04 h10,20.7,402.55,01-16 h19,-2.6,11,8147,0_BEM_Setup/SimResults_neighbourhoods/option_9_qc1983nu_20260805_nonrc\CAN_MTL_1983\MU-S2\MU-S2_EEM_J_ENV_DHW_EEM4_20260805_095422\results
CAN_MTL_1983,MU-S2,MU-S2,EEM_J_ENV_HVAC,1,1,0,0,simulated,167.2649,14.8804,10.1126,44.6105,34.9616,29.0319,17.3321,100.1567,tier3,674.3,02-21 h19,-6.4,674.3,02-21 h19,-6.4,4,5686,0_BEM_Setup/SimResults_neighbourhoods/option_9_qc1983nu_20260805_nonrc\CAN_MTL_1983\MU-S2\MU-S2_EEM_J_ENV_HVAC_20260805_095305\results
CAN_MTL_1983,MU-S2,MU-S2,EEM_J_ENV_HVAC_DHW,1,1,1,0,simulated,140.2595,17.5184,9.939,15.0555,34.9616,29.0319,17.4167,100.1567,tier3,654.63,01-03 h19,-2.0,654.63,01-03 h19,-2.0,26,7430,0_BEM_Setup/SimResults_neighbourhoods/option_9_qc1983nu_20260805_nonrc\CAN_MTL_1983\MU-S2\MU-S2_EEM_J_ENV_HVAC_DHW_20260805_095335\results
CAN_MTL_1983,MU-S2,MU-S2,EEM_J_ENV_HVAC_DHW_EEM4,1,1,1,1,simulated,110.2854,18.8558,6.0308,15.0549,16.5094,22.0382,15.7528,100.1567,tier3,465.49,01-11 h19,-21.6,465.49,01-11 h19,-21.6,16,8536,0_BEM_Setup/SimResults_neighbourhoods/option_9_qc1983nu_20260805_nonrc\CAN_MTL_1983\MU-S2\MU-S2_EEM_J_ENV_HVAC_DHW_EEM4_20260805_095431\results
CAN_MTL_1983,MU-S2,MU-S2,EEM_J_ENV_HVAC_EEM4,1,1,0,1,simulated,137.3266,16.2173,6.1918,44.6687,16.5094,22.0382,15.657,100.1567,tier3,469.07,01-17 h08,2.7,469.07,01-17 h08,2.7,2,6790,0_BEM_Setup/SimResults_neighbourhoods/option_9_qc1983nu_20260805_nonrc\CAN_MTL_1983\MU-S2\MU-S2_EEM_J_ENV_HVAC_EEM4_20260805_095418\results
CAN_MTL_1983,MU-S2,MU-S2,EEM_J_HVAC_DHW,0,1,1,0,simulated,161.5522,33.4687,10.9832,15.0832,34.4994,29.0319,22.2478,100.1564,tier3,781.0,01-03 h20,-3.5,781.0,01-03 h20,-3.5,15,7428,0_BEM_Setup/SimResults_neighbourhoods/option_9_qc1983nu_20260805_nonrc\CAN_MTL_1983\MU-S2\MU-S2_EEM_J_HVAC_DHW_20260805_095324\results
CAN_MTL_1983,MU-S2,MU-S2,EEM_J_HVAC_DHW_EEM4,0,1,1,1,simulated,134.2704,35.5976,8.1989,15.0888,16.1775,22.0382,21.0386,100.1564,tier3,617.28,01-11 h19,-21.6,617.28,01-11 h19,-21.6,2,8532,0_BEM_Setup\SimResults_neighbourhoods\option_9_qc1983nu_20260805_nonrc\CAN_MTL_1983\MU-S2\MU-S2_EEM_J_HVAC_DHW_EEM4_20260808_121152\results
CAN_MTL_1983,MU-S2,MU-S2,EEM_J_HVAC_ONLY,0,1,0,0,simulated,188.5426,30.8315,11.1077,44.6706,34.4994,29.0319,22.1629,100.1564,tier3,800.67,01-14 h19,-19.2,800.67,01-14 h19,-19.2,4,5684,0_BEM_Setup/SimResults_neighbourhoods/option_9_qc1983nu_20260805_nonrc\CAN_MTL_1983\MU-S2\MU-S2_EEM_J_HVAC_ONLY_20260805_095229\results
CAN_MTL_1983,MU-S2,MU-S2,EEM_J_HVAC_ONLY_EEM4,0,1,0,1,simulated,161.1886,32.914,8.3009,44.7024,16.1775,22.0382,20.9251,100.1564,tier3,636.15,01-13 h20,-22.6,636.15,01-13 h20,-22.6,2,6798,0_BEM_Setup\SimResults_neighbourhoods\option_9_qc1983nu_20260805_nonrc\CAN_MTL_1983\MU-S2\MU-S2_EEM_J_HVAC_ONLY_EEM4_20260808_121141\results
CAN_MTL_1983,MU-U1,MU-U1,EEM_J_DEFAULT,0,0,0,0,simulated,172.05,63.7485,13.4109,31.0637,21.4921,24.5633,11.7295,2.2702,native,5399.25,01-02 h09,-22.2,5399.25,01-02 h09,-22.2,3,5012,0_BEM_Setup/SimResults_neighbourhoods/option_9_qc1983nu_20260805_nonrc\CAN_MTL_1983\MU-U1\MU-U1_EEM_J_DEFAULT_20260805_095439\results
CAN_MTL_1983,MU-U1,MU-U1,EEM_J_DHW_ONLY,0,0,1,0,simulated,154.3397,75.5244,11.0657,3.7799,21.5739,24.5633,11.818,20.4701,tier3,5409.93,01-02 h09,-22.2,5409.93,01-02 h09,-22.2,2,5160,0_BEM_Setup/SimResults_neighbourhoods/option_9_qc1983nu_20260805_nonrc\CAN_MTL_1983\MU-U1\MU-U1_EEM_J_DHW_ONLY_20260805_095506\results
CAN_MTL_1983,MU-U1,MU-U1,EEM_J_DHW_ONLY_EEM4,0,0,1,1,simulated,139.9971,88.7172,8.274,3.7304,9.5257,14.0969,9.6995,20.4701,tier3,4073.68,01-02 h08,-23.1,4073.68,01-02 h08,-23.1,2,6005,0_BEM_Setup/SimResults_neighbourhoods/option_9_qc1983nu_20260805_nonrc\CAN_MTL_1983\MU-U1\MU-U1_EEM_J_DHW_ONLY_EEM4_20260805_095635\results
CAN_MTL_1983,MU-U1,MU-U1,EEM_J_EEM4_ONLY,0,0,0,1,simulated,163.1593,84.6026,8.2811,31.0648,9.5257,14.0969,9.6348,20.4701,tier3,3909.77,01-02 h02,-23.0,3909.77,01-02 h02,-23.0,2,5861,0_BEM_Setup/SimResults_neighbourhoods/option_9_qc1983nu_20260805_nonrc\CAN_MTL_1983\MU-U1\MU-U1_EEM_J_EEM4_ONLY_20260805_095620\results
CAN_MTL_1983,MU-U1,MU-U1,EEM_J_ENVELOPE,1,0,0,0,simulated,126.5029,24.2415,9.8008,31.0614,21.6489,24.5633,9.1816,20.4701,tier3,3424.06,01-02 h17,-17.1,3424.06,01-02 h17,-17.1,2,5024,0_BEM_Setup/SimResults_neighbourhoods/option_9_qc1983nu_20260805_nonrc\CAN_MTL_1983\MU-U1\MU-U1_EEM_J_ENVELOPE_20260805_095444\results
CAN_MTL_1983,MU-U1,MU-U1,EEM_J_ENVELOPE_EEM4,1,0,0,1,simulated,105.1836,30.8491,6.7163,31.0635,9.6214,14.0969,6.8766,20.4701,tier3,2474.9,01-02 h17,-17.1,2474.9,01-02 h17,-17.1,8,5868,0_BEM_Setup/SimResults_neighbourhoods/option_9_qc1983nu_20260805_nonrc\CAN_MTL_1983\MU-U1\MU-U1_EEM_J_ENVELOPE_EEM4_20260805_095626\results
CAN_MTL_1983,MU-U1,MU-U1,EEM_J_ENV_DHW,1,0,1,0,simulated,103.2595,28.3462,9.7859,3.664,21.6489,24.5633,9.2456,20.4701,tier3,3575.65,01-02 h09,-22.2,3575.65,01-02 h09,-22.2,2,5176,0_BEM_Setup/SimResults_neighbourhoods/option_9_qc1983nu_20260805_nonrc\CAN_MTL_1983\MU-U1\MU-U1_EEM_J_ENV_DHW_20260805_095551\results
CAN_MTL_1983,MU-U1,MU-U1,EEM_J_ENV_DHW_EEM4,1,0,1,1,simulated,81.987,34.9563,6.7074,3.7042,9.6214,14.0969,6.9412,20.4701,tier3,2584.66,01-02 h09,-22.2,2584.66,01-02 h09,-22.2,10,6018,0_BEM_Setup/SimResults_neighbourhoods/option_9_qc1983nu_20260805_nonrc\CAN_MTL_1983\MU-U1\MU-U1_EEM_J_ENV_DHW_EEM4_20260805_095651\results
CAN_MTL_1983,MU-U1,MU-U1,EEM_J_ENV_HVAC,1,1,0,0,simulated,111.5528,7.4491,11.3364,31.067,21.6489,24.5633,9.5032,20.4701,tier3,4339.17,01-02 h09,-22.2,4339.17,01-02 h09,-22.2,4,5051,0_BEM_Setup/SimResults_neighbourhoods/option_9_qc1983nu_20260805_nonrc\CAN_MTL_1983\MU-U1\MU-U1_EEM_J_ENV_HVAC_20260805_095525\results
CAN_MTL_1983,MU-U1,MU-U1,EEM_J_ENV_HVAC_DHW,1,1,1,0,simulated,88.3194,11.5165,11.3178,3.7217,21.6489,24.5633,9.5665,20.4701,tier3,4525.08,01-02 h09,-22.2,4525.08,01-02 h09,-22.2,2,5195,0_BEM_Setup/SimResults_neighbourhoods/option_9_qc1983nu_20260805_nonrc\CAN_MTL_1983\MU-U1\MU-U1_EEM_J_ENV_HVAC_DHW_20260805_095602\results
CAN_MTL_1983,MU-U1,MU-U1,EEM_J_ENV_HVAC_DHW_EEM4,1,1,1,1,simulated,62.4643,13.8289,7.9776,3.7172,9.6214,14.0969,7.2938,20.4701,tier3,3231.44,01-03 h09,-11.5,3231.44,01-03 h09,-11.5,8,6043,0_BEM_Setup/SimResults_neighbourhoods/option_9_qc1983nu_20260805_nonrc\CAN_MTL_1983\MU-U1\MU-U1_EEM_J_ENV_HVAC_DHW_EEM4_20260805_095711\results
CAN_MTL_1983,MU-U1,MU-U1,EEM_J_ENV_HVAC_EEM4,1,1,0,1,simulated,85.6748,9.7423,7.9878,31.0679,9.6214,14.0969,7.2299,20.4701,tier3,3142.34,01-02 h17,-17.1,3142.34,01-02 h17,-17.1,9,5891,0_BEM_Setup/SimResults_neighbourhoods/option_9_qc1983nu_20260805_nonrc\CAN_MTL_1983\MU-U1\MU-U1_EEM_J_ENV_HVAC_EEM4_20260805_095643\results
CAN_MTL_1983,MU-U1,MU-U1,EEM_J_HVAC_DHW,0,1,1,0,simulated,107.6762,26.3359,12.9747,3.7143,21.5739,24.5633,12.5386,20.4701,tier3,6778.85,01-02 h09,-22.2,6778.85,01-02 h09,-22.2,2,5176,0_BEM_Setup/SimResults_neighbourhoods/option_9_qc1983nu_20260805_nonrc\CAN_MTL_1983\MU-U1\MU-U1_EEM_J_HVAC_DHW_20260805_095555\results
CAN_MTL_1983,MU-U1,MU-U1,EEM_J_HVAC_DHW_EEM4,0,1,1,1,simulated,83.9541,30.5,9.7694,3.7163,9.5257,14.0969,10.4296,20.4701,tier3,5607.72,01-02 h08,-23.1,5607.72,01-02 h08,-23.1,2,6022,0_BEM_Setup/SimResults_neighbourhoods/option_9_qc1983nu_20260805_nonrc\CAN_MTL_1983\MU-U1\MU-U1_EEM_J_HVAC_DHW_EEM4_20260805_095703\results
CAN_MTL_1983,MU-U1,MU-U1,EEM_J_HVAC_ONLY,0,1,0,0,simulated,130.8863,22.2447,12.9864,31.0676,21.5739,24.5633,12.4749,20.4701,tier3,6607.99,01-02 h09,-22.2,6607.99,01-02 h09,-22.2,2,5027,0_BEM_Setup/SimResults_neighbourhoods/option_9_qc1983nu_20260805_nonrc\CAN_MTL_1983\MU-U1\MU-U1_EEM_J_HVAC_ONLY_20260805_095459\results
CAN_MTL_1983,MU-U1,MU-U1,EEM_J_HVAC_ONLY_EEM4,0,1,0,1,simulated,107.1584,26.4074,9.7778,31.0696,9.5257,14.0969,10.3651,20.4701,tier3,5398.87,01-02 h09,-22.2,5398.87,01-02 h09,-22.2,2,5878,0_BEM_Setup/SimResults_neighbourhoods/option_9_qc1983nu_20260805_nonrc\CAN_MTL_1983\MU-U1\MU-U1_EEM_J_HVAC_ONLY_EEM4_20260805_095633\results
CAN_MTL_1983,MU-W,MU-W,EEM_J_DEFAULT,0,0,0,0,simulated,262.7816,146.7117,10.0221,33.6847,13.5062,33.3253,20.6422,2.6113,native,292.74,07-04 h18,27.1,285.92,12-25 h07,2.1,2,2885,0_BEM_Setup/SimResults_neighbourhoods/option_9_qc1983nu_20260805_nonrc\CAN_MTL_1983\MU-W\MU-W_EEM_J_DEFAULT_20260805_095810\results
CAN_MTL_1983,MU-W,MU-W,EEM_J_DHW_ONLY,0,0,1,0,simulated,241.3153,149.3933,9.7185,9.5401,13.8203,33.3253,20.6277,78.0582,tier3,272.94,07-17 h14,32.5,248.88,12-25 h07,2.1,4,3644,0_BEM_Setup/SimResults_neighbourhoods/option_9_qc1983nu_20260805_nonrc\CAN_MTL_1983\MU-W\MU-W_EEM_J_DHW_ONLY_20260805_095825\results
CAN_MTL_1983,MU-W,MU-W,EEM_J_DHW_ONLY_EEM4,0,0,1,1,simulated,232.3055,155.8146,7.7341,9.5546,6.485,28.3936,19.4368,78.0582,tier3,228.15,11-11 h07,5.1,221.67,12-25 h09,1.7,2,4084,0_BEM_Setup\SimResults_neighbourhoods\option_9_qc1983nu_20260805_nonrc\CAN_MTL_1983\MU-W\MU-W_EEM_J_DHW_ONLY_EEM4_20260808_121307\results
CAN_MTL_1983,MU-W,MU-W,EEM_J_EEM4_ONLY,0,0,0,1,simulated,254.2652,153.6156,7.8152,33.6938,6.485,28.3936,19.3753,78.0582,tier3,255.39,11-11 h07,5.1,252.89,12-25 h07,2.1,2,3325,0_BEM_Setup\SimResults_neighbourhoods\option_9_qc1983nu_20260805_nonrc\CAN_MTL_1983\MU-W\MU-W_EEM_J_EEM4_ONLY_20260808_121248\results
CAN_MTL_1983,MU-W,MU-W,EEM_J_ENVELOPE,1,0,0,0,simulated,171.0323,65.3879,8.3302,33.6495,14.1129,33.3253,11.3269,78.0587,tier3,233.56,12-25 h19,0.9,233.56,12-25 h19,0.9,8,2876,0_BEM_Setup/SimResults_neighbourhoods/option_9_qc1983nu_20260805_nonrc\CAN_MTL_1983\MU-W\MU-W_EEM_J_ENVELOPE_20260805_095821\results
CAN_MTL_1983,MU-W,MU-W,EEM_J_ENVELOPE_EEM4,1,0,0,1,simulated,158.3145,69.0689,5.9233,33.6678,6.6887,28.3936,9.677,78.0587,tier3,184.91,12-25 h07,2.1,184.91,12-25 h07,2.1,2,3315,0_BEM_Setup/SimResults_neighbourhoods/option_9_qc1983nu_20260805_nonrc\CAN_MTL_1983\MU-W\MU-W_EEM_J_ENVELOPE_EEM4_20260805_095904\results
CAN_MTL_1983,MU-W,MU-W,EEM_J_ENV_DHW,1,0,1,0,simulated,148.405,67.1593,8.1835,9.3751,14.1129,33.3253,11.3487,78.0587,tier3,213.77,07-19 h12,31.8,206.47,12-25 h19,0.9,6,3641,0_BEM_Setup/SimResults_neighbourhoods/option_9_qc1983nu_20260805_nonrc\CAN_MTL_1983\MU-W\MU-W_EEM_J_ENV_DHW_20260805_095846\results
CAN_MTL_1983,MU-W,MU-W,EEM_J_ENV_DHW_EEM4,1,0,1,1,simulated,136.1619,71.1842,5.7963,9.4777,6.6887,28.3936,9.726,78.0587,tier3,167.18,07-17 h13,31.6,162.79,02-20 h07,-12.3,6,4069,0_BEM_Setup/SimResults_neighbourhoods/option_9_qc1983nu_20260805_nonrc\CAN_MTL_1983\MU-W\MU-W_EEM_J_ENV_DHW_EEM4_20260805_095910\results
CAN_MTL_1983,MU-W,MU-W,EEM_J_ENV_HVAC,1,1,0,0,simulated,128.5382,23.6506,6.1594,33.6978,14.1129,33.3253,12.7736,78.0587,tier3,299.94,01-02 h19,-16.7,299.94,01-02 h19,-16.7,8,3040,0_BEM_Setup/SimResults_neighbourhoods/option_9_qc1983nu_20260805_nonrc\CAN_MTL_1983\MU-W\MU-W_EEM_J_ENV_HVAC_20260805_095829\results
CAN_MTL_1983,MU-W,MU-W,EEM_J_ENV_HVAC_DHW,1,1,1,0,simulated,106.0007,25.463,6.056,9.4224,14.1129,33.3253,12.8031,78.0587,tier3,287.63,01-02 h19,-16.7,287.63,01-02 h19,-16.7,7,3805,0_BEM_Setup/SimResults_neighbourhoods/option_9_qc1983nu_20260805_nonrc\CAN_MTL_1983\MU-W\MU-W_EEM_J_ENV_HVAC_DHW_20260805_095854\results
CAN_MTL_1983,MU-W,MU-W,EEM_J_ENV_HVAC_DHW_EEM4,1,1,1,1,simulated,91.8433,26.9085,4.2774,9.4939,6.6887,28.3936,11.276,78.0587,tier3,212.28,01-03 h12,-8.8,212.28,01-03 h12,-8.8,4,4231,0_BEM_Setup/SimResults_neighbourhoods/option_9_qc1983nu_20260805_nonrc\CAN_MTL_1983\MU-W\MU-W_EEM_J_ENV_HVAC_DHW_EEM4_20260805_095916\results
CAN_MTL_1983,MU-W,MU-W,EEM_J_ENV_HVAC_EEM4,1,1,0,1,simulated,114.2601,25.0495,4.374,33.7395,6.6887,28.3936,11.2104,78.0587,tier3,223.89,01-02 h08,-23.1,223.89,01-02 h08,-23.1,2,3472,0_BEM_Setup/SimResults_neighbourhoods/option_9_qc1983nu_20260805_nonrc\CAN_MTL_1983\MU-W\MU-W_EEM_J_ENV_HVAC_EEM4_20260805_095907\results
CAN_MTL_1983,MU-W,MU-W,EEM_J_HVAC_DHW,0,1,1,0,simulated,156.5188,64.7604,7.2169,9.5624,13.8203,33.3253,23.0214,78.0582,tier3,379.83,01-02 h19,-16.7,379.83,01-02 h19,-16.7,6,3807,0_BEM_Setup/SimResults_neighbourhoods/option_9_qc1983nu_20260805_nonrc\CAN_MTL_1983\MU-W\MU-W_EEM_J_HVAC_DHW_20260805_095854\results
CAN_MTL_1983,MU-W,MU-W,EEM_J_HVAC_DHW_EEM4,0,1,1,1,simulated,143.2993,66.4827,5.6938,9.556,6.485,28.3936,21.8938,78.0582,tier3,319.24,01-02 h11,-19.8,319.24,01-02 h11,-19.8,2,4246,0_BEM_Setup\SimResults_neighbourhoods\option_9_qc1983nu_20260805_nonrc\CAN_MTL_1983\MU-W\MU-W_EEM_J_HVAC_DHW_EEM4_20260808_121318\results
CAN_MTL_1983,MU-W,MU-W,EEM_J_HVAC_ONLY,0,1,0,0,simulated,178.9086,62.9424,7.2915,33.7374,13.8203,33.3253,22.9788,78.0582,tier3,399.4,01-02 h08,-23.1,399.4,01-02 h08,-23.1,5,3053,0_BEM_Setup/SimResults_neighbourhoods/option_9_qc1983nu_20260805_nonrc\CAN_MTL_1983\MU-W\MU-W_EEM_J_HVAC_ONLY_20260805_095824\results
CAN_MTL_1983,MU-W,MU-W,EEM_J_HVAC_ONLY_EEM4,0,1,0,1,simulated,165.6238,64.6096,5.7571,33.7637,6.485,28.3936,21.8211,78.0582,tier3,341.99,01-02 h08,-23.1,341.99,01-02 h08,-23.1,2,3491,0_BEM_Setup\SimResults_neighbourhoods\option_9_qc1983nu_20260805_nonrc\CAN_MTL_1983\MU-W\MU-W_EEM_J_HVAC_ONLY_EEM4_20260808_121252\results
CAN_MTL_1983,MU-W2,MU-W2,EEM_J_DEFAULT,0,0,0,0,simulated,278.0378,177.4478,4.9629,14.5855,19.033,26.6702,30.0961,9.55,native,330.87,01-03 h17,-2.1,330.87,01-03 h17,-2.1,4,2343,0_BEM_Setup/SimResults_neighbourhoods/option_9_qc1983nu_20260805_nonrc\CAN_MTL_1983\MU-W2\MU-W2_EEM_J_DEFAULT_20260805_095918\results
CAN_MTL_1983,MU-W2,MU-W2,EEM_J_DHW_ONLY,0,0,1,0,simulated,267.5855,179.7281,4.7531,1.1666,19.9711,26.6702,30.0537,118.4603,tier3,323.47,01-03 h17,-2.1,323.47,01-03 h17,-2.1,5,2540,0_BEM_Setup/SimResults_neighbourhoods/option_9_qc1983nu_20260805_nonrc\CAN_MTL_1983\MU-W2\MU-W2_EEM_J_DHW_ONLY_20260805_095936\results
CAN_MTL_1983,MU-W2,MU-W2,EEM_J_DHW_ONLY_EEM4,0,0,1,1,simulated,257.2475,185.5733,3.3423,1.2228,9.434,23.8847,28.5505,118.4603,tier3,269.1,11-24 h15,-0.4,261.12,12-20 h17,-10.7,2,2570,0_BEM_Setup/SimResults_neighbourhoods/option_9_qc1983nu_20260805_nonrc\CAN_MTL_1983\MU-W2\MU-W2_EEM_J_DHW_ONLY_EEM4_20260805_100049\results
CAN_MTL_1983,MU-W2,MU-W2,EEM_J_EEM4_ONLY,0,0,0,1,simulated,268.8006,183.7997,3.3286,14.5907,9.434,23.8847,28.5235,118.4603,tier3,265.65,01-03 h17,-2.1,265.65,01-03 h17,-2.1,2,2363,0_BEM_Setup/SimResults_neighbourhoods/option_9_qc1983nu_20260805_nonrc\CAN_MTL_1983\MU-W2\MU-W2_EEM_J_EEM4_ONLY_20260805_100038\results
CAN_MTL_1983,MU-W2,MU-W2,EEM_J_ENVELOPE,1,0,0,0,simulated,161.0297,75.5635,4.5017,14.5778,20.492,26.6702,13.9736,118.4603,tier3,252.94,01-03 h17,-2.1,252.94,01-03 h17,-2.1,2,2327,0_BEM_Setup/SimResults_neighbourhoods/option_9_qc1983nu_20260805_nonrc\CAN_MTL_1983\MU-W2\MU-W2_EEM_J_ENVELOPE_20260805_095933\results
CAN_MTL_1983,MU-W2,MU-W2,EEM_J_ENVELOPE_EEM4,1,0,0,1,simulated,147.4291,80.224,2.5827,14.5845,9.731,23.8847,11.175,118.4603,tier3,168.17,01-03 h17,-2.1,168.17,01-03 h17,-2.1,11,2366,0_BEM_Setup/SimResults_neighbourhoods/option_9_qc1983nu_20260805_nonrc\CAN_MTL_1983\MU-W2\MU-W2_EEM_J_ENVELOPE_EEM4_20260805_100038\results
CAN_MTL_1983,MU-W2,MU-W2,EEM_J_ENV_DHW,1,0,1,0,simulated,149.1348,77.0947,4.5276,1.1094,20.492,26.6702,13.989,118.4603,tier3,253.87,01-03 h15,-5.7,253.87,01-03 h15,-5.7,2,2531,0_BEM_Setup/SimResults_neighbourhoods/option_9_qc1983nu_20260805_nonrc\CAN_MTL_1983\MU-W2\MU-W2_EEM_J_ENV_DHW_20260805_100029\results
CAN_MTL_1983,MU-W2,MU-W2,EEM_J_ENV_DHW_EEM4,1,0,1,1,simulated,135.8533,82.0058,2.5984,1.1842,9.731,23.8847,11.2018,118.4603,tier3,161.36,01-03 h18,-1.9,161.36,01-03 h18,-1.9,7,2567,0_BEM_Setup/SimResults_neighbourhoods/option_9_qc1983nu_20260805_nonrc\CAN_MTL_1983\MU-W2\MU-W2_EEM_J_ENV_DHW_EEM4_20260805_100135\results
CAN_MTL_1983,MU-W2,MU-W2,EEM_J_ENV_HVAC,1,1,0,0,simulated,122.0522,36.4141,3.4034,14.6106,20.492,26.6702,15.2851,118.4603,tier3,315.72,01-02 h17,-17.1,315.72,01-02 h17,-17.1,5,2378,0_BEM_Setup/SimResults_neighbourhoods/option_9_qc1983nu_20260805_nonrc\CAN_MTL_1983\MU-W2\MU-W2_EEM_J_ENV_HVAC_20260805_095945\results
CAN_MTL_1983,MU-W2,MU-W2,EEM_J_ENV_HVAC_DHW,1,1,1,0,simulated,110.4305,38.2089,3.4221,1.1677,20.492,26.6702,15.2933,118.4603,tier3,310.07,01-02 h17,-17.1,310.07,01-02 h17,-17.1,2,2588,0_BEM_Setup/SimResults_neighbourhoods/option_9_qc1983nu_20260805_nonrc\CAN_MTL_1983\MU-W2\MU-W2_EEM_J_ENV_HVAC_DHW_20260805_100035\results
CAN_MTL_1983,MU-W2,MU-W2,EEM_J_ENV_HVAC_DHW_EEM4,1,1,1,1,simulated,96.291,41.717,2.0786,1.1998,9.731,23.8847,12.515,118.4603,tier3,218.07,02-22 h15,-3.5,218.07,02-22 h15,-3.5,10,2605,0_BEM_Setup/SimResults_neighbourhoods/option_9_qc1983nu_20260805_nonrc\CAN_MTL_1983\MU-W2\MU-W2_EEM_J_ENV_HVAC_DHW_EEM4_20260805_100151\results
CAN_MTL_1983,MU-W2,MU-W2,EEM_J_ENV_HVAC_EEM4,1,1,0,1,simulated,107.8473,39.888,2.0671,14.6215,9.731,23.8847,12.4908,118.4603,tier3,222.63,01-03 h17,-2.1,222.63,01-03 h17,-2.1,12,2408,0_BEM_Setup/SimResults_neighbourhoods/option_9_qc1983nu_20260805_nonrc\CAN_MTL_1983\MU-W2\MU-W2_EEM_J_ENV_HVAC_EEM4_20260805_100101\results
CAN_MTL_1983,MU-W2,MU-W2,EEM_J_HVAC_DHW,0,1,1,0,simulated,191.822,103.0917,3.7957,1.196,19.9711,26.6702,31.9265,118.4603,tier3,449.93,01-02 h17,-17.1,449.93,01-02 h17,-17.1,7,2568,0_BEM_Setup/SimResults_neighbourhoods/option_9_qc1983nu_20260805_nonrc\CAN_MTL_1983\MU-W2\MU-W2_EEM_J_HVAC_DHW_20260805_100034\results
CAN_MTL_1983,MU-W2,MU-W2,EEM_J_HVAC_DHW_EEM4,0,1,1,1,simulated,179.5708,106.7064,2.7778,1.2127,9.434,23.8847,30.4005,118.4603,tier3,382.6,01-11 h18,-20.5,382.6,01-11 h18,-20.5,2,2603,0_BEM_Setup/SimResults_neighbourhoods/option_9_qc1983nu_20260805_nonrc\CAN_MTL_1983\MU-W2\MU-W2_EEM_J_HVAC_DHW_EEM4_20260805_100146\results
CAN_MTL_1983,MU-W2,MU-W2,EEM_J_HVAC_ONLY,0,1,0,0,simulated,203.4368,101.2979,3.7798,14.6177,19.9711,26.6702,31.9289,118.4603,tier3,454.84,01-02 h17,-17.1,454.84,01-02 h17,-17.1,6,2373,0_BEM_Setup/SimResults_neighbourhoods/option_9_qc1983nu_20260805_nonrc\CAN_MTL_1983\MU-W2\MU-W2_EEM_J_HVAC_ONLY_20260805_095935\results
CAN_MTL_1983,MU-W2,MU-W2,EEM_J_HVAC_ONLY_EEM4,0,1,0,1,simulated,191.1209,104.8775,2.7675,14.6295,9.434,23.8847,30.3737,118.4603,tier3,387.91,01-03 h17,-2.1,387.91,01-03 h17,-2.1,2,2395,0_BEM_Setup/SimResults_neighbourhoods/option_9_qc1983nu_20260805_nonrc\CAN_MTL_1983\MU-W2\MU-W2_EEM_J_HVAC_ONLY_EEM4_20260805_100044\results
CAN_MTL_1983,RC-D,RC-D,EEM_J_DEFAULT,0,0,0,0,simulated,177.7453,67.474,9.3271,27.1618,18.4305,46.5502,7.9435,0.0,native,668.35,01-14 h09,-26.9,668.35,01-14 h09,-26.9,0,354,0_BEM_Setup/SimResults_neighbourhoods/option_9_qc1983nu_20260804_v1\CAN_MTL_1983\RC-D\RC-D_EEM_J_DEFAULT_20260804_100452\results
CAN_MTL_1983,RC-D,RC-D,EEM_J_DHW_ONLY,0,0,1,0,simulated,158.2397,71.504,9.319,3.4519,18.4305,46.5502,8.1259,100.4159,tier3,648.72,01-14 h04,-26.9,648.72,01-14 h04,-26.9,0,1266,0_BEM_Setup/SimResults_neighbourhoods/option_9_qc1983nu_20260804_v1\CAN_MTL_1983\RC-D\RC-D_EEM_J_DHW_ONLY_20260804_100500\results
CAN_MTL_1983,RC-D,RC-D,EEM_J_DHW_ONLY_EEM4,0,0,1,1,simulated,139.0389,80.7728,7.6863,3.4536,10.1368,28.3405,7.7907,100.4159,tier3,649.72,01-14 h04,-26.9,649.72,01-14 h04,-26.9,0,1194,0_BEM_Setup/SimResults_neighbourhoods/option_9_qc1983nu_20260804_v1\CAN_MTL_1983\RC-D\RC-D_EEM_J_DHW_ONLY_EEM4_20260804_100855\results
CAN_MTL_1983,RC-D,RC-D,EEM_J_EEM4_ONLY,0,0,0,1,simulated,158.5436,76.7358,7.6931,27.1715,10.1368,28.3405,7.6078,100.4159,tier3,666.06,01-14 h09,-26.9,666.06,01-14 h09,-26.9,0,282,0_BEM_Setup/SimResults_neighbourhoods/option_9_qc1983nu_20260804_v1\CAN_MTL_1983\RC-D\RC-D_EEM_J_EEM4_ONLY_20260804_100645\results
CAN_MTL_1983,RC-D,RC-D,EEM_J_ENVELOPE,1,0,0,0,simulated,142.851,33.253,10.061,26.0734,18.4305,46.5502,7.6246,100.4159,tier3,484.53,01-14 h08,-27.2,484.53,01-14 h08,-27.2,0,354,0_BEM_Setup/SimResults_neighbourhoods/option_9_qc1983nu_20260804_v1\CAN_MTL_1983\RC-D\RC-D_EEM_J_ENVELOPE_20260804_100452\results
CAN_MTL_1983,RC-D,RC-D,EEM_J_ENVELOPE_EEM4,1,0,0,1,simulated,122.3091,41.384,8.1629,26.0968,10.1368,28.3405,7.33,100.4159,tier3,470.51,01-14 h08,-27.2,470.51,01-14 h08,-27.2,0,354,0_BEM_Setup/SimResults_neighbourhoods/option_9_qc1983nu_20260804_v1\CAN_MTL_1983\RC-D\RC-D_EEM_J_ENVELOPE_EEM4_20260804_100809\results
CAN_MTL_1983,RC-D,RC-D,EEM_J_ENV_DHW,1,0,1,0,simulated,124.2212,37.2827,10.026,3.2766,18.4305,46.5502,7.7969,100.4159,tier3,457.2,01-14 h04,-26.9,457.2,01-14 h04,-26.9,0,1266,0_BEM_Setup/SimResults_neighbourhoods/option_9_qc1983nu_20260804_v1\CAN_MTL_1983\RC-D\RC-D_EEM_J_ENV_DHW_20260804_100553\results
CAN_MTL_1983,RC-D,RC-D,EEM_J_ENV_DHW_EEM4,1,0,1,1,simulated,103.6911,45.4401,8.1306,3.2825,10.1368,28.3405,7.5025,100.4159,tier3,458.11,01-14 h04,-26.9,458.11,01-14 h04,-26.9,0,1266,0_BEM_Setup/SimResults_neighbourhoods/option_9_qc1983nu_20260804_v1\CAN_MTL_1983\RC-D\RC-D_EEM_J_ENV_DHW_EEM4_20260804_100952\results
CAN_MTL_1983,RC-D,RC-D,EEM_J_ENV_HVAC,1,1,0,0,simulated,142.2552,33.253,9.6952,26.0734,18.4305,46.5502,7.3948,100.4159,tier3,484.53,01-14 h08,-27.2,484.53,01-14 h08,-27.2,0,450,0_BEM_Setup/SimResults_neighbourhoods/option_9_qc1983nu_20260804_v1\CAN_MTL_1983\RC-D\RC-D_EEM_J_ENV_HVAC_20260804_100527\results
CAN_MTL_1983,RC-D,RC-D,EEM_J_ENV_HVAC_DHW,1,1,1,0,simulated,123.6271,37.2827,9.6611,3.2766,18.4305,46.5502,7.5678,100.4159,tier3,457.2,01-14 h04,-26.9,457.2,01-14 h04,-26.9,0,1362,0_BEM_Setup/SimResults_neighbourhoods/option_9_qc1983nu_20260804_v1\CAN_MTL_1983\RC-D\RC-D_EEM_J_ENV_HVAC_DHW_20260804_100642\results
CAN_MTL_1983,RC-D,RC-D,EEM_J_ENV_HVAC_DHW_EEM4,1,1,1,1,simulated,103.2801,45.44,7.9008,3.2824,10.1368,28.3405,7.3214,100.4159,tier3,458.11,01-14 h04,-26.9,458.11,01-14 h04,-26.9,0,1362,0_BEM_Setup/SimResults_neighbourhoods/option_9_qc1983nu_20260804_v1\CAN_MTL_1983\RC-D\RC-D_EEM_J_ENV_HVAC_DHW_EEM4_20260804_101009\results
CAN_MTL_1983,RC-D,RC-D,EEM_J_ENV_HVAC_EEM4,1,1,0,1,simulated,121.8957,41.3839,7.9314,26.0968,10.1368,28.3405,7.1481,100.4159,tier3,470.51,01-14 h08,-27.2,470.51,01-14 h08,-27.2,0,450,0_BEM_Setup/SimResults_neighbourhoods/option_9_qc1983nu_20260804_v1\CAN_MTL_1983\RC-D\RC-D_EEM_J_ENV_HVAC_EEM4_20260804_100931\results
CAN_MTL_1983,RC-D,RC-D,EEM_J_HVAC_DHW,0,1,1,0,simulated,157.7181,71.5039,9.0035,3.4519,18.4305,46.5502,7.9199,100.4159,tier3,648.72,01-14 h04,-26.9,648.72,01-14 h04,-26.9,0,1362,0_BEM_Setup/SimResults_neighbourhoods/option_9_qc1983nu_20260804_v1\CAN_MTL_1983\RC-D\RC-D_EEM_J_HVAC_DHW_20260804_100630\results
CAN_MTL_1983,RC-D,RC-D,EEM_J_HVAC_DHW_EEM4,0,1,1,1,simulated,138.6828,80.7726,7.4955,3.4536,10.1368,28.3405,7.6257,100.4159,tier3,649.72,01-14 h04,-26.9,649.72,01-14 h04,-26.9,0,1290,0_BEM_Setup/SimResults_neighbourhoods/option_9_qc1983nu_20260804_v1\CAN_MTL_1983\RC-D\RC-D_EEM_J_HVAC_DHW_EEM4_20260804_101002\results
CAN_MTL_1983,RC-D,RC-D,EEM_J_HVAC_ONLY,0,1,0,0,simulated,177.2241,67.4738,9.0123,27.1616,18.4305,46.5502,7.7375,100.4159,tier3,668.37,01-14 h09,-26.9,668.37,01-14 h09,-26.9,0,450,0_BEM_Setup/SimResults_neighbourhoods/option_9_qc1983nu_20260804_v1\CAN_MTL_1983\RC-D\RC-D_EEM_J_HVAC_ONLY_20260804_100459\results
CAN_MTL_1983,RC-D,RC-D,EEM_J_HVAC_ONLY_EEM4,0,1,0,1,simulated,158.1881,76.7355,7.5029,27.1715,10.1368,28.3405,7.4427,100.4159,tier3,666.06,01-14 h09,-26.9,666.06,01-14 h09,-26.9,0,378,0_BEM_Setup/SimResults_neighbourhoods/option_9_qc1983nu_20260804_v1\CAN_MTL_1983\RC-D\RC-D_EEM_J_HVAC_ONLY_EEM4_20260804_100817\results
CAN_MTL_1983,RC-HR1,RC-HR1,EEM_J_DEFAULT,0,0,0,0,simulated,205.1888,92.6919,18.9587,51.2371,6.2147,19.1672,13.7255,1.8558,native,1208.48,01-03 h01,-14.6,1208.48,01-03 h01,-14.6,0,5761,C:\Users\o_iseri\Desktop\idf_reader\0_BEM_Setup\SimResults_neighbourhoods\option_9_qc1983nu_20260803_v1\CAN_MTL_1983\RC-HR1\RC-HR1_EEM_J_DEFAULT_20260803_204832\results
CAN_MTL_1983,RC-HR1,RC-HR1,EEM_J_DHW_ONLY,0,0,1,0,simulated,170.5598,97.7046,18.3701,12.1415,6.2147,19.1672,13.7727,45.768,tier3,1231.04,01-03 h01,-14.6,1231.04,01-03 h01,-14.6,11,7140,C:\Users\o_iseri\Desktop\idf_reader\0_BEM_Setup\SimResults_neighbourhoods\option_9_qc1983nu_20260803_v1\CAN_MTL_1983\RC-HR1\RC-HR1_EEM_J_DHW_ONLY_20260803_204832\results
CAN_MTL_1983,RC-HR1,RC-HR1,EEM_J_DHW_ONLY_EEM4,0,0,1,1,simulated,163.8359,108.2066,14.0934,12.1792,2.5163,11.0157,12.6593,45.768,tier3,995.99,01-03 h01,-14.6,995.99,01-03 h01,-14.6,8,8400,0_BEM_Setup\SimResults_neighbourhoods\option_9_qc1983nu_20260803_v1\CAN_MTL_1983\RC-HR1\RC-HR1_EEM_J_DHW_ONLY_EEM4_20260808_120338\results
CAN_MTL_1983,RC-HR1,RC-HR1,EEM_J_EEM4_ONLY,0,0,0,1,simulated,198.8971,104.2215,14.1737,51.2418,2.5163,11.0157,12.5628,45.768,tier3,975.67,01-03 h01,-14.6,975.67,01-03 h01,-14.6,0,7018,0_BEM_Setup\SimResults_neighbourhoods\option_9_qc1983nu_20260803_v1\CAN_MTL_1983\RC-HR1\RC-HR1_EEM_J_EEM4_ONLY_20260808_120333\results
CAN_MTL_1983,RC-HR1,RC-HR1,EEM_J_ENVELOPE,1,0,0,0,simulated,136.1014,31.8027,15.0328,51.2077,6.2147,19.1672,9.516,45.768,tier3,745.19,01-03 h09,-11.5,745.19,01-03 h09,-11.5,0,5764,C:\Users\o_iseri\Desktop\idf_reader\0_BEM_Setup\SimResults_neighbourhoods\option_9_qc1983nu_20260803_v1\CAN_MTL_1983\RC-HR1\RC-HR1_EEM_J_ENVELOPE_20260803_204832\results
CAN_MTL_1983,RC-HR1,RC-HR1,EEM_J_ENVELOPE_EEM4,1,0,0,1,simulated,124.3618,37.7625,10.4499,51.2126,2.5981,11.0157,8.1793,45.768,tier3,602.69,01-03 h09,-11.5,602.69,01-03 h09,-11.5,0,7022,C:\Users\o_iseri\Desktop\idf_reader\0_BEM_Setup\SimResults_neighbourhoods\option_9_qc1983nu_20260803_v1\CAN_MTL_1983\RC-HR1\RC-HR1_EEM_J_ENVELOPE_EEM4_20260803_204846\results
CAN_MTL_1983,RC-HR1,RC-HR1,EEM_J_ENV_DHW,1,0,1,0,simulated,100.8422,35.6946,14.8796,12.134,6.2147,19.1672,9.5917,45.768,tier3,785.07,01-03 h09,-11.5,785.07,01-03 h09,-11.5,0,7148,C:\Users\o_iseri\Desktop\idf_reader\0_BEM_Setup\SimResults_neighbourhoods\option_9_qc1983nu_20260803_v1\CAN_MTL_1983\RC-HR1\RC-HR1_EEM_J_ENV_DHW_20260803_204832\results
CAN_MTL_1983,RC-HR1,RC-HR1,EEM_J_ENV_DHW_EEM4,1,0,1,1,simulated,89.1289,41.6844,10.3123,12.1204,2.5981,11.0157,8.2544,45.768,tier3,633.26,01-03 h09,-11.5,633.26,01-03 h09,-11.5,23,8403,C:\Users\o_iseri\Desktop\idf_reader\0_BEM_Setup\SimResults_neighbourhoods\option_9_qc1983nu_20260803_v1\CAN_MTL_1983\RC-HR1\RC-HR1_EEM_J_ENV_DHW_EEM4_20260803_204913\results
CAN_MTL_1983,RC-HR1,RC-HR1,EEM_J_ENV_HVAC,1,1,0,0,simulated,114.7048,9.7358,15.3808,51.2175,6.2147,19.1672,9.849,45.768,tier3,966.15,01-03 h09,-11.5,966.15,01-03 h09,-11.5,0,6073,C:\Users\o_iseri\Desktop\idf_reader\0_BEM_Setup\SimResults_neighbourhoods\option_9_qc1983nu_20260803_v1\CAN_MTL_1983\RC-HR1\RC-HR1_EEM_J_ENV_HVAC_20260803_204832\results
CAN_MTL_1983,RC-HR1,RC-HR1,EEM_J_ENV_HVAC_DHW,1,1,1,0,simulated,79.2558,13.3864,15.2688,12.1385,6.2147,19.1672,9.9404,45.768,tier3,999.7,01-03 h09,-11.5,999.7,01-03 h09,-11.5,18,7446,C:\Users\o_iseri\Desktop\idf_reader\0_BEM_Setup\SimResults_neighbourhoods\option_9_qc1983nu_20260803_v1\CAN_MTL_1983\RC-HR1\RC-HR1_EEM_J_ENV_HVAC_DHW_20260803_204832\results
CAN_MTL_1983,RC-HR1,RC-HR1,EEM_J_ENV_HVAC_DHW_EEM4,1,1,1,1,simulated,63.3196,15.0054,10.7552,12.1196,2.5981,11.0157,8.7131,45.768,tier3,787.02,01-03 h09,-11.5,787.02,01-03 h09,-11.5,10,8699,C:\Users\o_iseri\Desktop\idf_reader\0_BEM_Setup\SimResults_neighbourhoods\option_9_qc1983nu_20260803_v1\CAN_MTL_1983\RC-HR1\RC-HR1_EEM_J_ENV_HVAC_DHW_EEM4_20260803_204914\results
CAN_MTL_1983,RC-HR1,RC-HR1,EEM_J_ENV_HVAC_EEM4,1,1,0,1,simulated,98.8271,11.3671,10.8599,51.2492,2.5981,11.0157,8.6246,45.768,tier3,758.64,01-03 h09,-11.5,758.64,01-03 h09,-11.5,0,7328,C:\Users\o_iseri\Desktop\idf_reader\0_BEM_Setup\SimResults_neighbourhoods\option_9_qc1983nu_20260803_v1\CAN_MTL_1983\RC-HR1\RC-HR1_EEM_J_ENV_HVAC_EEM4_20260803_204910\results
CAN_MTL_1983,RC-HR1,RC-HR1,EEM_J_HVAC_DHW,0,1,1,0,simulated,106.7906,32.4966,18.9534,12.1184,6.2147,19.1672,14.6889,45.768,tier3,1562.21,01-03 h01,-14.6,1562.21,01-03 h01,-14.6,0,7449,C:\Users\o_iseri\Desktop\idf_reader\0_BEM_Setup\SimResults_neighbourhoods\option_9_qc1983nu_20260803_v1\CAN_MTL_1983\RC-HR1\RC-HR1_EEM_J_HVAC_DHW_20260803_204832\results
CAN_MTL_1983,RC-HR1,RC-HR1,EEM_J_HVAC_DHW_EEM4,0,1,1,1,simulated,93.1548,36.2484,14.4449,12.1365,2.5163,11.0157,13.6637,45.768,tier3,1287.94,01-03 h01,-14.6,1287.94,01-03 h01,-14.6,0,8709,0_BEM_Setup\SimResults_neighbourhoods\option_9_qc1983nu_20260803_v1\CAN_MTL_1983\RC-HR1\RC-HR1_EEM_J_HVAC_DHW_EEM4_20260808_120341\results
CAN_MTL_1983,RC-HR1,RC-HR1,EEM_J_HVAC_ONLY,0,1,0,0,simulated,142.2252,28.8245,19.0296,51.2531,6.2147,19.1672,14.5846,45.768,tier3,1544.97,01-03 h01,-14.6,1544.97,01-03 h01,-14.6,0,6070,C:\Users\o_iseri\Desktop\idf_reader\0_BEM_Setup\SimResults_neighbourhoods\option_9_qc1983nu_20260803_v1\CAN_MTL_1983\RC-HR1\RC-HR1_EEM_J_HVAC_ONLY_20260803_204832\results
CAN_MTL_1983,RC-HR1,RC-HR1,EEM_J_HVAC_ONLY_EEM4,0,1,0,1,simulated,128.5747,32.5821,14.5067,51.2685,2.5163,11.0157,13.5562,45.768,tier3,1264.5,01-03 h01,-14.6,1264.5,01-03 h01,-14.6,0,7333,0_BEM_Setup\SimResults_neighbourhoods\option_9_qc1983nu_20260803_v1\CAN_MTL_1983\RC-HR1\RC-HR1_EEM_J_HVAC_ONLY_EEM4_20260808_120336\results
CAN_MTL_1983,RC-HR2,RC-HR2,EEM_J_DEFAULT,0,0,0,0,simulated,206.3265,84.6407,20.7662,56.629,5.8223,19.0293,15.4858,3.3405,native,2367.95,01-02 h02,-23.0,2367.95,01-02 h02,-23.0,0,3997,C:\Users\o_iseri\Desktop\idf_reader\0_BEM_Setup\SimResults_neighbourhoods\option_9_qc1983nu_20260803_v1\CAN_MTL_1983\RC-HR2\RC-HR2_EEM_J_DEFAULT_20260803_204921\results
CAN_MTL_1983,RC-HR2,RC-HR2,EEM_J_DHW_ONLY,0,0,1,0,simulated,164.9392,92.6547,19.9046,8.0476,5.8223,19.0293,15.5365,28.844,tier3,2457.33,01-02 h09,-22.2,2457.33,01-02 h09,-22.2,0,4093,C:\Users\o_iseri\Desktop\idf_reader\0_BEM_Setup\SimResults_neighbourhoods\option_9_qc1983nu_20260803_v1\CAN_MTL_1983\RC-HR2\RC-HR2_EEM_J_DHW_ONLY_20260803_204925\results
CAN_MTL_1983,RC-HR2,RC-HR2,EEM_J_DHW_ONLY_EEM4,0,0,1,1,simulated,159.9479,105.5835,14.8904,8.1531,2.2471,10.8778,14.294,28.844,tier3,2163.11,01-02 h02,-23.0,2163.11,01-02 h02,-23.0,0,4899,0_BEM_Setup\SimResults_neighbourhoods\option_9_qc1983nu_20260803_v1\CAN_MTL_1983\RC-HR2\RC-HR2_EEM_J_DHW_ONLY_EEM4_20260808_120349\results
CAN_MTL_1983,RC-HR2,RC-HR2,EEM_J_EEM4_ONLY,0,0,0,1,simulated,201.8943,99.1675,14.8908,56.6305,2.2471,10.8778,14.1785,28.844,tier3,2097.78,01-02 h02,-23.0,2097.78,01-02 h02,-23.0,0,4799,0_BEM_Setup\SimResults_neighbourhoods\option_9_qc1983nu_20260803_v1\CAN_MTL_1983\RC-HR2\RC-HR2_EEM_J_EEM4_ONLY_20260808_120346\results
CAN_MTL_1983,RC-HR2,RC-HR2,EEM_J_ENVELOPE,1,0,0,0,simulated,139.8922,27.4321,16.5238,56.629,5.8223,19.0293,10.5602,28.844,tier3,1281.75,01-02 h08,-23.1,1281.75,01-02 h08,-23.1,0,3994,C:\Users\o_iseri\Desktop\idf_reader\0_BEM_Setup\SimResults_neighbourhoods\option_9_qc1983nu_20260803_v1\CAN_MTL_1983\RC-HR2\RC-HR2_EEM_J_ENVELOPE_20260803_204922\results
CAN_MTL_1983,RC-HR2,RC-HR2,EEM_J_ENVELOPE_EEM4,1,0,0,1,simulated,128.0265,33.9745,11.3002,56.6284,2.3375,10.8778,9.042,28.844,tier3,1022.23,01-02 h01,-23.0,1022.23,01-02 h01,-23.0,0,4800,C:\Users\o_iseri\Desktop\idf_reader\0_BEM_Setup\SimResults_neighbourhoods\option_9_qc1983nu_20260803_v1\CAN_MTL_1983\RC-HR2\RC-HR2_EEM_J_ENVELOPE_EEM4_20260803_205021\results
CAN_MTL_1983,RC-HR2,RC-HR2,EEM_J_ENV_DHW,1,0,1,0,simulated,97.8772,33.8981,16.5106,8.0468,5.8223,19.0293,10.6746,28.844,tier3,1446.82,01-02 h09,-22.2,1446.82,01-02 h09,-22.2,0,4094,C:\Users\o_iseri\Desktop\idf_reader\0_BEM_Setup\SimResults_neighbourhoods\option_9_qc1983nu_20260803_v1\CAN_MTL_1983\RC-HR2\RC-HR2_EEM_J_ENV_DHW_20260803_204957\results
CAN_MTL_1983,RC-HR2,RC-HR2,EEM_J_ENV_DHW_EEM4,1,0,1,1,simulated,85.9803,40.4226,11.2947,8.0252,2.3375,10.8778,9.1563,28.844,tier3,1174.76,01-02 h21,-16.0,1174.76,01-02 h21,-16.0,0,4900,C:\Users\o_iseri\Desktop\idf_reader\0_BEM_Setup\SimResults_neighbourhoods\option_9_qc1983nu_20260803_v1\CAN_MTL_1983\RC-HR2\RC-HR2_EEM_J_ENV_DHW_EEM4_20260803_205039\results
CAN_MTL_1983,RC-HR2,RC-HR2,EEM_J_ENV_HVAC,1,1,0,0,simulated,125.7761,9.7689,20.0242,56.6295,5.8223,19.0293,10.6393,28.844,tier3,1527.46,01-02 h08,-23.1,1527.46,01-02 h08,-23.1,0,4006,C:\Users\o_iseri\Desktop\idf_reader\0_BEM_Setup\SimResults_neighbourhoods\option_9_qc1983nu_20260803_v1\CAN_MTL_1983\RC-HR2\RC-HR2_EEM_J_ENV_HVAC_20260803_204940\results
CAN_MTL_1983,RC-HR2,RC-HR2,EEM_J_ENV_HVAC_DHW,1,1,1,0,simulated,83.7441,16.2255,20.009,8.0429,5.8223,19.0293,10.7527,28.844,tier3,1708.16,01-02 h09,-22.2,1708.16,01-02 h09,-22.2,0,4089,C:\Users\o_iseri\Desktop\idf_reader\0_BEM_Setup\SimResults_neighbourhoods\option_9_qc1983nu_20260803_v1\CAN_MTL_1983\RC-HR2\RC-HR2_EEM_J_ENV_HVAC_DHW_20260803_205002\results
CAN_MTL_1983,RC-HR2,RC-HR2,EEM_J_ENV_HVAC_DHW_EEM4,1,1,1,1,simulated,67.7278,19.2838,14.1756,8.0126,2.3375,10.8778,9.2285,28.844,tier3,1358.56,01-02 h21,-16.0,1358.56,01-02 h21,-16.0,0,4905,C:\Users\o_iseri\Desktop\idf_reader\0_BEM_Setup\SimResults_neighbourhoods\option_9_qc1983nu_20260803_v1\CAN_MTL_1983\RC-HR2\RC-HR2_EEM_J_ENV_HVAC_DHW_EEM4_20260803_205041\results
CAN_MTL_1983,RC-HR2,RC-HR2,EEM_J_ENV_HVAC_EEM4,1,1,0,1,simulated,109.7643,12.8126,14.1817,56.6287,2.3375,10.8778,9.114,28.844,tier3,1199.54,01-02 h08,-23.1,1199.54,01-02 h08,-23.1,0,4812,C:\Users\o_iseri\Desktop\idf_reader\0_BEM_Setup\SimResults_neighbourhoods\option_9_qc1983nu_20260803_v1\CAN_MTL_1983\RC-HR2\RC-HR2_EEM_J_ENV_HVAC_EEM4_20260803_205034\results
CAN_MTL_1983,RC-HR2,RC-HR2,EEM_J_HVAC_DHW,0,1,1,0,simulated,113.8249,36.984,24.4449,8.0126,5.8223,19.0293,15.6535,28.844,tier3,2924.09,01-02 h09,-22.2,2924.09,01-02 h09,-22.2,0,4098,C:\Users\o_iseri\Desktop\idf_reader\0_BEM_Setup\SimResults_neighbourhoods\option_9_qc1983nu_20260803_v1\CAN_MTL_1983\RC-HR2\RC-HR2_EEM_J_HVAC_DHW_20260803_204959\results
CAN_MTL_1983,RC-HR2,RC-HR2,EEM_J_HVAC_DHW_EEM4,0,1,1,1,simulated,100.9093,42.9373,18.455,8.1708,2.2471,10.8778,14.3814,28.844,tier3,2644.23,01-02 h02,-23.0,2644.23,01-02 h02,-23.0,0,4904,0_BEM_Setup\SimResults_neighbourhoods\option_9_qc1983nu_20260803_v1\CAN_MTL_1983\RC-HR2\RC-HR2_EEM_J_HVAC_DHW_EEM4_20260808_120350\results
CAN_MTL_1983,RC-HR2,RC-HR2,EEM_J_HVAC_ONLY,0,1,0,0,simulated,155.8612,30.5198,24.4435,56.6301,5.8223,19.0293,15.5378,28.844,tier3,2730.58,01-02 h02,-23.0,2730.58,01-02 h02,-23.0,0,4005,C:\Users\o_iseri\Desktop\idf_reader\0_BEM_Setup\SimResults_neighbourhoods\option_9_qc1983nu_20260803_v1\CAN_MTL_1983\RC-HR2\RC-HR2_EEM_J_HVAC_ONLY_20260803_204924\results
CAN_MTL_1983,RC-HR2,RC-HR2,EEM_J_HVAC_ONLY_EEM4,0,1,0,1,simulated,142.8335,36.5178,18.4554,56.6297,2.2471,10.8778,14.2658,28.844,tier3,2579.0,01-02 h02,-23.0,2579.0,01-02 h02,-23.0,0,4811,0_BEM_Setup\SimResults_neighbourhoods\option_9_qc1983nu_20260803_v1\CAN_MTL_1983\RC-HR2\RC-HR2_EEM_J_HVAC_ONLY_EEM4_20260808_120347\results
CAN_MTL_1983,RC-ML,RC-ML,EEM_J_DEFAULT,0,0,0,0,simulated,176.9238,59.1963,8.8193,29.9528,18.4305,51.6957,7.8762,0.0,native,603.87,01-14 h09,-26.9,603.87,01-14 h09,-26.9,0,342,0_BEM_Setup/SimResults_neighbourhoods/option_9_qc1983nu_20260804_v1\CAN_MTL_1983\RC-ML\RC-ML_EEM_J_DEFAULT_20260804_101058\results
CAN_MTL_1983,RC-ML,RC-ML,EEM_J_DHW_ONLY,0,0,1,0,simulated,157.0173,61.396,8.7944,7.7604,18.4305,51.6957,7.9873,92.8205,tier3,598.29,01-14 h03,-27.2,598.29,01-14 h03,-27.2,0,1020,0_BEM_Setup/SimResults_neighbourhoods/option_9_qc1983nu_20260804_v1\CAN_MTL_1983\RC-ML\RC-ML_EEM_J_DHW_ONLY_20260804_101223\results
CAN_MTL_1983,RC-ML,RC-ML,EEM_J_DHW_ONLY_EEM4,0,0,1,1,simulated,136.1347,71.1779,6.9709,7.7658,10.1368,31.4732,7.6571,92.8205,tier3,599.47,01-14 h03,-27.2,599.47,01-14 h03,-27.2,0,984,0_BEM_Setup/SimResults_neighbourhoods/option_9_qc1983nu_20260804_v1\CAN_MTL_1983\RC-ML\RC-ML_EEM_J_DHW_ONLY_EEM4_20260804_101438\results
CAN_MTL_1983,RC-ML,RC-ML,EEM_J_EEM4_ONLY,0,0,0,1,simulated,156.0317,68.9617,6.993,29.9684,10.1368,31.4732,7.5457,92.8205,tier3,605.12,01-14 h09,-26.9,605.12,01-14 h09,-26.9,0,294,0_BEM_Setup/SimResults_neighbourhoods/option_9_qc1983nu_20260804_v1\CAN_MTL_1983\RC-ML\RC-ML_EEM_J_EEM4_ONLY_20260804_101400\results
CAN_MTL_1983,RC-ML,RC-ML,EEM_J_ENVELOPE,1,0,0,0,simulated,144.1834,27.2756,9.626,28.6289,18.4305,51.6957,7.5737,92.8205,tier3,415.76,01-14 h08,-27.2,415.76,01-14 h08,-27.2,0,420,0_BEM_Setup/SimResults_neighbourhoods/option_9_qc1983nu_20260804_v1\CAN_MTL_1983\RC-ML\RC-ML_EEM_J_ENVELOPE_20260804_101122\results
CAN_MTL_1983,RC-ML,RC-ML,EEM_J_ENVELOPE_EEM4,1,0,0,1,simulated,121.6038,35.6128,7.4927,28.6629,10.1368,31.4732,7.2724,92.8205,tier3,416.89,01-14 h08,-27.2,416.89,01-14 h08,-27.2,0,410,0_BEM_Setup/SimResults_neighbourhoods/option_9_qc1983nu_20260804_v1\CAN_MTL_1983\RC-ML\RC-ML_EEM_J_ENVELOPE_EEM4_20260804_101419\results
CAN_MTL_1983,RC-ML,RC-ML,EEM_J_ENV_DHW,1,0,1,0,simulated,125.1824,29.5405,9.559,7.3303,18.4305,51.6957,7.6733,92.8205,tier3,423.26,01-14 h03,-27.2,423.26,01-14 h03,-27.2,0,1110,0_BEM_Setup/SimResults_neighbourhoods/option_9_qc1983nu_20260804_v1\CAN_MTL_1983\RC-ML\RC-ML_EEM_J_ENV_DHW_20260804_101334\results
CAN_MTL_1983,RC-ML,RC-ML,EEM_J_ENV_DHW_EEM4,1,0,1,1,simulated,102.6353,37.9287,7.4324,7.3395,10.1368,31.4732,7.3718,92.8205,tier3,422.21,01-14 h03,-27.2,422.21,01-14 h03,-27.2,0,1095,0_BEM_Setup/SimResults_neighbourhoods/option_9_qc1983nu_20260804_v1\CAN_MTL_1983\RC-ML\RC-ML_EEM_J_ENV_DHW_EEM4_20260804_101549\results
CAN_MTL_1983,RC-ML,RC-ML,EEM_J_ENV_HVAC,1,1,0,0,simulated,143.6095,27.2755,9.2451,28.6289,18.4305,51.6957,7.3806,92.8205,tier3,415.76,01-14 h08,-27.2,415.76,01-14 h08,-27.2,0,486,0_BEM_Setup/SimResults_neighbourhoods/option_9_qc1983nu_20260804_v1\CAN_MTL_1983\RC-ML\RC-ML_EEM_J_ENV_HVAC_20260804_101230\results
CAN_MTL_1983,RC-ML,RC-ML,EEM_J_ENV_HVAC_DHW,1,1,1,0,simulated,124.6146,29.5406,9.1818,7.3303,18.4305,51.6957,7.4828,92.8205,tier3,423.26,01-14 h03,-27.2,423.26,01-14 h03,-27.2,0,1172,0_BEM_Setup/SimResults_neighbourhoods/option_9_qc1983nu_20260804_v1\CAN_MTL_1983\RC-ML\RC-ML_EEM_J_ENV_HVAC_DHW_20260804_101347\results
CAN_MTL_1983,RC-ML,RC-ML,EEM_J_ENV_HVAC_DHW_EEM4,1,1,1,1,simulated,102.2365,37.9287,7.1737,7.3395,10.1368,31.4732,7.2316,92.8205,tier3,422.21,01-14 h03,-27.2,422.21,01-14 h03,-27.2,0,1174,0_BEM_Setup/SimResults_neighbourhoods/option_9_qc1983nu_20260804_v1\CAN_MTL_1983\RC-ML\RC-ML_EEM_J_ENV_HVAC_DHW_EEM4_20260804_101615\results
CAN_MTL_1983,RC-ML,RC-ML,EEM_J_ENV_HVAC_EEM4,1,1,0,1,simulated,121.1992,35.6128,7.2304,28.6629,10.1368,31.4732,7.1302,92.8205,tier3,416.89,01-14 h08,-27.2,416.89,01-14 h08,-27.2,0,486,0_BEM_Setup/SimResults_neighbourhoods/option_9_qc1983nu_20260804_v1\CAN_MTL_1983\RC-ML\RC-ML_EEM_J_ENV_HVAC_EEM4_20260804_101503\results
CAN_MTL_1983,RC-ML,RC-ML,EEM_J_HVAC_DHW,0,1,1,0,simulated,156.5117,61.3959,8.4466,7.7606,18.4305,51.6957,7.8294,92.8205,tier3,597.61,01-14 h03,-27.2,597.61,01-14 h03,-27.2,0,1122,0_BEM_Setup/SimResults_neighbourhoods/option_9_qc1983nu_20260804_v1\CAN_MTL_1983\RC-ML\RC-ML_EEM_J_HVAC_DHW_20260804_101339\results
CAN_MTL_1983,RC-ML,RC-ML,EEM_J_HVAC_DHW_EEM4,0,1,1,1,simulated,135.7864,71.1778,6.7409,7.7658,10.1368,31.4732,7.5389,92.8205,tier3,598.66,01-14 h03,-27.2,598.66,01-14 h03,-27.2,0,1088,0_BEM_Setup/SimResults_neighbourhoods/option_9_qc1983nu_20260804_v1\CAN_MTL_1983\RC-ML\RC-ML_EEM_J_HVAC_DHW_EEM4_20260804_101600\results
CAN_MTL_1983,RC-ML,RC-ML,EEM_J_HVAC_ONLY,0,1,0,0,simulated,176.416,59.1963,8.47,29.9528,18.4305,51.6957,7.7176,92.8205,tier3,603.87,01-14 h09,-26.9,603.87,01-14 h09,-26.9,0,446,0_BEM_Setup/SimResults_neighbourhoods/option_9_qc1983nu_20260804_v1\CAN_MTL_1983\RC-ML\RC-ML_EEM_J_HVAC_ONLY_20260804_101136\results
CAN_MTL_1983,RC-ML,RC-ML,EEM_J_HVAC_ONLY_EEM4,0,1,0,1,simulated,155.682,68.9616,6.762,29.9684,10.1368,31.4732,7.427,92.8205,tier3,605.12,01-14 h09,-26.9,605.12,01-14 h09,-26.9,0,398,0_BEM_Setup/SimResults_neighbourhoods/option_9_qc1983nu_20260804_v1\CAN_MTL_1983\RC-ML\RC-ML_EEM_J_HVAC_ONLY_EEM4_20260804_101435\results
CAN_MTL_1983,RC-MR1,RC-MR1,EEM_J_DEFAULT,0,0,0,0,simulated,164.5745,56.5059,15.1364,39.9636,10.3198,30.9992,9.7769,0.0,native,563.72,01-02 h08,-23.1,563.72,01-02 h08,-23.1,0,1128,0_BEM_Setup/SimResults_neighbourhoods/option_9_qc1983nu_20260804_v1\CAN_MTL_1983\RC-MR1\RC-MR1_EEM_J_DEFAULT_20260804_100351\results
CAN_MTL_1983,RC-MR1,RC-MR1,EEM_J_DHW_ONLY,0,0,1,0,simulated,140.3598,57.1322,14.9026,15.3212,10.3198,30.9992,9.8121,74.5859,tier3,490.15,01-02 h08,-23.1,490.15,01-02 h08,-23.1,16,2206,0_BEM_Setup/SimResults_neighbourhoods/option_9_qc1983nu_20260804_v1\CAN_MTL_1983\RC-MR1\RC-MR1_EEM_J_DHW_ONLY_20260804_100351\results
CAN_MTL_1983,RC-MR1,RC-MR1,EEM_J_DHW_ONLY_EEM4,0,0,1,1,simulated,125.7617,64.5201,11.5749,15.3243,5.0973,18.4658,8.9066,74.5859,tier3,437.46,01-02 h08,-23.1,437.46,01-02 h08,-23.1,0,2600,0_BEM_Setup\SimResults_neighbourhoods\option_9_qc1983nu_20260804_v1\CAN_MTL_1983\RC-MR1\RC-MR1_EEM_J_DHW_ONLY_EEM4_20260808_120457\results
CAN_MTL_1983,RC-MR1,RC-MR1,EEM_J_EEM4_ONLY,0,0,0,1,simulated,149.9515,63.8531,11.8022,39.9788,5.0973,18.4658,8.8816,74.5859,tier3,509.45,01-02 h08,-23.1,509.45,01-02 h08,-23.1,0,1530,0_BEM_Setup\SimResults_neighbourhoods\option_9_qc1983nu_20260804_v1\CAN_MTL_1983\RC-MR1\RC-MR1_EEM_J_EEM4_ONLY_20260808_120451\results
CAN_MTL_1983,RC-MR1,RC-MR1,EEM_J_ENVELOPE,1,0,0,0,simulated,126.7303,21.9644,13.7932,39.4998,10.3198,30.9992,8.2812,74.5859,tier3,459.51,01-02 h07,-23.5,459.51,01-02 h07,-23.5,0,1147,0_BEM_Setup/SimResults_neighbourhoods/option_9_qc1983nu_20260804_v1\CAN_MTL_1983\RC-MR1\RC-MR1_EEM_J_ENVELOPE_20260804_100351\results
CAN_MTL_1983,RC-MR1,RC-MR1,EEM_J_ENVELOPE_EEM4,1,0,0,1,simulated,109.9804,27.3489,10.2594,39.5254,5.1444,18.4658,7.3636,74.5859,tier3,397.41,01-02 h07,-23.5,397.41,01-02 h07,-23.5,0,1555,0_BEM_Setup/SimResults_neighbourhoods/option_9_qc1983nu_20260804_v1\CAN_MTL_1983\RC-MR1\RC-MR1_EEM_J_ENVELOPE_EEM4_20260804_100405\results
CAN_MTL_1983,RC-MR1,RC-MR1,EEM_J_ENV_DHW,1,0,1,0,simulated,102.5392,22.5023,13.4965,15.0463,10.3198,30.9992,8.3024,74.5859,tier3,396.8,01-02 h08,-23.1,396.8,01-02 h08,-23.1,266,2208,0_BEM_Setup/SimResults_neighbourhoods/option_9_qc1983nu_20260804_v1\CAN_MTL_1983\RC-MR1\RC-MR1_EEM_J_ENV_DHW_20260804_100351\results
CAN_MTL_1983,RC-MR1,RC-MR1,EEM_J_ENV_DHW_EEM4,1,0,1,1,simulated,85.8348,27.9483,9.9714,15.0606,5.1444,18.4658,7.3716,74.5859,tier3,337.62,01-02 h09,-22.2,337.62,01-02 h09,-22.2,32,2649,0_BEM_Setup/SimResults_neighbourhoods/option_9_qc1983nu_20260804_v1\CAN_MTL_1983\RC-MR1\RC-MR1_EEM_J_ENV_DHW_EEM4_20260804_100446\results
CAN_MTL_1983,RC-MR1,RC-MR1,EEM_J_ENV_HVAC,1,1,0,0,simulated,111.6622,10.2079,10.4239,39.5135,10.3198,30.9992,8.3252,74.5859,tier3,469.65,01-03 h08,-13.7,469.65,01-03 h08,-13.7,0,1332,0_BEM_Setup/SimResults_neighbourhoods/option_9_qc1983nu_20260804_v1\CAN_MTL_1983\RC-MR1\RC-MR1_EEM_J_ENV_HVAC_20260804_100351\results
CAN_MTL_1983,RC-MR1,RC-MR1,EEM_J_ENV_HVAC_DHW,1,1,1,0,simulated,87.2622,10.4383,10.2072,15.0495,10.3198,30.9992,8.3754,74.5859,tier3,393.18,01-02 h08,-23.1,393.18,01-02 h08,-23.1,266,2383,0_BEM_Setup/SimResults_neighbourhoods/option_9_qc1983nu_20260804_v1\CAN_MTL_1983\RC-MR1\RC-MR1_EEM_J_ENV_HVAC_DHW_20260804_100351\results
CAN_MTL_1983,RC-MR1,RC-MR1,EEM_J_ENV_HVAC_DHW_EEM4,1,1,1,1,simulated,69.1177,13.3768,7.4578,15.0616,5.1444,18.4658,7.7386,74.5859,tier3,351.37,01-01 h20,-23.1,351.37,01-01 h20,-23.1,46,2823,0_BEM_Setup/SimResults_neighbourhoods/option_9_qc1983nu_20260804_v1\CAN_MTL_1983\RC-MR1\RC-MR1_EEM_J_ENV_HVAC_DHW_EEM4_20260804_100448\results
CAN_MTL_1983,RC-MR1,RC-MR1,EEM_J_ENV_HVAC_EEM4,1,1,0,1,simulated,93.546,13.1439,7.6804,39.5395,5.1444,18.4658,7.6993,74.5859,tier3,383.24,01-05 h08,-19.0,383.24,01-05 h08,-19.0,0,1733,0_BEM_Setup/SimResults_neighbourhoods/option_9_qc1983nu_20260804_v1\CAN_MTL_1983\RC-MR1\RC-MR1_EEM_J_ENV_HVAC_EEM4_20260804_100440\results
CAN_MTL_1983,RC-MR1,RC-MR1,EEM_J_HVAC_DHW,0,1,1,0,simulated,105.0963,25.1166,11.1063,15.3185,10.3198,30.9992,10.3632,74.5859,tier3,548.68,01-01 h20,-23.1,548.68,01-01 h20,-23.1,8,2378,0_BEM_Setup/SimResults_neighbourhoods/option_9_qc1983nu_20260804_v1\CAN_MTL_1983\RC-MR1\RC-MR1_EEM_J_HVAC_DHW_20260804_100351\results
CAN_MTL_1983,RC-MR1,RC-MR1,EEM_J_HVAC_DHW_EEM4,0,1,1,1,simulated,77.0348,17.4694,8.4963,15.3253,5.0973,18.4658,10.3081,74.5859,tier3,511.27,01-01 h20,-23.1,511.27,01-01 h20,-23.1,32,2818,0_BEM_Setup\SimResults_neighbourhoods\option_9_qc1983nu_20260804_v1\CAN_MTL_1983\RC-MR1\RC-MR1_EEM_J_HVAC_DHW_EEM4_20260808_120458\results
CAN_MTL_1983,RC-MR1,RC-MR1,EEM_J_HVAC_ONLY,0,1,0,0,simulated,129.6376,24.8896,11.2737,39.981,10.3198,30.9992,10.3016,74.5859,tier3,581.01,01-14 h20,-18.7,581.01,01-14 h20,-18.7,0,1306,0_BEM_Setup/SimResults_neighbourhoods/option_9_qc1983nu_20260804_v1\CAN_MTL_1983\RC-MR1\RC-MR1_EEM_J_HVAC_ONLY_20260804_100351\results
CAN_MTL_1983,RC-MR1,RC-MR1,EEM_J_HVAC_ONLY_EEM4,0,1,0,1,simulated,101.7745,17.3968,8.6645,40.0199,5.0973,18.4658,10.2576,74.5859,tier3,537.0,01-13 h21,-24.0,537.0,01-13 h21,-24.0,28,1757,0_BEM_Setup\SimResults_neighbourhoods\option_9_qc1983nu_20260804_v1\CAN_MTL_1983\RC-MR1\RC-MR1_EEM_J_HVAC_ONLY_EEM4_20260808_120454\results
CAN_MTL_1983,RC-MR2,RC-MR2,EEM_J_DEFAULT,0,0,0,0,simulated,206.3429,106.5897,15.4942,44.4958,6.7059,19.3399,11.4788,0.0,native,737.38,12-25 h08,1.8,737.38,12-25 h08,1.8,0,7625,C:\Users\o_iseri\Desktop\idf_reader\0_BEM_Setup\SimResults_neighbourhoods\option_9_qc1983nu_20260803_v1\CAN_MTL_1983\RC-MR2\RC-MR2_EEM_J_DEFAULT_20260803_205231\results
CAN_MTL_1983,RC-MR2,RC-MR2,EEM_J_DHW_ONLY,0,0,1,0,simulated,179.555,107.4295,15.2633,17.0351,6.7059,19.3399,11.5428,66.7586,tier3,656.5,07-15 h18,31.5,618.56,12-25 h09,1.7,26,10274,C:\Users\o_iseri\Desktop\idf_reader\0_BEM_Setup\SimResults_neighbourhoods\option_9_qc1983nu_20260803_v1\CAN_MTL_1983\RC-MR2\RC-MR2_EEM_J_DHW_ONLY_20260803_205305\results
CAN_MTL_1983,RC-MR2,RC-MR2,EEM_J_DHW_ONLY_EEM4,0,0,1,1,simulated,171.5469,115.2776,12.2922,17.0294,2.8544,11.1883,10.6664,66.7586,tier3,570.9,07-04 h18,27.1,538.19,12-25 h09,1.7,16,11979,0_BEM_Setup\SimResults_neighbourhoods\option_9_qc1983nu_20260803_v1\CAN_MTL_1983\RC-MR2\RC-MR2_EEM_J_DHW_ONLY_EEM4_20260808_120517\results
CAN_MTL_1983,RC-MR2,RC-MR2,EEM_J_EEM4_ONLY,0,0,0,1,simulated,198.1996,114.3507,12.4696,44.506,2.8544,11.1883,10.592,66.7586,tier3,649.72,12-25 h07,2.1,649.72,12-25 h07,2.1,0,9331,0_BEM_Setup\SimResults_neighbourhoods\option_9_qc1983nu_20260803_v1\CAN_MTL_1983\RC-MR2\RC-MR2_EEM_J_EEM4_ONLY_20260808_120507\results
CAN_MTL_1983,RC-MR2,RC-MR2,EEM_J_ENVELOPE,1,0,0,0,simulated,131.9327,38.6227,12.4412,44.4283,6.7059,19.3399,8.1562,66.7586,tier3,600.55,01-16 h08,-13.3,600.55,01-16 h08,-13.3,0,7626,C:\Users\o_iseri\Desktop\idf_reader\0_BEM_Setup\SimResults_neighbourhoods\option_9_qc1983nu_20260803_v1\CAN_MTL_1983\RC-MR2\RC-MR2_EEM_J_ENVELOPE_20260803_205252\results
CAN_MTL_1983,RC-MR2,RC-MR2,EEM_J_ENVELOPE_EEM4,1,0,0,1,simulated,121.0732,44.2046,9.0122,44.4408,2.922,11.1883,7.0666,66.7586,tier3,469.94,01-16 h08,-13.3,469.94,01-16 h08,-13.3,0,9335,C:\Users\o_iseri\Desktop\idf_reader\0_BEM_Setup\SimResults_neighbourhoods\option_9_qc1983nu_20260803_v1\CAN_MTL_1983\RC-MR2\RC-MR2_EEM_J_ENVELOPE_EEM4_20260803_205406\results
CAN_MTL_1983,RC-MR2,RC-MR2,EEM_J_ENV_DHW,1,0,1,0,simulated,104.8146,39.2593,12.114,16.9716,6.7059,19.3399,8.1852,66.7586,tier3,510.24,02-20 h22,-6.9,510.24,02-20 h22,-6.9,16,10275,C:\Users\o_iseri\Desktop\idf_reader\0_BEM_Setup\SimResults_neighbourhoods\option_9_qc1983nu_20260803_v1\CAN_MTL_1983\RC-MR2\RC-MR2_EEM_J_ENV_DHW_20260803_205349\results
CAN_MTL_1983,RC-MR2,RC-MR2,EEM_J_ENV_DHW_EEM4,1,0,1,1,simulated,94.0671,44.8992,8.7164,17.0002,2.922,11.1883,7.1024,66.7586,tier3,388.38,01-02 h10,-20.9,388.38,01-02 h10,-20.9,12,11985,C:\Users\o_iseri\Desktop\idf_reader\0_BEM_Setup\SimResults_neighbourhoods\option_9_qc1983nu_20260803_v1\CAN_MTL_1983\RC-MR2\RC-MR2_EEM_J_ENV_DHW_EEM4_20260803_205412\results
CAN_MTL_1983,RC-MR2,RC-MR2,EEM_J_ENV_HVAC,1,1,0,0,simulated,101.1876,10.8877,8.7662,44.4505,6.7059,19.3399,8.7988,66.7586,tier3,659.99,02-21 h19,-6.4,659.99,02-21 h19,-6.4,0,8226,C:\Users\o_iseri\Desktop\idf_reader\0_BEM_Setup\SimResults_neighbourhoods\option_9_qc1983nu_20260803_v1\CAN_MTL_1983\RC-MR2\RC-MR2_EEM_J_ENV_HVAC_20260803_205324\results
CAN_MTL_1983,RC-MR2,RC-MR2,EEM_J_ENV_HVAC_DHW,1,1,1,0,simulated,73.657,11.0056,8.5305,16.974,6.7059,19.3399,8.8626,66.7586,tier3,576.92,02-21 h20,-6.7,576.92,02-21 h20,-6.7,39,10863,C:\Users\o_iseri\Desktop\idf_reader\0_BEM_Setup\SimResults_neighbourhoods\option_9_qc1983nu_20260803_v1\CAN_MTL_1983\RC-MR2\RC-MR2_EEM_J_ENV_HVAC_DHW_20260803_205403\results
CAN_MTL_1983,RC-MR2,RC-MR2,EEM_J_ENV_HVAC_DHW_EEM4,1,1,1,1,simulated,58.4554,11.0875,5.9545,17.0117,2.922,11.1883,8.0527,66.7586,tier3,412.65,01-01 h21,-22.8,412.65,01-01 h21,-22.8,27,12558,C:\Users\o_iseri\Desktop\idf_reader\0_BEM_Setup\SimResults_neighbourhoods\option_9_qc1983nu_20260803_v1\CAN_MTL_1983\RC-MR2\RC-MR2_EEM_J_ENV_HVAC_DHW_EEM4_20260803_205418\results
CAN_MTL_1983,RC-MR2,RC-MR2,EEM_J_ENV_HVAC_EEM4,1,1,0,1,simulated,86.0158,10.98,6.1774,44.5227,2.922,11.1883,7.9867,66.7586,tier3,470.11,01-04 h08,-5.7,470.11,01-04 h08,-5.7,0,9915,C:\Users\o_iseri\Desktop\idf_reader\0_BEM_Setup\SimResults_neighbourhoods\option_9_qc1983nu_20260803_v1\CAN_MTL_1983\RC-MR2\RC-MR2_EEM_J_ENV_HVAC_EEM4_20260803_205407\results
CAN_MTL_1983,RC-MR2,RC-MR2,EEM_J_HVAC_DHW,0,1,1,0,simulated,98.4768,29.0429,10.6683,17.0416,6.7059,19.3399,13.4396,66.7586,tier3,817.84,01-01 h20,-23.1,817.84,01-01 h20,-23.1,16,10862,C:\Users\o_iseri\Desktop\idf_reader\0_BEM_Setup\SimResults_neighbourhoods\option_9_qc1983nu_20260803_v1\CAN_MTL_1983\RC-MR2\RC-MR2_EEM_J_HVAC_DHW_20260803_205355\results
CAN_MTL_1983,RC-MR2,RC-MR2,EEM_J_HVAC_DHW_EEM4,0,1,1,1,simulated,84.5248,30.0125,8.396,17.0321,2.8544,11.1883,12.8028,66.7586,tier3,590.62,01-01 h19,-22.3,590.62,01-01 h19,-22.3,0,12561,0_BEM_Setup\SimResults_neighbourhoods\option_9_qc1983nu_20260803_v1\CAN_MTL_1983\RC-MR2\RC-MR2_EEM_J_HVAC_DHW_EEM4_20260808_120521\results
CAN_MTL_1983,RC-MR2,RC-MR2,EEM_J_HVAC_ONLY,0,1,0,0,simulated,125.8663,28.8636,10.839,44.5313,6.7059,19.3399,13.348,66.7586,tier3,803.8,01-14 h19,-19.2,803.8,01-14 h19,-19.2,0,8223,C:\Users\o_iseri\Desktop\idf_reader\0_BEM_Setup\SimResults_neighbourhoods\option_9_qc1983nu_20260803_v1\CAN_MTL_1983\RC-MR2\RC-MR2_EEM_J_HVAC_ONLY_20260803_205255\results
CAN_MTL_1983,RC-MR2,RC-MR2,EEM_J_HVAC_ONLY_EEM4,0,1,0,1,simulated,111.9179,29.8295,8.537,44.5655,2.8544,11.1883,12.7045,66.7586,tier3,650.57,01-12 h08,-20.0,650.57,01-12 h08,-20.0,0,9930,0_BEM_Setup\SimResults_neighbourhoods\option_9_qc1983nu_20260803_v1\CAN_MTL_1983\RC-MR2\RC-MR2_EEM_J_HVAC_ONLY_EEM4_20260808_120513\results
CAN_MTL_1983,RC-MR3,RC-MR3,EEM_J_DEFAULT,0,0,0,0,simulated,207.4936,108.7695,14.6049,44.4999,6.7058,19.3398,11.3351,0.0,native,1095.82,12-25 h08,1.8,1095.82,12-25 h08,1.8,0,11193,C:\Users\o_iseri\Desktop\idf_reader\0_BEM_Setup\SimResults_neighbourhoods\option_9_qc1983nu_20260803_v1\CAN_MTL_1983\RC-MR3\RC-MR3_EEM_J_DEFAULT_20260803_205439\results
CAN_MTL_1983,RC-MR3,RC-MR3,EEM_J_DHW_ONLY,0,0,1,0,simulated,180.7183,109.6166,14.3779,17.0403,6.7058,19.3398,11.3993,66.7586,tier3,956.81,07-15 h18,31.5,918.87,12-25 h09,1.7,39,15169,C:\Users\o_iseri\Desktop\idf_reader\0_BEM_Setup\SimResults_neighbourhoods\option_9_qc1983nu_20260803_v1\CAN_MTL_1983\RC-MR3\RC-MR3_EEM_J_DHW_ONLY_20260803_205510\results
CAN_MTL_1983,RC-MR3,RC-MR3,EEM_J_DHW_ONLY_EEM4,0,0,1,1,simulated,173.0655,117.6242,11.5252,17.0367,2.8985,11.1883,10.5537,66.7586,tier3,792.31,11-13 h11,9.7,767.07,12-25 h08,1.8,24,17742,0_BEM_Setup\SimResults_neighbourhoods\option_9_qc1983nu_20260803_v1\CAN_MTL_1983\RC-MR3\RC-MR3_EEM_J_DHW_ONLY_EEM4_20260808_114615\results
CAN_MTL_1983,RC-MR3,RC-MR3,EEM_J_EEM4_ONLY,0,0,0,1,simulated,199.6916,116.6826,11.6941,44.5104,2.8985,11.1883,10.4788,66.7586,tier3,969.87,12-25 h07,2.1,969.87,12-25 h07,2.1,0,13767,0_BEM_Setup\SimResults_neighbourhoods\option_9_qc1983nu_20260803_v1\CAN_MTL_1983\RC-MR3\RC-MR3_EEM_J_EEM4_ONLY_20260808_114615\results
CAN_MTL_1983,RC-MR3,RC-MR3,EEM_J_ENVELOPE,1,0,0,0,simulated,132.044,39.3034,11.9646,44.4312,6.7058,19.3398,8.0606,66.7586,tier3,893.97,01-16 h08,-13.3,893.97,01-16 h08,-13.3,0,11199,C:\Users\o_iseri\Desktop\idf_reader\0_BEM_Setup\SimResults_neighbourhoods\option_9_qc1983nu_20260803_v1\CAN_MTL_1983\RC-MR3\RC-MR3_EEM_J_ENVELOPE_20260803_205505\results
CAN_MTL_1983,RC-MR3,RC-MR3,EEM_J_ENVELOPE_EEM4,1,0,0,1,simulated,121.3946,44.985,8.5911,44.4436,2.9634,11.1883,6.9844,66.7586,tier3,701.47,01-16 h08,-13.3,701.47,01-16 h08,-13.3,0,13774,C:\Users\o_iseri\Desktop\idf_reader\0_BEM_Setup\SimResults_neighbourhoods\option_9_qc1983nu_20260803_v1\CAN_MTL_1983\RC-MR3\RC-MR3_EEM_J_ENVELOPE_EEM4_20260803_205655\results
CAN_MTL_1983,RC-MR3,RC-MR3,EEM_J_ENV_DHW,1,0,1,0,simulated,104.925,39.9429,11.6376,16.9696,6.7058,19.3398,8.0906,66.7586,tier3,743.05,12-25 h23,-1.1,743.05,12-25 h23,-1.1,24,15172,C:\Users\o_iseri\Desktop\idf_reader\0_BEM_Setup\SimResults_neighbourhoods\option_9_qc1983nu_20260803_v1\CAN_MTL_1983\RC-MR3\RC-MR3_EEM_J_ENV_DHW_20260803_205640\results
CAN_MTL_1983,RC-MR3,RC-MR3,EEM_J_ENV_DHW_EEM4,1,0,1,1,simulated,94.4329,45.7002,8.3135,17.0052,2.9634,11.1883,7.0236,66.7586,tier3,576.04,01-02 h10,-20.9,576.04,01-02 h10,-20.9,7,17740,C:\Users\o_iseri\Desktop\idf_reader\0_BEM_Setup\SimResults_neighbourhoods\option_9_qc1983nu_20260803_v1\CAN_MTL_1983\RC-MR3\RC-MR3_EEM_J_ENV_DHW_EEM4_20260803_205658\results
CAN_MTL_1983,RC-MR3,RC-MR3,EEM_J_ENV_HVAC,1,1,0,0,simulated,100.9529,11.0374,8.4375,44.4536,6.7058,19.3398,8.7401,66.7586,tier3,983.25,01-17 h08,2.7,983.25,01-17 h08,2.7,0,12081,C:\Users\o_iseri\Desktop\idf_reader\0_BEM_Setup\SimResults_neighbourhoods\option_9_qc1983nu_20260803_v1\CAN_MTL_1983\RC-MR3\RC-MR3_EEM_J_ENV_HVAC_20260803_205524\results
CAN_MTL_1983,RC-MR3,RC-MR3,EEM_J_ENV_HVAC_DHW,1,1,1,0,simulated,73.4346,11.1579,8.2047,16.9826,6.7058,19.3398,8.805,66.7586,tier3,878.4,02-21 h20,-6.7,878.4,02-21 h20,-6.7,59,16054,C:\Users\o_iseri\Desktop\idf_reader\0_BEM_Setup\SimResults_neighbourhoods\option_9_qc1983nu_20260803_v1\CAN_MTL_1983\RC-MR3\RC-MR3_EEM_J_ENV_HVAC_DHW_20260803_205649\results
CAN_MTL_1983,RC-MR3,RC-MR3,EEM_J_ENV_HVAC_DHW_EEM4,1,1,1,1,simulated,58.2639,11.1875,5.6718,17.0173,2.9634,11.1883,7.9968,66.7586,tier3,612.58,01-01 h20,-23.1,612.58,01-01 h20,-23.1,27,18605,C:\Users\o_iseri\Desktop\idf_reader\0_BEM_Setup\SimResults_neighbourhoods\option_9_qc1983nu_20260803_v1\CAN_MTL_1983\RC-MR3\RC-MR3_EEM_J_ENV_HVAC_DHW_EEM4_20260803_205704\results
CAN_MTL_1983,RC-MR3,RC-MR3,EEM_J_ENV_HVAC_EEM4,1,1,0,1,simulated,85.7898,11.056,5.8873,44.5321,2.9634,11.1883,7.9241,66.7586,tier3,696.09,01-03 h08,-13.7,696.09,01-03 h08,-13.7,0,14640,C:\Users\o_iseri\Desktop\idf_reader\0_BEM_Setup\SimResults_neighbourhoods\option_9_qc1983nu_20260803_v1\CAN_MTL_1983\RC-MR3\RC-MR3_EEM_J_ENV_HVAC_EEM4_20260803_205657\results
CAN_MTL_1983,RC-MR3,RC-MR3,EEM_J_HVAC_DHW,0,1,1,0,simulated,98.2825,29.5257,10.0579,17.049,6.7058,19.3398,13.3656,66.7586,tier3,1210.4,01-01 h20,-23.1,1210.4,01-01 h20,-23.1,24,16053,C:\Users\o_iseri\Desktop\idf_reader\0_BEM_Setup\SimResults_neighbourhoods\option_9_qc1983nu_20260803_v1\CAN_MTL_1983\RC-MR3\RC-MR3_EEM_J_HVAC_DHW_20260803_205644\results
CAN_MTL_1983,RC-MR3,RC-MR3,EEM_J_HVAC_DHW_EEM4,0,1,1,1,simulated,84.4003,30.4398,7.8511,17.0447,2.8985,11.1883,12.7391,66.7586,tier3,884.17,01-01 h20,-23.1,884.17,01-01 h20,-23.1,0,18616,0_BEM_Setup\SimResults_neighbourhoods\option_9_qc1983nu_20260803_v1\CAN_MTL_1983\RC-MR3\RC-MR3_EEM_J_HVAC_DHW_EEM4_20260808_114615\results
CAN_MTL_1983,RC-MR3,RC-MR3,EEM_J_HVAC_ONLY,0,1,0,0,simulated,125.6752,29.3526,10.2263,44.5371,6.7058,19.3398,13.2749,66.7586,tier3,1191.59,01-14 h19,-19.2,1191.59,01-14 h19,-19.2,0,12083,C:\Users\o_iseri\Desktop\idf_reader\0_BEM_Setup\SimResults_neighbourhoods\option_9_qc1983nu_20260803_v1\CAN_MTL_1983\RC-MR3\RC-MR3_EEM_J_HVAC_ONLY_20260803_205509\results
CAN_MTL_1983,RC-MR3,RC-MR3,EEM_J_HVAC_ONLY_EEM4,0,1,0,1,simulated,111.7974,30.2671,7.9882,44.574,2.8985,11.1883,12.6426,66.7586,tier3,960.99,01-12 h08,-20.0,960.99,01-12 h08,-20.0,0,14652,0_BEM_Setup\SimResults_neighbourhoods\option_9_qc1983nu_20260803_v1\CAN_MTL_1983\RC-MR3\RC-MR3_EEM_J_HVAC_ONLY_EEM4_20260808_114615\results
CAN_MTL_1983,RC-R,RC-R,EEM_J_DEFAULT,0,0,0,0,simulated,176.3262,65.4089,9.8668,27.1588,18.4305,46.5502,8.0529,0.0,native,330.07,01-14 h09,-26.9,330.07,01-14 h09,-26.9,0,186,0_BEM_Setup/SimResults_neighbourhoods/option_9_qc1983nu_20260804_v1\CAN_MTL_1983\RC-R\RC-R_EEM_J_DEFAULT_20260804_101628\results
CAN_MTL_1983,RC-R,RC-R,EEM_J_DHW_ONLY,0,0,1,0,simulated,156.8226,69.4394,9.8584,3.4507,18.4305,46.5502,8.2351,90.4286,tier3,325.26,01-14 h04,-26.9,325.26,01-14 h04,-26.9,0,642,0_BEM_Setup/SimResults_neighbourhoods/option_9_qc1983nu_20260804_v1\CAN_MTL_1983\RC-R\RC-R_EEM_J_DHW_ONLY_20260804_101648\results
CAN_MTL_1983,RC-R,RC-R,EEM_J_DHW_ONLY_EEM4,0,0,1,1,simulated,137.4768,78.5648,8.2057,3.4522,10.1368,28.3405,7.9186,90.4286,tier3,325.81,01-14 h04,-26.9,325.81,01-14 h04,-26.9,0,642,0_BEM_Setup/SimResults_neighbourhoods/option_9_qc1983nu_20260804_v1\CAN_MTL_1983\RC-R\RC-R_EEM_J_DHW_ONLY_EEM4_20260804_101859\results
CAN_MTL_1983,RC-R,RC-R,EEM_J_EEM4_ONLY,0,0,0,1,simulated,156.9809,74.5274,8.2127,27.1696,10.1368,28.3405,7.7357,90.4286,tier3,334.18,01-14 h09,-26.9,334.18,01-14 h09,-26.9,0,186,0_BEM_Setup/SimResults_neighbourhoods/option_9_qc1983nu_20260804_v1\CAN_MTL_1983\RC-R\RC-R_EEM_J_EEM4_ONLY_20260804_101830\results
CAN_MTL_1983,RC-R,RC-R,EEM_J_ENVELOPE,1,0,0,0,simulated,142.0391,31.788,10.6219,26.068,18.4305,46.5502,7.7222,90.4286,tier3,235.33,01-14 h08,-27.2,235.33,01-14 h08,-27.2,0,186,0_BEM_Setup/SimResults_neighbourhoods/option_9_qc1983nu_20260804_v1\CAN_MTL_1983\RC-R\RC-R_EEM_J_ENVELOPE_20260804_101638\results
CAN_MTL_1983,RC-R,RC-R,EEM_J_ENVELOPE_EEM4,1,0,0,1,simulated,121.3145,39.7437,8.6998,26.0914,10.1368,28.3405,7.444,90.4286,tier3,244.85,01-14 h08,-27.2,244.85,01-14 h08,-27.2,0,186,0_BEM_Setup/SimResults_neighbourhoods/option_9_qc1983nu_20260804_v1\CAN_MTL_1983\RC-R\RC-R_EEM_J_ENVELOPE_EEM4_20260804_101831\results
CAN_MTL_1983,RC-R,RC-R,EEM_J_ENV_DHW,1,0,1,0,simulated,123.4064,35.8085,10.5862,3.2785,18.4305,46.5502,7.8943,90.4286,tier3,228.24,01-14 h04,-26.9,228.24,01-14 h04,-26.9,0,642,0_BEM_Setup/SimResults_neighbourhoods/option_9_qc1983nu_20260804_v1\CAN_MTL_1983\RC-R\RC-R_EEM_J_ENV_DHW_20260804_101738\results
CAN_MTL_1983,RC-R,RC-R,EEM_J_ENV_DHW_EEM4,1,0,1,1,simulated,102.6937,43.7924,8.6672,3.282,10.1368,28.3405,7.6165,90.4286,tier3,228.31,01-14 h04,-26.9,228.31,01-14 h04,-26.9,0,642,0_BEM_Setup/SimResults_neighbourhoods/option_9_qc1983nu_20260804_v1\CAN_MTL_1983\RC-R\RC-R_EEM_J_ENV_DHW_EEM4_20260804_101947\results
CAN_MTL_1983,RC-R,RC-R,EEM_J_ENV_HVAC,1,1,0,0,simulated,141.4377,31.7879,10.2611,26.0681,18.4305,46.5502,7.4817,90.4286,tier3,235.33,01-14 h08,-27.2,235.33,01-14 h08,-27.2,0,234,0_BEM_Setup/SimResults_neighbourhoods/option_9_qc1983nu_20260804_v1\CAN_MTL_1983\RC-R\RC-R_EEM_J_ENV_HVAC_20260804_101653\results
CAN_MTL_1983,RC-R,RC-R,EEM_J_ENV_HVAC_DHW,1,1,1,0,simulated,122.8074,35.8085,10.2269,3.2785,18.4305,46.5502,7.6547,90.4286,tier3,228.24,01-14 h04,-26.9,228.24,01-14 h04,-26.9,0,690,0_BEM_Setup/SimResults_neighbourhoods/option_9_qc1983nu_20260804_v1\CAN_MTL_1983\RC-R\RC-R_EEM_J_ENV_HVAC_DHW_20260804_101827\results
CAN_MTL_1983,RC-R,RC-R,EEM_J_ENV_HVAC_DHW_EEM4,1,1,1,1,simulated,102.2769,43.7923,8.4418,3.282,10.1368,28.3405,7.4253,90.4286,tier3,228.31,01-14 h04,-26.9,228.31,01-14 h04,-26.9,0,690,0_BEM_Setup/SimResults_neighbourhoods/option_9_qc1983nu_20260804_v1\CAN_MTL_1983\RC-R\RC-R_EEM_J_ENV_HVAC_DHW_EEM4_20260804_102010\results
CAN_MTL_1983,RC-R,RC-R,EEM_J_ENV_HVAC_EEM4,1,1,0,1,simulated,120.8952,39.7436,8.4727,26.0914,10.1368,28.3405,7.252,90.4286,tier3,244.85,01-14 h08,-27.2,244.85,01-14 h08,-27.2,0,234,0_BEM_Setup/SimResults_neighbourhoods/option_9_qc1983nu_20260804_v1\CAN_MTL_1983\RC-R\RC-R_EEM_J_ENV_HVAC_EEM4_20260804_101859\results
CAN_MTL_1983,RC-R,RC-R,EEM_J_HVAC_DHW,0,1,1,0,simulated,156.2875,69.4393,9.5402,3.4508,18.4305,46.5502,8.0183,90.4286,tier3,325.26,01-14 h04,-26.9,325.26,01-14 h04,-26.9,0,690,0_BEM_Setup/SimResults_neighbourhoods/option_9_qc1983nu_20260804_v1\CAN_MTL_1983\RC-R\RC-R_EEM_J_HVAC_DHW_20260804_101811\results
CAN_MTL_1983,RC-R,RC-R,EEM_J_HVAC_DHW_EEM4,0,1,1,1,simulated,137.1069,78.5644,8.0117,3.4522,10.1368,28.3405,7.7431,90.4286,tier3,325.81,01-14 h04,-26.9,325.81,01-14 h04,-26.9,0,690,0_BEM_Setup/SimResults_neighbourhoods/option_9_qc1983nu_20260804_v1\CAN_MTL_1983\RC-R\RC-R_EEM_J_HVAC_DHW_EEM4_20260804_101955\results
CAN_MTL_1983,RC-R,RC-R,EEM_J_HVAC_ONLY,0,1,0,0,simulated,175.7915,65.4087,9.5491,27.1587,18.4305,46.5502,7.836,90.4286,tier3,330.07,01-14 h09,-26.9,330.07,01-14 h09,-26.9,0,234,0_BEM_Setup/SimResults_neighbourhoods/option_9_qc1983nu_20260804_v1\CAN_MTL_1983\RC-R\RC-R_EEM_J_HVAC_ONLY_20260804_101648\results
CAN_MTL_1983,RC-R,RC-R,EEM_J_HVAC_ONLY_EEM4,0,1,0,1,simulated,156.6117,74.527,8.0194,27.1696,10.1368,28.3405,7.5602,90.4286,tier3,334.18,01-14 h09,-26.9,334.18,01-14 h09,-26.9,0,234,0_BEM_Setup/SimResults_neighbourhoods/option_9_qc1983nu_20260804_v1\CAN_MTL_1983\RC-R\RC-R_EEM_J_HVAC_ONLY_EEM4_20260804_101846\results
CAN_MTL_1983,RC-T,RC-T,EEM_J_DEFAULT,0,0,0,0,simulated,176.0634,50.4863,8.2926,32.8883,18.4305,57.1062,7.8066,0.0,native,552.09,01-14 h08,-27.2,552.09,01-14 h08,-27.2,0,332,0_BEM_Setup/SimResults_neighbourhoods/option_9_qc1983nu_20260804_v1\CAN_MTL_1983\RC-T\RC-T_EEM_J_DEFAULT_20260804_100133\results
CAN_MTL_1983,RC-T,RC-T,EEM_J_DHW_ONLY,0,0,1,0,simulated,155.7229,50.7649,8.2498,12.2758,18.4305,57.1062,7.8429,85.1618,tier3,547.42,01-14 h03,-27.2,547.42,01-14 h03,-27.2,0,774,0_BEM_Setup/SimResults_neighbourhoods/option_9_qc1983nu_20260804_v1\CAN_MTL_1983\RC-T\RC-T_EEM_J_DHW_ONLY_20260804_100134\results
CAN_MTL_1983,RC-T,RC-T,EEM_J_DHW_ONLY_EEM4,0,0,1,1,simulated,133.0704,61.0843,6.2254,12.2862,10.1368,34.7672,7.5177,85.1618,tier3,549.32,01-14 h03,-27.2,549.32,01-14 h03,-27.2,0,758,0_BEM_Setup/SimResults_neighbourhoods/option_9_qc1983nu_20260804_v1\CAN_MTL_1983\RC-T\RC-T_EEM_J_DHW_ONLY_EEM4_20260804_100217\results
CAN_MTL_1983,RC-T,RC-T,EEM_J_EEM4_ONLY,0,0,0,1,simulated,153.3883,60.7792,6.2628,32.9084,10.1368,34.7672,7.4812,85.1618,tier3,549.18,01-14 h08,-27.2,549.18,01-14 h08,-27.2,0,314,0_BEM_Setup/SimResults_neighbourhoods/option_9_qc1983nu_20260804_v1\CAN_MTL_1983\RC-T\RC-T_EEM_J_EEM4_ONLY_20260804_100143\results
CAN_MTL_1983,RC-T,RC-T,EEM_J_ENVELOPE,1,0,0,0,simulated,145.5677,20.9552,9.1751,31.3177,18.4305,57.1062,7.5302,85.1618,tier3,387.62,01-14 h08,-27.2,387.62,01-14 h08,-27.2,0,478,0_BEM_Setup/SimResults_neighbourhoods/option_9_qc1983nu_20260804_v1\CAN_MTL_1983\RC-T\RC-T_EEM_J_ENVELOPE_20260804_100134\results
CAN_MTL_1983,RC-T,RC-T,EEM_J_ENVELOPE_EEM4,1,0,0,1,simulated,120.835,29.5051,6.7905,31.361,10.1368,34.7672,7.2217,85.1618,tier3,387.86,01-14 h08,-27.2,387.86,01-14 h08,-27.2,0,466,0_BEM_Setup/SimResults_neighbourhoods/option_9_qc1983nu_20260804_v1\CAN_MTL_1983\RC-T\RC-T_EEM_J_ENVELOPE_EEM4_20260804_100211\results
CAN_MTL_1983,RC-T,RC-T,EEM_J_ENV_DHW,1,0,1,0,simulated,126.1733,21.3701,9.0748,11.5843,18.4305,57.1062,7.5545,85.1618,tier3,388.79,01-14 h03,-27.2,388.79,01-14 h03,-27.2,0,948,0_BEM_Setup/SimResults_neighbourhoods/option_9_qc1983nu_20260804_v1\CAN_MTL_1983\RC-T\RC-T_EEM_J_ENV_DHW_20260804_100134\results
CAN_MTL_1983,RC-T,RC-T,EEM_J_ENV_DHW_EEM4,1,0,1,1,simulated,101.5038,29.9958,6.7018,11.6041,10.1368,34.7672,7.2453,85.1618,tier3,393.55,01-14 h03,-27.2,393.55,01-14 h03,-27.2,0,958,0_BEM_Setup/SimResults_neighbourhoods/option_9_qc1983nu_20260804_v1\CAN_MTL_1983\RC-T\RC-T_EEM_J_ENV_DHW_EEM4_20260804_100220\results
CAN_MTL_1983,RC-T,RC-T,EEM_J_ENV_HVAC,1,1,0,0,simulated,145.0187,20.9553,8.7801,31.3177,18.4305,57.1062,7.3762,85.1618,tier3,387.62,01-14 h08,-27.2,387.62,01-14 h08,-27.2,0,522,0_BEM_Setup/SimResults_neighbourhoods/option_9_qc1983nu_20260804_v1\CAN_MTL_1983\RC-T\RC-T_EEM_J_ENV_HVAC_20260804_100134\results
CAN_MTL_1983,RC-T,RC-T,EEM_J_ENV_HVAC_DHW,1,1,1,0,simulated,125.6337,21.3702,8.6853,11.584,18.4305,57.1062,7.4046,85.1618,tier3,388.79,01-14 h03,-27.2,388.79,01-14 h03,-27.2,0,978,0_BEM_Setup/SimResults_neighbourhoods/option_9_qc1983nu_20260804_v1\CAN_MTL_1983\RC-T\RC-T_EEM_J_ENV_HVAC_DHW_20260804_100134\results
CAN_MTL_1983,RC-T,RC-T,EEM_J_ENV_HVAC_DHW_EEM4,1,1,1,1,simulated,101.1193,29.9958,6.4141,11.6041,10.1368,34.7672,7.1484,85.1618,tier3,393.4,01-14 h03,-27.2,393.4,01-14 h03,-27.2,0,1016,0_BEM_Setup/SimResults_neighbourhoods/option_9_qc1983nu_20260804_v1\CAN_MTL_1983\RC-T\RC-T_EEM_J_ENV_HVAC_DHW_EEM4_20260804_100227\results
CAN_MTL_1983,RC-T,RC-T,EEM_J_ENV_HVAC_EEM4,1,1,0,1,simulated,120.4405,29.5044,6.4971,31.3609,10.1368,34.7672,7.1213,85.1618,tier3,387.86,01-14 h08,-27.2,387.86,01-14 h08,-27.2,0,522,0_BEM_Setup/SimResults_neighbourhoods/option_9_qc1983nu_20260804_v1\CAN_MTL_1983\RC-T\RC-T_EEM_J_ENV_HVAC_EEM4_20260804_100220\results
CAN_MTL_1983,RC-T,RC-T,EEM_J_HVAC_DHW,0,1,1,0,simulated,155.2345,50.7649,7.8681,12.2762,18.4305,57.1062,7.7357,85.1618,tier3,547.74,01-14 h03,-27.2,547.74,01-14 h03,-27.2,0,886,0_BEM_Setup/SimResults_neighbourhoods/option_9_qc1983nu_20260804_v1\CAN_MTL_1983\RC-T\RC-T_EEM_J_HVAC_DHW_20260804_100134\results
CAN_MTL_1983,RC-T,RC-T,EEM_J_HVAC_DHW_EEM4,0,1,1,1,simulated,132.7298,61.0844,5.9538,12.2862,10.1368,34.7672,7.4487,85.1618,tier3,548.68,01-14 h03,-27.2,548.68,01-14 h03,-27.2,0,867,0_BEM_Setup/SimResults_neighbourhoods/option_9_qc1983nu_20260804_v1\CAN_MTL_1983\RC-T\RC-T_EEM_J_HVAC_DHW_EEM4_20260804_100226\results
CAN_MTL_1983,RC-T,RC-T,EEM_J_HVAC_ONLY,0,1,0,0,simulated,175.57,50.4864,7.9077,32.8883,18.4305,57.1062,7.6981,85.1618,tier3,552.09,01-14 h08,-27.2,552.09,01-14 h08,-27.2,0,444,0_BEM_Setup/SimResults_neighbourhoods/option_9_qc1983nu_20260804_v1\CAN_MTL_1983\RC-T\RC-T_EEM_J_HVAC_ONLY_20260804_100134\results
CAN_MTL_1983,RC-T,RC-T,EEM_J_HVAC_ONLY_EEM4,0,1,0,1,simulated,153.0443,60.7792,5.9888,32.9083,10.1368,34.7672,7.4112,85.1618,tier3,549.18,01-14 h08,-27.2,549.18,01-14 h08,-27.2,0,426,0_BEM_Setup/SimResults_neighbourhoods/option_9_qc1983nu_20260804_v1\CAN_MTL_1983\RC-T\RC-T_EEM_J_HVAC_ONLY_EEM4_20260804_100217\results
CAN_MTL_1983,RS-I1,RS-I1,EEM_J_DEFAULT,0,0,0,0,simulated,265.0526,126.0128,15.3581,41.8736,19.2467,42.9957,15.1686,3.5294,native,554.5,07-04 h18,27.1,431.06,12-25 h07,2.1,5,1044,0_BEM_Setup/SimResults_neighbourhoods/option_9_qc1983nu_20260805_nonrc\CAN_MTL_1983\RS-I1\RS-I1_EEM_J_DEFAULT_20260805_091721\results
CAN_MTL_1983,RS-I1,RS-I1,EEM_J_DHW_ONLY,0,0,1,0,simulated,240.6239,130.7994,14.676,13.2421,19.424,42.9957,15.0648,109.7813,tier3,505.34,07-17 h14,32.5,364.77,12-25 h07,2.1,3,1854,0_BEM_Setup/SimResults_neighbourhoods/option_9_qc1983nu_20260805_nonrc\CAN_MTL_1983\RS-I1\RS-I1_EEM_J_DHW_ONLY_20260805_091721\results
CAN_MTL_1983,RS-I1,RS-I1,EEM_J_DHW_ONLY_EEM4,0,0,1,1,simulated,226.1584,141.7424,11.6286,13.2885,8.6727,32.7712,13.5528,109.7813,tier3,427.87,07-17 h14,32.5,311.33,12-25 h08,1.8,3,2197,0_BEM_Setup\SimResults_neighbourhoods\option_9_qc1983nu_20260805_nonrc\CAN_MTL_1983\RS-I1\RS-I1_EEM_J_DHW_ONLY_EEM4_20260808_120145\results
CAN_MTL_1983,RS-I1,RS-I1,EEM_J_EEM4_ONLY,0,0,0,1,simulated,251.7706,138.7145,11.7418,41.8959,8.6727,32.7712,13.4726,109.7813,tier3,460.96,07-04 h18,27.1,369.56,12-25 h08,1.8,3,1389,0_BEM_Setup\SimResults_neighbourhoods\option_9_qc1983nu_20260805_nonrc\CAN_MTL_1983\RS-I1\RS-I1_EEM_J_EEM4_ONLY_20260808_120145\results
CAN_MTL_1983,RS-I1,RS-I1,EEM_J_ENVELOPE,1,0,0,0,simulated,188.7928,54.9442,13.0969,41.7069,19.7462,42.9957,11.6977,109.7814,tier3,437.81,09-04 h06,18.2,380.42,02-20 h07,-12.3,3,1047,0_BEM_Setup/SimResults_neighbourhoods/option_9_qc1983nu_20260805_nonrc\CAN_MTL_1983\RS-I1\RS-I1_EEM_J_ENVELOPE_20260805_091721\results
CAN_MTL_1983,RS-I1,RS-I1,EEM_J_ENVELOPE_EEM4,1,0,0,1,simulated,171.3068,63.7841,9.497,41.7308,8.8831,32.7712,9.7255,109.7814,tier3,346.63,07-19 h11,30.6,302.43,01-02 h07,-23.5,3,1384,0_BEM_Setup/SimResults_neighbourhoods/option_9_qc1983nu_20260805_nonrc\CAN_MTL_1983\RS-I1\RS-I1_EEM_J_ENVELOPE_EEM4_20260805_091734\results
CAN_MTL_1983,RS-I1,RS-I1,EEM_J_ENV_DHW,1,0,1,0,simulated,162.6858,57.5918,12.8992,13.1056,19.7462,42.9957,11.7416,109.7814,tier3,389.15,07-04 h18,27.1,359.71,12-25 h19,0.9,195,1861,0_BEM_Setup/SimResults_neighbourhoods/option_9_qc1983nu_20260805_nonrc\CAN_MTL_1983\RS-I1\RS-I1_EEM_J_ENV_DHW_20260805_091721\results
CAN_MTL_1983,RS-I1,RS-I1,EEM_J_ENV_DHW_EEM4,1,0,1,1,simulated,145.5165,66.6956,9.3091,13.1638,8.8831,32.7712,9.7799,109.7814,tier3,333.63,07-19 h11,30.6,267.27,12-25 h21,0.5,32,2211,0_BEM_Setup/SimResults_neighbourhoods/option_9_qc1983nu_20260805_nonrc\CAN_MTL_1983\RS-I1\RS-I1_EEM_J_ENV_DHW_EEM4_20260805_091812\results
CAN_MTL_1983,RS-I1,RS-I1,EEM_J_ENV_HVAC,1,1,0,0,simulated,145.9454,13.116,10.4337,41.7469,19.7462,42.9957,13.3656,109.7814,tier3,467.85,01-03 h09,-11.5,467.85,01-03 h09,-11.5,19,1204,0_BEM_Setup/SimResults_neighbourhoods/option_9_qc1983nu_20260805_nonrc\CAN_MTL_1983\RS-I1\RS-I1_EEM_J_ENV_HVAC_20260805_130711\results
CAN_MTL_1983,RS-I1,RS-I1,EEM_J_ENV_HVAC_DHW,1,1,1,0,simulated,119.806,15.6828,10.2892,13.1265,19.7462,42.9957,13.4247,109.7814,tier3,442.43,01-03 h10,-10.8,442.43,01-03 h10,-10.8,22,1994,0_BEM_Setup/SimResults_neighbourhoods/option_9_qc1983nu_20260805_nonrc\CAN_MTL_1983\RS-I1\RS-I1_EEM_J_ENV_HVAC_DHW_20260805_130711\results
CAN_MTL_1983,RS-I1,RS-I1,EEM_J_ENV_HVAC_DHW_EEM4,1,1,1,1,simulated,96.0901,17.4171,7.3711,13.2108,8.8831,32.7712,11.5982,109.7814,tier3,357.96,01-13 h21,-24.0,357.96,01-13 h21,-24.0,50,2341,0_BEM_Setup/SimResults_neighbourhoods/option_9_qc1983nu_20260805_nonrc\CAN_MTL_1983\RS-I1\RS-I1_EEM_J_ENV_HVAC_DHW_EEM4_20260805_130711\results
CAN_MTL_1983,RS-I1,RS-I1,EEM_J_ENV_HVAC_EEM4,1,1,0,1,simulated,122.1845,14.8698,7.5194,41.7806,8.8831,32.7712,11.5206,109.7814,tier3,372.71,01-13 h19,-21.8,372.71,01-13 h19,-21.8,18,1525,0_BEM_Setup/SimResults_neighbourhoods/option_9_qc1983nu_20260805_nonrc\CAN_MTL_1983\RS-I1\RS-I1_EEM_J_ENV_HVAC_EEM4_20260805_130711\results
CAN_MTL_1983,RS-I1,RS-I1,EEM_J_HVAC_DHW,0,1,1,0,simulated,139.9371,30.0384,11.66,13.2499,19.424,42.9957,18.2204,109.7813,tier3,529.15,01-13 h20,-22.6,529.15,01-13 h20,-22.6,26,1988,0_BEM_Setup/SimResults_neighbourhoods/option_9_qc1983nu_20260805_nonrc\CAN_MTL_1983\RS-I1\RS-I1_EEM_J_HVAC_DHW_20260805_130711\results
CAN_MTL_1983,RS-I1,RS-I1,EEM_J_HVAC_DHW_EEM4,0,1,1,1,simulated,116.4409,31.2581,9.1733,13.2763,8.6727,32.7712,16.871,109.7813,tier3,449.37,01-13 h20,-22.6,449.37,01-13 h20,-22.6,17,2334,0_BEM_Setup\SimResults_neighbourhoods\option_9_qc1983nu_20260805_nonrc\CAN_MTL_1983\RS-I1\RS-I1_EEM_J_HVAC_DHW_EEM4_20260808_120145\results
CAN_MTL_1983,RS-I1,RS-I1,EEM_J_HVAC_ONLY,0,1,0,0,simulated,166.0726,27.4671,11.7641,41.9255,19.424,42.9957,18.1469,109.7813,tier3,553.13,01-12 h09,-19.4,553.13,01-12 h09,-19.4,19,1182,0_BEM_Setup/SimResults_neighbourhoods/option_9_qc1983nu_20260805_nonrc\CAN_MTL_1983\RS-I1\RS-I1_EEM_J_HVAC_ONLY_20260805_130711\results
CAN_MTL_1983,RS-I1,RS-I1,EEM_J_HVAC_ONLY_EEM4,0,1,0,1,simulated,142.5106,28.6484,9.2641,41.9634,8.6727,32.7712,16.7734,109.7813,tier3,470.01,01-13 h20,-22.6,470.01,01-13 h20,-22.6,17,1527,0_BEM_Setup\SimResults_neighbourhoods\option_9_qc1983nu_20260805_nonrc\CAN_MTL_1983\RS-I1\RS-I1_EEM_J_HVAC_ONLY_EEM4_20260808_120145\results
CAN_MTL_1983,RS-I2,RS-I2,EEM_J_DEFAULT,0,0,0,0,simulated,229.9342,116.0458,12.2554,30.9003,24.9237,29.4527,13.0389,6.1784,native,1057.32,07-17 h14,32.5,857.83,01-02 h17,-17.1,4,7168,0_BEM_Setup/SimResults_neighbourhoods/option_9_qc1983nu_20260805_nonrc\CAN_MTL_1983\RS-I2\RS-I2_EEM_J_DEFAULT_20260805_092142\results
CAN_MTL_1983,RS-I2,RS-I2,EEM_J_DHW_ONLY,0,0,1,0,simulated,213.9951,121.377,11.171,10.7707,25.1693,29.4527,12.7345,84.3935,tier3,965.57,07-17 h14,32.5,842.75,01-02 h11,-19.8,7,8952,0_BEM_Setup/SimResults_neighbourhoods/option_9_qc1983nu_20260805_nonrc\CAN_MTL_1983\RS-I2\RS-I2_EEM_J_DHW_ONLY_20260805_092206\results
CAN_MTL_1983,RS-I2,RS-I2,EEM_J_DHW_ONLY_EEM4,0,0,1,1,simulated,203.7293,138.1421,8.9049,10.781,10.878,20.3824,11.3272,84.3935,tier3,745.27,07-17 h15,31.1,602.97,01-02 h11,-19.8,3,10056,0_BEM_Setup\SimResults_neighbourhoods\option_9_qc1983nu_20260805_nonrc\CAN_MTL_1983\RS-I2\RS-I2_EEM_J_DHW_ONLY_EEM4_20260808_114615\results
CAN_MTL_1983,RS-I2,RS-I2,EEM_J_EEM4_ONLY,0,0,0,1,simulated,221.7139,135.9897,8.9693,30.9147,10.878,20.3824,11.2666,84.3935,tier3,775.77,07-17 h14,32.5,616.23,01-02 h08,-23.1,3,8265,0_BEM_Setup\SimResults_neighbourhoods\option_9_qc1983nu_20260805_nonrc\CAN_MTL_1983\RS-I2\RS-I2_EEM_J_EEM4_ONLY_20260808_114615\results
CAN_MTL_1983,RS-I2,RS-I2,EEM_J_ENVELOPE,1,0,0,0,simulated,161.8001,53.4407,9.7031,30.8604,25.6284,29.4527,9.386,84.3939,tier3,814.0,07-17 h14,32.5,715.85,01-03 h09,-11.5,4,7144,0_BEM_Setup/SimResults_neighbourhoods/option_9_qc1983nu_20260805_nonrc\CAN_MTL_1983\RS-I2\RS-I2_EEM_J_ENVELOPE_20260805_092200\results
CAN_MTL_1983,RS-I2,RS-I2,EEM_J_ENVELOPE_EEM4,1,0,0,1,simulated,141.0041,61.1866,6.9075,30.8858,11.1393,20.3824,7.1806,84.3939,tier3,604.84,07-17 h13,31.6,459.83,01-02 h19,-16.7,7,8272,0_BEM_Setup/SimResults_neighbourhoods/option_9_qc1983nu_20260805_nonrc\CAN_MTL_1983\RS-I2\RS-I2_EEM_J_ENVELOPE_EEM4_20260805_092320\results
CAN_MTL_1983,RS-I2,RS-I2,EEM_J_ENV_DHW,1,0,1,0,simulated,143.6146,55.4888,9.5649,10.7174,25.6284,29.4527,9.4333,84.3939,tier3,783.94,07-17 h14,32.5,712.84,01-03 h09,-11.5,4,8947,0_BEM_Setup/SimResults_neighbourhoods/option_9_qc1983nu_20260805_nonrc\CAN_MTL_1983\RS-I2\RS-I2_EEM_J_ENV_DHW_20260805_092225\results
CAN_MTL_1983,RS-I2,RS-I2,EEM_J_ENV_DHW_EEM4,1,0,1,1,simulated,122.9582,63.3402,6.7996,10.7394,11.1393,20.3824,7.2351,84.3939,tier3,569.48,07-17 h14,32.5,471.32,01-02 h19,-16.7,7,10063,0_BEM_Setup/SimResults_neighbourhoods/option_9_qc1983nu_20260805_nonrc\CAN_MTL_1983\RS-I2\RS-I2_EEM_J_ENV_DHW_EEM4_20260805_092329\results
CAN_MTL_1983,RS-I2,RS-I2,EEM_J_ENV_HVAC,1,1,0,0,simulated,122.204,14.3491,7.9492,30.8948,25.6284,29.4527,10.6341,84.3939,tier3,1086.95,01-02 h17,-17.1,1086.95,01-02 h17,-17.1,5,7566,0_BEM_Setup/SimResults_neighbourhoods/option_9_qc1983nu_20260805_nonrc\CAN_MTL_1983\RS-I2\RS-I2_EEM_J_ENV_HVAC_20260805_092214\results
CAN_MTL_1983,RS-I2,RS-I2,EEM_J_ENV_HVAC_DHW,1,1,1,0,simulated,103.7961,16.1293,7.8506,10.7457,25.6284,29.4527,10.6933,84.3939,tier3,1077.86,01-02 h11,-19.8,1077.86,01-02 h11,-19.8,15,9370,0_BEM_Setup/SimResults_neighbourhoods/option_9_qc1983nu_20260805_nonrc\CAN_MTL_1983\RS-I2\RS-I2_EEM_J_ENV_HVAC_DHW_20260805_092319\results
CAN_MTL_1983,RS-I2,RS-I2,EEM_J_ENV_HVAC_DHW_EEM4,1,1,1,1,simulated,76.9351,17.2541,5.5241,10.7548,11.1393,20.3824,8.5945,84.3939,tier3,737.42,01-03 h12,-8.8,737.42,01-03 h12,-8.8,6,10469,0_BEM_Setup/SimResults_neighbourhoods/option_9_qc1983nu_20260805_nonrc\CAN_MTL_1983\RS-I2\RS-I2_EEM_J_ENV_HVAC_DHW_EEM4_20260805_092344\results
CAN_MTL_1983,RS-I2,RS-I2,EEM_J_ENV_HVAC_EEM4,1,1,0,1,simulated,95.3422,15.4477,5.6067,30.9531,11.1393,20.3824,8.5276,84.3939,tier3,724.5,01-02 h08,-23.1,724.5,01-02 h08,-23.1,8,8681,0_BEM_Setup/SimResults_neighbourhoods/option_9_qc1983nu_20260805_nonrc\CAN_MTL_1983\RS-I2\RS-I2_EEM_J_ENV_HVAC_EEM4_20260805_092322\results
CAN_MTL_1983,RS-I2,RS-I2,EEM_J_HVAC_DHW,0,1,1,0,simulated,127.2285,34.1581,9.1398,10.774,25.1693,29.4527,15.2503,84.3935,tier3,1412.33,01-02 h11,-19.8,1412.33,01-02 h11,-19.8,9,9368,0_BEM_Setup/SimResults_neighbourhoods/option_9_qc1983nu_20260805_nonrc\CAN_MTL_1983\RS-I2\RS-I2_EEM_J_HVAC_DHW_20260805_092307\results
CAN_MTL_1983,RS-I2,RS-I2,EEM_J_HVAC_DHW_EEM4,0,1,1,1,simulated,103.9061,37.4061,7.195,10.7928,10.878,20.3824,13.9767,84.3935,tier3,1099.73,01-02 h11,-19.8,1099.73,01-02 h11,-19.8,6,10469,0_BEM_Setup\SimResults_neighbourhoods\option_9_qc1983nu_20260805_nonrc\CAN_MTL_1983\RS-I2\RS-I2_EEM_J_HVAC_DHW_EEM4_20260808_114615\results
CAN_MTL_1983,RS-I2,RS-I2,EEM_J_HVAC_ONLY,0,1,0,0,simulated,145.5895,32.3428,9.2081,30.9509,25.1693,29.4527,15.1817,84.3935,tier3,1404.79,01-02 h11,-19.8,1404.79,01-02 h11,-19.8,4,7569,0_BEM_Setup/SimResults_neighbourhoods/option_9_qc1983nu_20260805_nonrc\CAN_MTL_1983\RS-I2\RS-I2_EEM_J_HVAC_ONLY_20260805_092205\results
CAN_MTL_1983,RS-I2,RS-I2,EEM_J_HVAC_ONLY_EEM4,0,1,0,1,simulated,122.2599,35.5966,7.2474,30.9861,10.878,20.3824,13.8949,84.3935,tier3,1095.5,01-02 h10,-20.9,1095.5,01-02 h10,-20.9,4,8674,0_BEM_Setup\SimResults_neighbourhoods\option_9_qc1983nu_20260805_nonrc\CAN_MTL_1983\RS-I2\RS-I2_EEM_J_HVAC_ONLY_EEM4_20260808_114615\results
CAN_MTL_1983,RS-I3,RS-I3,EEM_J_DEFAULT,0,0,0,0,simulated,253.1916,108.1875,11.8319,27.646,28.2927,57.3324,15.5096,6.1074,native,329.46,07-17 h14,32.5,279.75,01-13 h21,-24.0,11,578,0_BEM_Setup/SimResults_neighbourhoods/option_9_qc1983nu_20260805_nonrc\CAN_MTL_1983\RS-I3\RS-I3_EEM_J_DEFAULT_20260805_092344\results
CAN_MTL_1983,RS-I3,RS-I3,EEM_J_DHW_ONLY,0,0,1,0,simulated,237.3878,113.111,11.3003,7.3687,28.5926,57.3324,15.2695,137.6056,tier3,321.12,07-17 h14,32.5,275.98,01-13 h21,-24.0,4,845,0_BEM_Setup/SimResults_neighbourhoods/option_9_qc1983nu_20260805_nonrc\CAN_MTL_1983\RS-I3\RS-I3_EEM_J_DHW_ONLY_20260805_092424\results
CAN_MTL_1983,RS-I3,RS-I3,EEM_J_DHW_ONLY_EEM4,0,0,1,1,simulated,220.2084,129.873,9.2092,7.3815,13.2797,41.5978,14.4341,137.6056,tier3,252.1,07-04 h18,27.1,249.21,01-13 h21,-24.0,2,863,0_BEM_Setup/SimResults_neighbourhoods/option_9_qc1983nu_20260805_nonrc\CAN_MTL_1983\RS-I3\RS-I3_EEM_J_DHW_ONLY_EEM4_20260805_092555\results
CAN_MTL_1983,RS-I3,RS-I3,EEM_J_EEM4_ONLY,0,0,0,1,simulated,238.8519,128.1927,9.2524,27.6855,13.2797,41.5978,14.4114,137.6056,tier3,267.89,07-04 h18,27.1,255.48,01-13 h20,-22.6,2,594,0_BEM_Setup/SimResults_neighbourhoods/option_9_qc1983nu_20260805_nonrc\CAN_MTL_1983\RS-I3\RS-I3_EEM_J_EEM4_ONLY_20260805_092523\results
CAN_MTL_1983,RS-I3,RS-I3,EEM_J_ENVELOPE,1,0,0,0,simulated,189.5738,48.303,10.688,27.2493,29.0801,57.3324,12.114,137.6056,tier3,264.77,07-17 h14,32.5,247.62,01-13 h21,-24.0,29,594,0_BEM_Setup/SimResults_neighbourhoods/option_9_qc1983nu_20260805_nonrc\CAN_MTL_1983\RS-I3\RS-I3_EEM_J_ENVELOPE_20260805_092356\results
CAN_MTL_1983,RS-I3,RS-I3,EEM_J_ENVELOPE_EEM4,1,0,0,1,simulated,164.4843,58.1439,7.9672,27.2961,13.5428,41.5978,10.6985,137.6056,tier3,222.4,07-17 h11,30.3,212.52,01-13 h19,-21.8,4,589,0_BEM_Setup/SimResults_neighbourhoods/option_9_qc1983nu_20260805_nonrc\CAN_MTL_1983\RS-I3\RS-I3_EEM_J_ENVELOPE_EEM4_20260805_092531\results
CAN_MTL_1983,RS-I3,RS-I3,EEM_J_ENV_DHW,1,0,1,0,simulated,171.2355,50.1084,10.6088,7.1606,29.0801,57.3324,12.1377,137.6056,tier3,256.23,07-17 h14,32.5,248.41,01-13 h21,-24.0,36,880,0_BEM_Setup/SimResults_neighbourhoods/option_9_qc1983nu_20260805_nonrc\CAN_MTL_1983\RS-I3\RS-I3_EEM_J_ENV_DHW_20260805_092442\results
CAN_MTL_1983,RS-I3,RS-I3,EEM_J_ENV_DHW_EEM4,1,0,1,1,simulated,146.1874,59.9981,7.896,7.1837,13.5428,41.5978,10.7263,137.6056,tier3,215.32,07-17 h14,32.5,211.93,01-13 h21,-24.0,13,866,0_BEM_Setup/SimResults_neighbourhoods/option_9_qc1983nu_20260805_nonrc\CAN_MTL_1983\RS-I3\RS-I3_EEM_J_ENV_DHW_EEM4_20260805_092608\results
CAN_MTL_1983,RS-I3,RS-I3,EEM_J_ENV_HVAC,1,1,0,0,simulated,153.9739,11.6751,9.9898,27.2659,29.0801,57.3324,13.8734,137.6056,tier3,309.14,01-02 h11,-19.8,309.14,01-02 h11,-19.8,41,701,0_BEM_Setup/SimResults_neighbourhoods/option_9_qc1983nu_20260805_nonrc\CAN_MTL_1983\RS-I3\RS-I3_EEM_J_ENV_HVAC_20260805_130920\results
CAN_MTL_1983,RS-I3,RS-I3,EEM_J_ENV_HVAC_DHW,1,1,1,0,simulated,135.6584,13.5046,9.9169,7.1612,29.0801,57.3324,13.9062,137.6056,tier3,282.31,01-02 h11,-19.8,282.31,01-02 h11,-19.8,41,983,0_BEM_Setup/SimResults_neighbourhoods/option_9_qc1983nu_20260805_nonrc\CAN_MTL_1983\RS-I3\RS-I3_EEM_J_ENV_HVAC_DHW_20260805_131003\results
CAN_MTL_1983,RS-I3,RS-I3,EEM_J_ENV_HVAC_DHW_EEM4,1,1,1,1,simulated,103.3955,16.0507,7.3923,7.1647,13.5428,41.5978,12.4729,137.6056,tier3,234.8,01-02 h21,-16.0,234.8,01-02 h21,-16.0,41,984,0_BEM_Setup/SimResults_neighbourhoods/option_9_qc1983nu_20260805_nonrc\CAN_MTL_1983\RS-I3\RS-I3_EEM_J_ENV_HVAC_DHW_EEM4_20260805_131031\results
CAN_MTL_1983,RS-I3,RS-I3,EEM_J_ENV_HVAC_EEM4,1,1,0,1,simulated,121.7268,14.2013,7.4561,27.3214,13.5428,41.5978,12.4368,137.6056,tier3,250.66,01-02 h20,-16.4,250.66,01-02 h20,-16.4,33,703,0_BEM_Setup/SimResults_neighbourhoods/option_9_qc1983nu_20260805_nonrc\CAN_MTL_1983\RS-I3\RS-I3_EEM_J_ENV_HVAC_EEM4_20260805_131009\results
CAN_MTL_1983,RS-I3,RS-I3,EEM_J_HVAC_DHW,0,1,1,0,simulated,151.9163,24.8594,10.7211,7.361,28.5926,57.3324,18.7005,137.6056,tier3,323.23,01-02 h12,-19.3,323.23,01-02 h12,-19.3,32,954,0_BEM_Setup/SimResults_neighbourhoods/option_9_qc1983nu_20260805_nonrc\CAN_MTL_1983\RS-I3\RS-I3_EEM_J_HVAC_DHW_20260805_130942\results
CAN_MTL_1983,RS-I3,RS-I3,EEM_J_HVAC_DHW_EEM4,0,1,1,1,simulated,120.6112,27.1668,8.7721,7.3654,13.2797,41.5978,18.0774,137.6056,tier3,299.72,01-02 h01,-23.0,299.72,01-02 h01,-23.0,32,962,0_BEM_Setup/SimResults_neighbourhoods/option_9_qc1983nu_20260805_nonrc\CAN_MTL_1983\RS-I3\RS-I3_EEM_J_HVAC_DHW_EEM4_20260805_131015\results
CAN_MTL_1983,RS-I3,RS-I3,EEM_J_HVAC_ONLY,0,1,0,0,simulated,170.4425,23.0708,10.7625,27.6715,28.5926,57.3324,18.6633,137.6056,tier3,347.46,01-02 h10,-20.9,347.46,01-02 h10,-20.9,32,687,0_BEM_Setup/SimResults_neighbourhoods/option_9_qc1983nu_20260805_nonrc\CAN_MTL_1983\RS-I3\RS-I3_EEM_J_HVAC_ONLY_20260805_130918\results
CAN_MTL_1983,RS-I3,RS-I3,EEM_J_HVAC_ONLY_EEM4,0,1,0,1,simulated,139.1699,25.3718,8.8101,27.7135,13.2797,41.5978,18.0442,137.6056,tier3,310.09,01-02 h01,-23.0,310.09,01-02 h01,-23.0,31,699,0_BEM_Setup/SimResults_neighbourhoods/option_9_qc1983nu_20260805_nonrc\CAN_MTL_1983\RS-I3\RS-I3_EEM_J_HVAC_ONLY_EEM4_20260805_131009\results
CAN_MTL_1983,RS-I4,RS-I4,EEM_J_DEFAULT,0,0,0,0,simulated,235.8716,124.0404,13.6744,32.2006,22.0636,25.4283,15.4056,6.1313,native,845.16,07-04 h18,27.1,591.41,12-25 h08,1.8,2,6337,0_BEM_Setup/SimResults_neighbourhoods/option_9_qc1983nu_20260805_nonrc\CAN_MTL_1983\RS-I4\RS-I4_EEM_J_DEFAULT_20260805_092635\results
CAN_MTL_1983,RS-I4,RS-I4,EEM_J_DHW_ONLY,0,0,1,0,simulated,219.3941,128.6035,12.6819,12.2884,22.3556,25.4283,14.9756,91.2525,tier3,735.54,07-17 h15,31.1,539.58,12-25 h07,2.1,13,8061,0_BEM_Setup/SimResults_neighbourhoods/option_9_qc1983nu_20260805_nonrc\CAN_MTL_1983\RS-I4\RS-I4_EEM_J_DHW_ONLY_20260805_092653\results
CAN_MTL_1983,RS-I4,RS-I4,EEM_J_DHW_ONLY_EEM4,0,0,1,1,simulated,210.0703,144.4779,10.3338,12.278,9.2951,17.2846,13.347,91.2525,tier3,604.27,07-17 h14,32.5,446.6,01-16 h02,-11.4,3,9165,0_BEM_Setup\SimResults_neighbourhoods\option_9_qc1983nu_20260805_nonrc\CAN_MTL_1983\RS-I4\RS-I4_EEM_J_DHW_ONLY_EEM4_20260808_120145\results
CAN_MTL_1983,RS-I4,RS-I4,EEM_J_EEM4_ONLY,0,0,0,1,simulated,228.4947,142.9316,10.4264,32.2138,9.2951,17.2846,13.2895,91.2525,tier3,647.94,07-04 h18,27.1,506.71,12-25 h08,1.8,2,7435,0_BEM_Setup\SimResults_neighbourhoods\option_9_qc1983nu_20260805_nonrc\CAN_MTL_1983\RS-I4\RS-I4_EEM_J_EEM4_ONLY_20260808_120145\results
CAN_MTL_1983,RS-I4,RS-I4,EEM_J_ENVELOPE,1,0,0,0,simulated,154.1476,49.3224,10.7826,32.1552,22.905,25.4283,10.4828,91.2526,tier3,622.39,07-04 h18,27.1,544.88,12-25 h07,2.1,2,6322,0_BEM_Setup/SimResults_neighbourhoods/option_9_qc1983nu_20260805_nonrc\CAN_MTL_1983\RS-I4\RS-I4_EEM_J_ENVELOPE_20260805_092638\results
CAN_MTL_1983,RS-I4,RS-I4,EEM_J_ENVELOPE_EEM4,1,0,0,1,simulated,138.5188,60.9987,7.6208,32.176,9.6077,17.2846,7.7673,91.2526,tier3,474.72,07-17 h14,32.5,397.31,01-02 h07,-23.5,3,7432,0_BEM_Setup/SimResults_neighbourhoods/option_9_qc1983nu_20260805_nonrc\CAN_MTL_1983\RS-I4\RS-I4_EEM_J_ENVELOPE_EEM4_20260805_092738\results
CAN_MTL_1983,RS-I4,RS-I4,EEM_J_ENV_DHW,1,0,1,0,simulated,135.3589,50.6482,10.5958,12.1845,22.905,25.4283,10.5256,91.2526,tier3,582.11,09-08 h19,27.5,486.23,12-25 h07,2.1,2,8054,0_BEM_Setup/SimResults_neighbourhoods/option_9_qc1983nu_20260805_nonrc\CAN_MTL_1983\RS-I4\RS-I4_EEM_J_ENV_DHW_20260805_092720\results
CAN_MTL_1983,RS-I4,RS-I4,EEM_J_ENV_DHW_EEM4,1,0,1,1,simulated,119.9396,62.4724,7.4644,12.2348,9.6077,17.2846,7.8118,91.2526,tier3,477.39,07-19 h11,30.6,343.04,01-16 h19,-2.6,13,9160,0_BEM_Setup/SimResults_neighbourhoods/option_9_qc1983nu_20260805_nonrc\CAN_MTL_1983\RS-I4\RS-I4_EEM_J_ENV_DHW_EEM4_20260805_092743\results
CAN_MTL_1983,RS-I4,RS-I4,EEM_J_ENV_HVAC,1,1,0,0,simulated,115.5277,11.6501,8.574,32.1789,22.905,25.4283,11.7407,91.2526,tier3,745.62,01-03 h10,-10.8,745.62,01-03 h10,-10.8,2,6733,0_BEM_Setup/SimResults_neighbourhoods/option_9_qc1983nu_20260805_nonrc\CAN_MTL_1983\RS-I4\RS-I4_EEM_J_ENV_HVAC_20260805_092702\results
CAN_MTL_1983,RS-I4,RS-I4,EEM_J_ENV_HVAC_DHW,1,1,1,0,simulated,96.572,12.7223,8.4389,12.2306,22.905,25.4283,11.7961,91.2526,tier3,764.56,01-03 h10,-10.8,764.56,01-03 h10,-10.8,14,8458,0_BEM_Setup/SimResults_neighbourhoods/option_9_qc1983nu_20260805_nonrc\CAN_MTL_1983\RS-I4\RS-I4_EEM_J_ENV_HVAC_DHW_20260805_092727\results
CAN_MTL_1983,RS-I4,RS-I4,EEM_J_ENV_HVAC_DHW_EEM4,1,1,1,1,simulated,72.2876,15.0727,5.8363,12.246,9.6077,17.2846,9.1996,91.2526,tier3,514.72,01-11 h19,-21.6,514.72,01-11 h19,-21.6,7,9556,0_BEM_Setup/SimResults_neighbourhoods/option_9_qc1983nu_20260805_nonrc\CAN_MTL_1983\RS-I4\RS-I4_EEM_J_ENV_HVAC_DHW_EEM4_20260805_092750\results
CAN_MTL_1983,RS-I4,RS-I4,EEM_J_ENV_HVAC_EEM4,1,1,0,1,simulated,91.2222,13.9624,5.9586,32.2315,9.6077,17.2846,9.1372,91.2526,tier3,540.07,01-12 h09,-19.4,540.07,01-12 h09,-19.4,2,7831,0_BEM_Setup/SimResults_neighbourhoods/option_9_qc1983nu_20260805_nonrc\CAN_MTL_1983\RS-I4\RS-I4_EEM_J_ENV_HVAC_EEM4_20260805_092743\results
CAN_MTL_1983,RS-I4,RS-I4,EEM_J_HVAC_DHW,0,1,1,0,simulated,121.7707,30.6779,10.0423,12.2994,22.3556,25.4283,17.9267,91.2525,tier3,875.67,01-03 h10,-10.8,875.67,01-03 h10,-10.8,7,8471,0_BEM_Setup/SimResults_neighbourhoods/option_9_qc1983nu_20260805_nonrc\CAN_MTL_1983\RS-I4\RS-I4_EEM_J_HVAC_DHW_20260805_092725\results
CAN_MTL_1983,RS-I4,RS-I4,EEM_J_HVAC_DHW_EEM4,0,1,1,1,simulated,99.1274,32.6274,8.0679,12.289,9.2951,17.2846,16.5345,91.2525,tier3,710.67,01-13 h21,-24.0,710.67,01-13 h21,-24.0,3,9572,0_BEM_Setup\SimResults_neighbourhoods\option_9_qc1983nu_20260805_nonrc\CAN_MTL_1983\RS-I4\RS-I4_EEM_J_HVAC_DHW_EEM4_20260808_120145\results
CAN_MTL_1983,RS-I4,RS-I4,EEM_J_HVAC_ONLY,0,1,0,0,simulated,140.6314,29.5679,10.1357,32.2342,22.3556,25.4283,17.8692,91.2525,tier3,926.37,01-12 h09,-19.4,926.37,01-12 h09,-19.4,3,6749,0_BEM_Setup/SimResults_neighbourhoods/option_9_qc1983nu_20260805_nonrc\CAN_MTL_1983\RS-I4\RS-I4_EEM_J_HVAC_ONLY_20260805_092645\results
CAN_MTL_1983,RS-I4,RS-I4,EEM_J_HVAC_ONLY_EEM4,0,1,0,1,simulated,117.9734,31.496,8.1455,32.2646,9.2951,17.2846,16.4591,91.2525,tier3,755.87,01-13 h21,-24.0,755.87,01-13 h21,-24.0,3,7852,0_BEM_Setup\SimResults_neighbourhoods\option_9_qc1983nu_20260805_nonrc\CAN_MTL_1983\RS-I4\RS-I4_EEM_J_HVAC_ONLY_EEM4_20260808_120145\results
CAN_MTL_1983,RS-S,RS-S,EEM_J_DEFAULT,0,0,0,0,simulated,246.3574,74.219,12.4768,41.8485,25.4318,73.2828,14.5411,0.0,native,330.32,01-14 h08,-27.2,330.32,01-14 h08,-27.2,2,972,0_BEM_Setup/SimResults_neighbourhoods/option_9_qc1983nu_20260805_nonrc\CAN_MTL_1983\RS-S\RS-S_EEM_J_DEFAULT_20260805_091820\results
CAN_MTL_1983,RS-S,RS-S,EEM_J_DHW_ONLY,0,0,1,0,simulated,217.9234,78.6326,12.0078,9.3737,25.4324,73.2828,14.6354,97.4494,tier3,328.93,01-14 h03,-27.2,328.93,01-14 h03,-27.2,62,1404,0_BEM_Setup/SimResults_neighbourhoods/option_9_qc1983nu_20260805_nonrc\CAN_MTL_1983\RS-S\RS-S_EEM_J_DHW_ONLY_20260805_091824\results
CAN_MTL_1983,RS-S,RS-S,EEM_J_DHW_ONLY_EEM4,0,0,1,1,simulated,189.1328,84.4482,9.2511,9.4106,12.9889,55.0961,13.3835,97.4494,tier3,330.3,01-14 h03,-27.2,330.3,01-14 h03,-27.2,2,1414,0_BEM_Setup/SimResults_neighbourhoods/option_9_qc1983nu_20260805_nonrc\CAN_MTL_1983\RS-S\RS-S_EEM_J_DHW_ONLY_EEM4_20260805_092020\results
CAN_MTL_1983,RS-S,RS-S,EEM_J_EEM4_ONLY,0,0,0,1,simulated,216.5069,79.4087,9.307,41.8843,12.9889,55.0961,13.2681,97.4494,tier3,327.57,01-14 h08,-27.2,327.57,01-14 h08,-27.2,3,968,0_BEM_Setup/SimResults_neighbourhoods/option_9_qc1983nu_20260805_nonrc\CAN_MTL_1983\RS-S\RS-S_EEM_J_EEM4_ONLY_20260805_092003\results
CAN_MTL_1983,RS-S,RS-S,EEM_J_ENVELOPE,1,0,0,0,simulated,221.6636,50.949,12.7595,41.3299,25.4794,73.2828,13.291,97.4494,tier3,286.38,01-02 h08,-23.1,286.38,01-02 h08,-23.1,10,964,0_BEM_Setup/SimResults_neighbourhoods/option_9_qc1983nu_20260805_nonrc\CAN_MTL_1983\RS-S\RS-S_EEM_J_ENVELOPE_20260805_091820\results
CAN_MTL_1983,RS-S,RS-S,EEM_J_ENVELOPE_EEM4,1,0,0,1,simulated,193.9202,58.5742,9.5564,41.3834,13.0148,55.0961,11.7281,97.4494,tier3,276.1,01-14 h08,-27.2,276.1,01-14 h08,-27.2,7,940,0_BEM_Setup/SimResults_neighbourhoods/option_9_qc1983nu_20260805_nonrc\CAN_MTL_1983\RS-S\RS-S_EEM_J_ENVELOPE_EEM4_20260805_092011\results
CAN_MTL_1983,RS-S,RS-S,EEM_J_ENV_DHW,1,0,1,0,simulated,194.1074,55.5335,12.667,9.2029,25.4794,73.2828,13.3689,97.4494,tier3,283.12,01-13 h21,-24.0,283.12,01-13 h21,-24.0,61,1412,0_BEM_Setup/SimResults_neighbourhoods/option_9_qc1983nu_20260805_nonrc\CAN_MTL_1983\RS-S\RS-S_EEM_J_ENV_DHW_20260805_091933\results
CAN_MTL_1983,RS-S,RS-S,EEM_J_ENV_DHW_EEM4,1,0,1,1,simulated,166.9288,63.6961,9.4683,9.2496,13.0148,55.0961,11.8361,97.4494,tier3,282.86,01-14 h03,-27.2,282.86,01-14 h03,-27.2,7,1385,0_BEM_Setup/SimResults_neighbourhoods/option_9_qc1983nu_20260805_nonrc\CAN_MTL_1983\RS-S\RS-S_EEM_J_ENV_DHW_EEM4_20260805_092113\results
CAN_MTL_1983,RS-S,RS-S,EEM_J_ENV_HVAC,1,1,0,0,simulated,186.7742,15.6296,11.4493,41.3748,25.4794,73.2828,15.0824,97.4494,tier3,263.03,01-02 h19,-16.7,263.03,01-02 h19,-16.7,46,1117,0_BEM_Setup/SimResults_neighbourhoods/option_9_qc1983nu_20260805_nonrc\CAN_MTL_1983\RS-S\RS-S_EEM_J_ENV_HVAC_20260805_130711\results
CAN_MTL_1983,RS-S,RS-S,EEM_J_ENV_HVAC_DHW,1,1,1,0,simulated,159.4111,20.4301,11.3621,9.2133,25.4794,73.2828,15.1684,97.4494,tier3,263.02,01-14 h03,-27.2,263.02,01-14 h03,-27.2,46,1547,0_BEM_Setup/SimResults_neighbourhoods/option_9_qc1983nu_20260805_nonrc\CAN_MTL_1983\RS-S\RS-S_EEM_J_ENV_HVAC_DHW_20260805_130812\results
CAN_MTL_1983,RS-S,RS-S,EEM_J_ENV_HVAC_DHW_EEM4,1,1,1,1,simulated,127.4245,23.1708,8.6044,9.2552,13.0148,55.0961,13.8239,97.4494,tier3,264.73,01-14 h03,-27.2,264.73,01-14 h03,-27.2,47,1564,0_BEM_Setup/SimResults_neighbourhoods/option_9_qc1983nu_20260805_nonrc\CAN_MTL_1983\RS-S\RS-S_EEM_J_ENV_HVAC_DHW_EEM4_20260805_130859\results
CAN_MTL_1983,RS-S,RS-S,EEM_J_ENV_HVAC_EEM4,1,1,0,1,simulated,154.6579,18.2748,8.6863,41.4352,13.0148,55.0961,13.6927,97.4494,tier3,261.78,01-14 h08,-27.2,261.78,01-14 h08,-27.2,47,1116,0_BEM_Setup/SimResults_neighbourhoods/option_9_qc1983nu_20260805_nonrc\CAN_MTL_1983\RS-S\RS-S_EEM_J_ENV_HVAC_EEM4_20260805_130824\results
CAN_MTL_1983,RS-S,RS-S,EEM_J_HVAC_DHW,0,1,1,0,simulated,169.5198,29.3539,10.8404,9.3618,25.4324,73.2828,16.7905,97.4494,tier3,321.2,01-14 h03,-27.2,321.2,01-14 h03,-27.2,104,1545,0_BEM_Setup/SimResults_neighbourhoods/option_9_qc1983nu_20260805_nonrc\CAN_MTL_1983\RS-S\RS-S_EEM_J_HVAC_DHW_20260805_130807\results
CAN_MTL_1983,RS-S,RS-S,EEM_J_HVAC_DHW_EEM4,0,1,1,1,simulated,137.5627,31.5018,8.4104,9.4052,12.9889,55.0961,15.7228,97.4494,tier3,321.6,01-14 h03,-27.2,321.6,01-14 h03,-27.2,43,1564,0_BEM_Setup/SimResults_neighbourhoods/option_9_qc1983nu_20260805_nonrc\CAN_MTL_1983\RS-S\RS-S_EEM_J_HVAC_DHW_EEM4_20260805_130838\results
CAN_MTL_1983,RS-S,RS-S,EEM_J_HVAC_ONLY,0,1,0,0,simulated,197.2224,24.5561,10.8955,41.8956,25.4324,73.2828,16.7012,97.4494,tier3,328.8,01-14 h08,-27.2,328.8,01-14 h08,-27.2,104,1106,0_BEM_Setup/SimResults_neighbourhoods/option_9_qc1983nu_20260805_nonrc\CAN_MTL_1983\RS-S\RS-S_EEM_J_HVAC_ONLY_20260805_130711\results
CAN_MTL_1983,RS-S,RS-S,EEM_J_HVAC_ONLY_EEM4,0,1,0,1,simulated,165.1436,26.6272,8.4619,41.9423,12.9889,55.0961,15.5907,97.4494,tier3,324.23,01-14 h08,-27.2,324.23,01-14 h08,-27.2,42,1110,0_BEM_Setup/SimResults_neighbourhoods/option_9_qc1983nu_20260805_nonrc\CAN_MTL_1983\RS-S\RS-S_EEM_J_HVAC_ONLY_EEM4_20260805_130820\results
CAN_MTL,CC-B,CC-B,EEM_J_DEFAULT,0,0,0,0,simulated,117.95,24.2604,5.3447,18.2977,14.697,33.087,7.8462,3.4357,native,1595.93,07-17 h09,28.0,1060.4,01-02 h17,-17.1,3,2636,0_BEM_Setup/SimResults_neighbourhoods/option_9_qc1983nu_20260805_nonrc\CAN_MTL\CC-B\CC-B_EEM_J_DEFAULT_20260805_112459\results
CAN_MTL,CC-B,CC-B,EEM_J_DHW_ONLY,0,0,1,0,simulated,104.8172,27.2396,5.0945,2.5653,14.7215,33.087,7.7032,30.5414,tier3,1595.34,07-17 h09,28.0,1131.38,01-02 h18,-16.9,2,2801,0_BEM_Setup/SimResults_neighbourhoods/option_9_qc1983nu_20260805_nonrc\CAN_MTL\CC-B\CC-B_EEM_J_DHW_ONLY_20260805_112516\results
CAN_MTL,CC-B,CC-B,EEM_J_DHW_ONLY_EEM4,0,0,1,1,simulated,86.7985,31.5005,3.7295,2.6051,6.7397,21.9809,5.9739,30.5414,tier3,1084.24,07-17 h18,25.4,802.4,01-02 h19,-16.7,7,2896,0_BEM_Setup/SimResults_neighbourhoods/option_9_qc1983nu_20260805_nonrc\CAN_MTL\CC-B\CC-B_EEM_J_DHW_ONLY_EEM4_20260805_112623\results
CAN_MTL,CC-B,CC-B,EEM_J_EEM4_ONLY,0,0,0,1,simulated,99.9797,29.0225,3.7319,18.3002,6.7397,21.9809,5.9359,30.5414,tier3,989.04,07-17 h17,24.4,658.07,01-02 h18,-16.9,8,2733,0_BEM_Setup/SimResults_neighbourhoods/option_9_qc1983nu_20260805_nonrc\CAN_MTL\CC-B\CC-B_EEM_J_EEM4_ONLY_20260805_112606\results
CAN_MTL,CC-B,CC-B,EEM_J_ENVELOPE,1,0,0,0,simulated,111.0797,16.5182,5.6824,18.2952,14.6758,33.087,8.3978,30.5406,tier3,1574.04,07-17 h09,28.0,1009.79,01-02 h17,-17.1,9,2641,0_BEM_Setup/SimResults_neighbourhoods/option_9_qc1983nu_20260805_nonrc\CAN_MTL\CC-B\CC-B_EEM_J_ENVELOPE_20260805_112508\results
CAN_MTL,CC-B,CC-B,EEM_J_ENVELOPE_EEM4,1,0,0,1,simulated,89.798,17.9119,4.1749,18.2974,6.6801,21.9809,6.4558,30.5406,tier3,999.48,07-17 h17,24.4,592.2,01-02 h18,-16.9,16,2742,0_BEM_Setup/SimResults_neighbourhoods/option_9_qc1983nu_20260805_nonrc\CAN_MTL\CC-B\CC-B_EEM_J_ENVELOPE_EEM4_20260805_112610\results
CAN_MTL,CC-B,CC-B,EEM_J_ENV_DHW,1,0,1,0,simulated,97.843,18.9668,5.6778,2.5799,14.6758,33.087,8.4319,30.5406,tier3,1603.39,07-17 h17,24.4,1075.49,01-02 h18,-16.9,7,2815,0_BEM_Setup/SimResults_neighbourhoods/option_9_qc1983nu_20260805_nonrc\CAN_MTL\CC-B\CC-B_EEM_J_ENV_DHW_20260805_112547\results
CAN_MTL,CC-B,CC-B,EEM_J_ENV_DHW_EEM4,1,0,1,1,simulated,76.5672,20.3985,4.1708,2.547,6.6801,21.9809,6.4923,30.5406,tier3,1108.22,07-17 h18,25.4,739.71,01-02 h19,-16.7,17,2905,0_BEM_Setup/SimResults_neighbourhoods/option_9_qc1983nu_20260805_nonrc\CAN_MTL\CC-B\CC-B_EEM_J_ENV_DHW_EEM4_20260805_112647\results
CAN_MTL,CC-B,CC-B,EEM_J_ENV_HVAC,1,1,0,0,simulated,98.3067,3.5106,5.4193,18.3032,14.6758,33.087,8.9007,30.5406,tier3,1570.6,07-17 h09,28.0,1402.13,01-02 h10,-20.9,9,2696,0_BEM_Setup/SimResults_neighbourhoods/option_9_qc1983nu_20260805_nonrc\CAN_MTL\CC-B\CC-B_EEM_J_ENV_HVAC_20260805_112524\results
CAN_MTL,CC-B,CC-B,EEM_J_ENV_HVAC_DHW,1,1,1,0,simulated,85.0878,5.9959,5.4147,2.5703,14.6758,33.087,8.9337,30.5406,tier3,1596.08,07-17 h17,24.4,1443.8,01-02 h18,-16.9,9,2859,0_BEM_Setup/SimResults_neighbourhoods/option_9_qc1983nu_20260805_nonrc\CAN_MTL\CC-B\CC-B_EEM_J_ENV_HVAC_DHW_20260805_112604\results
CAN_MTL,CC-B,CC-B,EEM_J_ENV_HVAC_DHW_EEM4,1,1,1,1,simulated,62.7465,6.2514,4.029,2.5707,6.6801,21.9809,6.9489,30.5406,tier3,1114.82,01-02 h19,-16.7,1114.82,01-02 h19,-16.7,26,2957,0_BEM_Setup/SimResults_neighbourhoods/option_9_qc1983nu_20260805_nonrc\CAN_MTL\CC-B\CC-B_EEM_J_ENV_HVAC_DHW_EEM4_20260805_112703\results
CAN_MTL,CC-B,CC-B,EEM_J_ENV_HVAC_EEM4,1,1,0,1,simulated,75.9639,3.7637,4.0318,18.3054,6.6801,21.9809,6.9165,30.5406,tier3,998.57,07-17 h17,24.4,969.53,01-02 h18,-16.9,23,2783,0_BEM_Setup/SimResults_neighbourhoods/option_9_qc1983nu_20260805_nonrc\CAN_MTL\CC-B\CC-B_EEM_J_ENV_HVAC_EEM4_20260805_112631\results
CAN_MTL,CC-B,CC-B,EEM_J_HVAC_DHW,0,1,1,0,simulated,85.8465,7.8233,4.8416,2.5762,14.7215,33.087,8.4046,30.5414,tier3,1674.6,01-02 h18,-16.9,1674.6,01-02 h18,-16.9,3,2842,0_BEM_Setup/SimResults_neighbourhoods/option_9_qc1983nu_20260805_nonrc\CAN_MTL\CC-B\CC-B_EEM_J_HVAC_DHW_20260805_112603\results
CAN_MTL,CC-B,CC-B,EEM_J_HVAC_DHW_EEM4,0,1,1,1,simulated,64.7044,8.8848,3.5827,2.607,6.7397,21.9809,6.6549,30.5414,tier3,1303.77,01-02 h19,-16.7,1303.77,01-02 h19,-16.7,8,2939,0_BEM_Setup/SimResults_neighbourhoods/option_9_qc1983nu_20260805_nonrc\CAN_MTL\CC-B\CC-B_EEM_J_HVAC_DHW_EEM4_20260805_112652\results
CAN_MTL,CC-B,CC-B,EEM_J_HVAC_ONLY,0,1,0,0,simulated,99.0555,5.3361,4.8468,18.3056,14.7215,33.087,8.3666,30.5414,tier3,1615.52,01-02 h17,-17.1,1615.52,01-02 h17,-17.1,2,2685,0_BEM_Setup/SimResults_neighbourhoods/option_9_qc1983nu_20260805_nonrc\CAN_MTL\CC-B\CC-B_EEM_J_HVAC_ONLY_20260805_112515\results
CAN_MTL,CC-B,CC-B,EEM_J_HVAC_ONLY_EEM4,0,1,0,1,simulated,77.8972,6.4085,3.5866,18.3085,6.7397,21.9809,6.6188,30.5414,tier3,1156.9,01-02 h18,-16.9,1156.9,01-02 h18,-16.9,8,2786,0_BEM_Setup/SimResults_neighbourhoods/option_9_qc1983nu_20260805_nonrc\CAN_MTL\CC-B\CC-B_EEM_J_HVAC_ONLY_EEM4_20260805_112612\results
CAN_MTL,CC-E1,CC-E1,EEM_J_DEFAULT,0,0,0,0,simulated,95.0601,16.9276,4.5719,12.4241,16.4199,28.8048,7.1779,1.6879,native,1835.95,06-19 h09,24.2,1043.16,01-02 h17,-17.1,25,1577,0_BEM_Setup/SimResults_neighbourhoods/option_9_qc1983nu_20260805_nonrc\CAN_MTL\CC-E1\CC-E1_EEM_J_DEFAULT_20260805_113204\results
CAN_MTL,CC-E1,CC-E1,EEM_J_DHW_ONLY,0,0,1,0,simulated,86.1215,18.5956,4.4498,1.6634,16.4194,28.8048,7.4645,28.021,tier3,1847.54,07-10 h14,24.4,1059.58,01-02 h17,-17.1,12,1905,0_BEM_Setup/SimResults_neighbourhoods/option_9_qc1983nu_20260805_nonrc\CAN_MTL\CC-E1\CC-E1_EEM_J_DHW_ONLY_20260805_113216\results
CAN_MTL,CC-E1,CC-E1,EEM_J_DHW_ONLY_EEM4,0,0,1,1,skipped_eem4_multifamily_gate,,,,,,,,,,,,,,,,,,
CAN_MTL,CC-E1,CC-E1,EEM_J_EEM4_ONLY,0,0,0,1,skipped_eem4_multifamily_gate,,,,,,,,,,,,,,,,,,
CAN_MTL,CC-E1,CC-E1,EEM_J_ENVELOPE,1,0,0,0,simulated,89.3525,10.4249,4.5553,12.4242,16.4123,28.8055,7.9723,28.0209,tier3,1850.35,06-19 h09,24.2,1033.91,01-02 h17,-17.1,105,1600,0_BEM_Setup/SimResults_neighbourhoods/option_9_qc1983nu_20260805_nonrc\CAN_MTL\CC-E1\CC-E1_EEM_J_ENVELOPE_20260805_113214\results
CAN_MTL,CC-E1,CC-E1,EEM_J_ENVELOPE_EEM4,1,0,0,1,simulated,68.7928,13.3401,3.4235,12.4293,8.3081,17.3696,5.2481,28.0209,tier3,1138.27,06-19 h08,23.6,594.26,01-02 h18,-16.9,382,3144,0_BEM_Setup/SimResults_neighbourhoods/option_9_qc1983nu_20260805_nonrc\CAN_MTL\CC-E1\CC-E1_EEM_J_ENVELOPE_EEM4_20260805_113256\results
CAN_MTL,CC-E1,CC-E1,EEM_J_ENV_DHW,1,0,1,0,simulated,79.7034,11.5273,4.5503,1.6681,16.4123,28.8055,7.9789,28.0209,tier3,1854.94,06-19 h09,24.2,1051.85,01-02 h17,-17.1,103,1913,0_BEM_Setup/SimResults_neighbourhoods/option_9_qc1983nu_20260805_nonrc\CAN_MTL\CC-E1\CC-E1_EEM_J_ENV_DHW_20260805_113239\results
CAN_MTL,CC-E1,CC-E1,EEM_J_ENV_DHW_EEM4,1,0,1,1,simulated,59.132,14.4475,3.4133,1.6566,8.3081,17.3696,5.2616,28.0209,tier3,1181.51,07-17 h14,32.5,629.68,01-02 h18,-16.9,384,3460,0_BEM_Setup/SimResults_neighbourhoods/option_9_qc1983nu_20260805_nonrc\CAN_MTL\CC-E1\CC-E1_EEM_J_ENV_DHW_EEM4_20260805_113410\results
CAN_MTL,CC-E1,CC-E1,EEM_J_ENV_HVAC,1,1,0,0,simulated,81.3321,2.1468,4.4822,12.434,16.4123,28.8055,8.3153,28.0209,tier3,1850.18,06-19 h09,24.2,1557.52,01-02 h10,-20.9,109,1633,0_BEM_Setup/SimResults_neighbourhoods/option_9_qc1983nu_20260805_nonrc\CAN_MTL\CC-E1\CC-E1_EEM_J_ENV_HVAC_20260805_113232\results
CAN_MTL,CC-E1,CC-E1,EEM_J_ENV_HVAC_DHW,1,1,1,0,simulated,71.6908,3.2637,4.477,1.6667,16.4123,28.8055,8.3261,28.0209,tier3,1858.08,06-19 h09,24.2,1569.55,01-02 h10,-20.9,97,1945,0_BEM_Setup/SimResults_neighbourhoods/option_9_qc1983nu_20260805_nonrc\CAN_MTL\CC-E1\CC-E1_EEM_J_ENV_HVAC_DHW_20260805_113247\results
CAN_MTL,CC-E1,CC-E1,EEM_J_ENV_HVAC_DHW_EEM4,1,1,1,1,simulated,48.6383,3.6196,3.3184,1.6691,8.3081,17.3696,5.6986,28.0209,tier3,1178.51,07-17 h14,32.5,1152.51,01-02 h18,-16.9,376,3495,0_BEM_Setup/SimResults_neighbourhoods/option_9_qc1983nu_20260805_nonrc\CAN_MTL\CC-E1\CC-E1_EEM_J_ENV_HVAC_DHW_EEM4_20260805_113426\results
CAN_MTL,CC-E1,CC-E1,EEM_J_ENV_HVAC_EEM4,1,1,0,1,simulated,58.2822,2.5025,3.3275,12.4402,8.3081,17.3696,5.6824,28.0209,tier3,1137.81,06-19 h08,23.6,1115.78,01-02 h18,-16.9,378,3173,0_BEM_Setup/SimResults_neighbourhoods/option_9_qc1983nu_20260805_nonrc\CAN_MTL\CC-E1\CC-E1_EEM_J_ENV_HVAC_EEM4_20260805_113406\results
CAN_MTL,CC-E1,CC-E1,EEM_J_HVAC_DHW,0,1,1,0,simulated,72.0949,3.9714,4.3619,1.6661,16.4194,28.8048,8.1678,28.021,tier3,1943.86,01-02 h10,-20.9,1943.86,01-02 h10,-20.9,11,1929,0_BEM_Setup/SimResults_neighbourhoods/option_9_qc1983nu_20260805_nonrc\CAN_MTL\CC-E1\CC-E1_EEM_J_HVAC_DHW_20260805_113240\results
CAN_MTL,CC-E1,CC-E1,EEM_J_HVAC_DHW_EEM4,0,1,1,1,skipped_eem4_multifamily_gate,,,,,,,,,,,,,,,,,,
CAN_MTL,CC-E1,CC-E1,EEM_J_HVAC_ONLY,0,1,0,0,simulated,81.7271,2.8479,4.3631,12.435,16.4194,28.8048,8.157,28.021,tier3,1935.96,01-02 h10,-20.9,1935.96,01-02 h10,-20.9,9,1613,0_BEM_Setup/SimResults_neighbourhoods/option_9_qc1983nu_20260805_nonrc\CAN_MTL\CC-E1\CC-E1_EEM_J_HVAC_ONLY_20260805_113215\results
CAN_MTL,CC-E1,CC-E1,EEM_J_HVAC_ONLY_EEM4,0,1,0,1,skipped_eem4_multifamily_gate,,,,,,,,,,,,,,,,,,
CAN_MTL,CC-E2,CC-E2,EEM_J_DEFAULT,0,0,0,0,simulated,300.3484,174.6177,13.5813,20.8394,22.9778,32.4361,28.7044,1.0239,native,1199.55,07-17 h14,32.5,875.86,01-02 h17,-17.1,27,1398,0_BEM_Setup/SimResults_neighbourhoods/option_9_qc1983nu_20260805_nonrc\CAN_MTL\CC-E2\CC-E2_EEM_J_DEFAULT_20260805_113436\results
CAN_MTL,CC-E2,CC-E2,EEM_J_DHW_ONLY,0,0,1,0,simulated,285.0778,177.1512,13.2935,3.5291,22.9973,32.4361,28.4995,51.2203,tier3,1210.01,07-17 h14,32.5,872.15,01-02 h12,-19.3,39,1756,0_BEM_Setup/SimResults_neighbourhoods/option_9_qc1983nu_20260805_nonrc\CAN_MTL\CC-E2\CC-E2_EEM_J_DHW_ONLY_20260805_113459\results
CAN_MTL,CC-E2,CC-E2,EEM_J_DHW_ONLY_EEM4,0,0,1,1,skipped_eem4_multifamily_gate,,,,,,,,,,,,,,,,,,
CAN_MTL,CC-E2,CC-E2,EEM_J_EEM4_ONLY,0,0,0,1,skipped_eem4_multifamily_gate,,,,,,,,,,,,,,,,,,
CAN_MTL,CC-E2,CC-E2,EEM_J_ENVELOPE,1,0,0,0,simulated,279.9598,155.2674,12.9395,20.8365,22.9424,32.4362,28.2392,51.2203,tier3,1153.17,07-17 h14,32.5,771.18,01-02 h17,-17.1,82,1397,0_BEM_Setup/SimResults_neighbourhoods/option_9_qc1983nu_20260805_nonrc\CAN_MTL\CC-E2\CC-E2_EEM_J_ENVELOPE_20260805_113444\results
CAN_MTL,CC-E2,CC-E2,EEM_J_ENVELOPE_EEM4,1,0,0,1,simulated,252.5132,149.7463,11.4078,20.8448,12.7619,23.647,26.7826,51.2203,tier3,895.07,07-17 h14,32.5,575.21,01-02 h17,-17.1,235,2586,0_BEM_Setup/SimResults_neighbourhoods/option_9_qc1983nu_20260805_nonrc\CAN_MTL\CC-E2\CC-E2_EEM_J_ENVELOPE_EEM4_20260805_113639\results
CAN_MTL,CC-E2,CC-E2,EEM_J_ENV_DHW,1,0,1,0,simulated,264.7777,157.4072,12.9197,3.5042,22.9424,32.4361,28.2636,51.2203,tier3,1182.19,07-17 h14,32.5,775.67,01-02 h17,-17.1,98,1738,0_BEM_Setup/SimResults_neighbourhoods/option_9_qc1983nu_20260805_nonrc\CAN_MTL\CC-E2\CC-E2_EEM_J_ENV_DHW_20260805_113551\results
CAN_MTL,CC-E2,CC-E2,EEM_J_ENV_DHW_EEM4,1,0,1,1,simulated,237.4084,151.9374,11.3936,3.5293,12.7619,23.647,26.8112,51.2203,tier3,911.44,07-17 h13,31.6,588.78,01-02 h19,-16.7,257,2931,0_BEM_Setup/SimResults_neighbourhoods/option_9_qc1983nu_20260805_nonrc\CAN_MTL\CC-E2\CC-E2_EEM_J_ENV_DHW_EEM4_20260805_113707\results
CAN_MTL,CC-E2,CC-E2,EEM_J_ENV_HVAC,1,1,0,0,simulated,144.9319,17.2347,12.9809,20.8591,22.9424,32.4363,31.2304,51.2203,tier3,1180.64,07-17 h14,32.5,1177.95,01-13 h21,-24.0,78,1437,0_BEM_Setup/SimResults_neighbourhoods/option_9_qc1983nu_20260805_nonrc\CAN_MTL\CC-E2\CC-E2_EEM_J_ENV_HVAC_20260805_113512\results
CAN_MTL,CC-E2,CC-E2,EEM_J_ENV_HVAC_DHW,1,1,1,0,simulated,129.7235,19.3696,12.9562,3.5101,22.9424,32.4362,31.2548,51.2203,tier3,1240.22,01-13 h21,-24.0,1240.22,01-13 h21,-24.0,94,1781,0_BEM_Setup/SimResults_neighbourhoods/option_9_qc1983nu_20260805_nonrc\CAN_MTL\CC-E2\CC-E2_EEM_J_ENV_HVAC_DHW_20260805_113635\results
CAN_MTL,CC-E2,CC-E2,EEM_J_ENV_HVAC_DHW_EEM4,1,1,1,1,simulated,107.3742,18.8202,11.393,3.5214,12.7619,23.6471,29.9506,51.2203,tier3,1125.1,01-13 h21,-24.0,1125.1,01-13 h21,-24.0,258,2970,0_BEM_Setup/SimResults_neighbourhoods/option_9_qc1983nu_20260805_nonrc\CAN_MTL\CC-E2\CC-E2_EEM_J_ENV_HVAC_DHW_EEM4_20260805_113710\results
CAN_MTL,CC-E2,CC-E2,EEM_J_ENV_HVAC_EEM4,1,1,0,1,simulated,122.5729,16.6952,11.4115,20.8677,12.7619,23.6472,29.9153,51.2203,tier3,1071.28,01-13 h21,-24.0,1071.28,01-13 h21,-24.0,236,2623,0_BEM_Setup/SimResults_neighbourhoods/option_9_qc1983nu_20260805_nonrc\CAN_MTL\CC-E2\CC-E2_EEM_J_ENV_HVAC_EEM4_20260805_113702\results
CAN_MTL,CC-E2,CC-E2,EEM_J_HVAC_DHW,0,1,1,0,simulated,135.4722,24.2688,13.3236,3.5493,22.9973,32.4361,31.7793,51.2203,tier3,1391.96,01-02 h11,-19.8,1391.96,01-02 h11,-19.8,38,1793,0_BEM_Setup/SimResults_neighbourhoods/option_9_qc1983nu_20260805_nonrc\CAN_MTL\CC-E2\CC-E2_EEM_J_HVAC_DHW_20260805_113625\results
CAN_MTL,CC-E2,CC-E2,EEM_J_HVAC_DHW_EEM4,0,1,1,1,skipped_eem4_multifamily_gate,,,,,,,,,,,,,,,,,,
CAN_MTL,CC-E2,CC-E2,EEM_J_HVAC_ONLY,0,1,0,0,simulated,150.6298,22.1407,13.3397,20.861,22.9973,32.4361,31.74,51.2203,tier3,1371.28,01-02 h10,-20.9,1371.28,01-02 h10,-20.9,26,1448,0_BEM_Setup/SimResults_neighbourhoods/option_9_qc1983nu_20260805_nonrc\CAN_MTL\CC-E2\CC-E2_EEM_J_HVAC_ONLY_20260805_113451\results
CAN_MTL,CC-E2,CC-E2,EEM_J_HVAC_ONLY_EEM4,0,1,0,1,skipped_eem4_multifamily_gate,,,,,,,,,,,,,,,,,,
CAN_MTL,CC-E3,CC-E3,EEM_J_DEFAULT,0,0,0,0,simulated,284.7211,155.9237,14.5605,23.2636,21.694,34.4957,27.5723,0.7028,native,1285.21,07-17 h13,31.6,738.26,12-26 h10,-3.4,38,1803,0_BEM_Setup/SimResults_neighbourhoods/option_9_qc1983nu_20260805_nonrc\CAN_MTL\CC-E3\CC-E3_EEM_J_DEFAULT_20260805_113723\results
CAN_MTL,CC-E3,CC-E3,EEM_J_DHW_ONLY,0,0,1,0,simulated,267.9134,157.6634,14.3085,5.1363,21.7015,34.4956,27.4145,54.396,tier3,1292.02,07-17 h14,32.5,720.73,12-20 h13,-9.3,15,2565,0_BEM_Setup/SimResults_neighbourhoods/option_9_qc1983nu_20260805_nonrc\CAN_MTL\CC-E3\CC-E3_EEM_J_DHW_ONLY_20260805_113816\results
CAN_MTL,CC-E3,CC-E3,EEM_J_DHW_ONLY_EEM4,0,0,1,1,skipped_eem4_multifamily_gate,,,,,,,,,,,,,,,,,,
CAN_MTL,CC-E3,CC-E3,EEM_J_EEM4_ONLY,0,0,0,1,skipped_eem4_multifamily_gate,,,,,,,,,,,,,,,,,,
CAN_MTL,CC-E3,CC-E3,EEM_J_ENVELOPE,1,0,0,0,simulated,268.9854,140.9831,14.0554,23.2558,21.6386,34.4955,27.2729,54.3915,tier3,1253.8,07-17 h14,32.5,739.56,12-13 h17,-11.9,91,1827,0_BEM_Setup/SimResults_neighbourhoods/option_9_qc1983nu_20260805_nonrc\CAN_MTL\CC-E3\CC-E3_EEM_J_ENVELOPE_20260805_113754\results
CAN_MTL,CC-E3,CC-E3,EEM_J_ENVELOPE_EEM4,1,0,0,1,simulated,244.8499,136.7765,12.447,23.2645,12.0366,26.998,26.0345,54.3915,tier3,1006.28,07-17 h14,32.5,562.28,12-13 h17,-11.9,241,3342,0_BEM_Setup/SimResults_neighbourhoods/option_9_qc1983nu_20260805_nonrc\CAN_MTL\CC-E3\CC-E3_EEM_J_ENVELOPE_EEM4_20260805_114006\results
CAN_MTL,CC-E3,CC-E3,EEM_J_ENV_DHW,1,0,1,0,simulated,252.3936,142.4786,14.0069,5.128,21.6386,34.4955,27.3477,54.3915,tier3,1250.71,07-17 h13,31.6,722.61,12-05 h17,-9.4,84,2566,0_BEM_Setup/SimResults_neighbourhoods/option_9_qc1983nu_20260805_nonrc\CAN_MTL\CC-E3\CC-E3_EEM_J_ENV_DHW_20260805_113933\results
CAN_MTL,CC-E3,CC-E3,EEM_J_ENV_DHW_EEM4,1,0,1,1,simulated,229.9798,140.0922,12.4964,5.1298,12.0366,26.9979,25.9365,54.3915,tier3,1028.46,07-17 h13,31.6,554.0,12-04 h18,-7.0,266,4079,0_BEM_Setup/SimResults_neighbourhoods/option_9_qc1983nu_20260805_nonrc\CAN_MTL\CC-E3\CC-E3_EEM_J_ENV_DHW_EEM4_20260805_114028\results
CAN_MTL,CC-E3,CC-E3,EEM_J_ENV_HVAC,1,1,0,0,simulated,143.3719,12.4572,14.3392,23.272,21.6386,34.4954,29.9187,54.3915,tier3,1285.77,07-17 h13,31.6,1152.23,01-02 h10,-20.9,69,1904,0_BEM_Setup/SimResults_neighbourhoods/option_9_qc1983nu_20260805_nonrc\CAN_MTL\CC-E3\CC-E3_EEM_J_ENV_HVAC_20260805_113840\results
CAN_MTL,CC-E3,CC-E3,EEM_J_ENV_HVAC_DHW,1,1,1,0,simulated,126.5882,13.7865,14.2777,5.1228,21.6386,34.4954,30.0036,54.3915,tier3,1288.42,07-17 h14,32.5,1159.93,01-02 h11,-19.8,73,2647,0_BEM_Setup/SimResults_neighbourhoods/option_9_qc1983nu_20260805_nonrc\CAN_MTL\CC-E3\CC-E3_EEM_J_ENV_HVAC_DHW_20260805_114003\results
CAN_MTL,CC-E3,CC-E3,EEM_J_ENV_HVAC_DHW_EEM4,1,1,1,1,simulated,106.2485,13.4341,12.639,5.1268,12.0366,26.9979,28.7552,54.3915,tier3,1059.46,07-17 h13,31.6,996.67,01-13 h21,-24.0,269,4159,0_BEM_Setup/SimResults_neighbourhoods/option_9_qc1983nu_20260805_nonrc\CAN_MTL\CC-E3\CC-E3_EEM_J_ENV_HVAC_DHW_EEM4_20260805_114029\results
CAN_MTL,CC-E3,CC-E3,EEM_J_ENV_HVAC_EEM4,1,1,0,1,simulated,122.9349,11.9246,12.607,23.2859,12.0366,26.998,28.8215,54.3915,tier3,1039.22,07-17 h12,30.6,961.46,01-13 h21,-24.0,239,3415,0_BEM_Setup/SimResults_neighbourhoods/option_9_qc1983nu_20260805_nonrc\CAN_MTL\CC-E3\CC-E3_EEM_J_ENV_HVAC_EEM4_20260805_114009\results
CAN_MTL,CC-E3,CC-E3,EEM_J_HVAC_DHW,0,1,1,0,simulated,128.6623,15.2058,14.5511,5.13,21.7015,34.4956,30.4237,54.396,tier3,1338.16,01-02 h11,-19.8,1338.16,01-02 h11,-19.8,15,2625,0_BEM_Setup/SimResults_neighbourhoods/option_9_qc1983nu_20260805_nonrc\CAN_MTL\CC-E3\CC-E3_EEM_J_HVAC_DHW_20260805_113956\results
CAN_MTL,CC-E3,CC-E3,EEM_J_HVAC_DHW_EEM4,0,1,1,1,skipped_eem4_multifamily_gate,,,,,,,,,,,,,,,,,,
CAN_MTL,CC-E3,CC-E3,EEM_J_HVAC_ONLY,0,1,0,0,simulated,145.4487,13.8531,14.6186,23.2793,21.7015,34.4956,30.355,54.396,tier3,1339.23,01-02 h10,-20.9,1339.23,01-02 h10,-20.9,19,1884,0_BEM_Setup/SimResults_neighbourhoods/option_9_qc1983nu_20260805_nonrc\CAN_MTL\CC-E3\CC-E3_EEM_J_HVAC_ONLY_20260805_113810\results
CAN_MTL,CC-E3,CC-E3,EEM_J_HVAC_ONLY_EEM4,0,1,0,1,skipped_eem4_multifamily_gate,,,,,,,,,,,,,,,,,,
CAN_MTL,CC-FD1,CC-FD1,EEM_J_DEFAULT,0,0,0,0,simulated,124.9657,28.1409,6.7067,29.1786,12.6648,31.0327,11.4366,0.1885,native,4914.63,07-18 h09,25.0,2694.52,12-26 h10,-3.4,6,1879,0_BEM_Setup/SimResults_neighbourhoods/option_9_qc1983nu_20260805_nonrc\CAN_MTL\CC-FD1\CC-FD1_EEM_J_DEFAULT_20260805_114114\results
CAN_MTL,CC-FD1,CC-FD1,EEM_J_DHW_ONLY,0,0,1,0,simulated,105.2258,28.7306,6.6302,8.9123,12.6776,31.0327,11.4358,8.954,tier3,5068.34,07-18 h09,25.0,3170.59,01-03 h18,-1.9,7,2109,0_BEM_Setup/SimResults_neighbourhoods/option_9_qc1983nu_20260805_nonrc\CAN_MTL\CC-FD1\CC-FD1_EEM_J_DHW_ONLY_20260805_114213\results
CAN_MTL,CC-FD1,CC-FD1,EEM_J_DHW_ONLY_EEM4,0,0,1,1,simulated,90.3345,34.5285,5.3811,8.9149,6.4157,19.5945,9.5168,8.954,tier3,3778.57,07-17 h17,24.4,2103.64,12-25 h19,0.9,25,2479,0_BEM_Setup/SimResults_neighbourhoods/option_9_qc1983nu_20260805_nonrc\CAN_MTL\CC-FD1\CC-FD1_EEM_J_DHW_ONLY_EEM4_20260805_114510\results
CAN_MTL,CC-FD1,CC-FD1,EEM_J_EEM4_ONLY,0,0,0,1,simulated,110.092,34.0622,5.3871,29.1795,6.4157,19.5945,9.4703,8.954,tier3,3470.47,07-17 h08,26.2,1663.05,12-25 h19,0.9,24,2246,0_BEM_Setup/SimResults_neighbourhoods/option_9_qc1983nu_20260805_nonrc\CAN_MTL\CC-FD1\CC-FD1_EEM_J_EEM4_ONLY_20260805_114448\results
CAN_MTL,CC-FD1,CC-FD1,EEM_J_ENVELOPE,1,0,0,0,simulated,112.7006,14.222,7.6316,29.1798,12.33,31.0327,12.713,8.9286,tier3,4713.78,07-17 h09,27.2,2700.14,02-28 h16,-10.5,67,1963,0_BEM_Setup/SimResults_neighbourhoods/option_9_qc1983nu_20260805_nonrc\CAN_MTL\CC-FD1\CC-FD1_EEM_J_ENVELOPE_20260805_114203\results
CAN_MTL,CC-FD1,CC-FD1,EEM_J_ENVELOPE_EEM4,1,0,0,1,simulated,93.2066,16.2667,6.1111,29.1795,6.1366,19.5945,9.9828,8.9548,tier3,3405.72,07-17 h08,26.2,1669.88,12-25 h19,0.9,8,2235,0_BEM_Setup/SimResults_neighbourhoods/option_9_qc1983nu_20260805_nonrc\CAN_MTL\CC-FD1\CC-FD1_EEM_J_ENVELOPE_EEM4_20260805_114459\results
CAN_MTL,CC-FD1,CC-FD1,EEM_J_ENV_DHW,1,0,1,0,simulated,90.8749,13.2733,7.4942,8.8955,12.3318,31.0327,12.0881,8.9548,tier3,5036.08,07-18 h09,25.0,3167.2,02-15 h18,-5.0,34,2185,0_BEM_Setup/SimResults_neighbourhoods/option_9_qc1983nu_20260805_nonrc\CAN_MTL\CC-FD1\CC-FD1_EEM_J_ENV_DHW_20260805_114409\results
CAN_MTL,CC-FD1,CC-FD1,EEM_J_ENV_DHW_EEM4,1,0,1,1,simulated,73.4492,16.7378,6.1055,8.9054,6.1366,19.5945,10.034,8.9548,tier3,3698.78,07-17 h17,24.4,2132.72,12-25 h19,0.9,9,2450,0_BEM_Setup/SimResults_neighbourhoods/option_9_qc1983nu_20260805_nonrc\CAN_MTL\CC-FD1\CC-FD1_EEM_J_ENV_DHW_EEM4_20260805_114628\results
CAN_MTL,CC-FD1,CC-FD1,EEM_J_ENV_HVAC,1,1,0,0,simulated,101.4233,1.6648,7.5773,29.1837,12.33,31.0327,14.053,8.9286,tier3,4716.24,07-17 h09,27.2,4132.94,01-03 h09,-12.4,25,2037,0_BEM_Setup/SimResults_neighbourhoods/option_9_qc1983nu_20260805_nonrc\CAN_MTL\CC-FD1\CC-FD1_EEM_J_ENV_HVAC_20260805_114244\results
CAN_MTL,CC-FD1,CC-FD1,EEM_J_ENV_HVAC_DHW,1,1,1,0,simulated,81.6899,2.1268,7.5726,8.9458,12.33,31.0327,14.1006,8.9286,tier3,4901.82,07-17 h09,27.2,4381.38,01-03 h09,-12.4,15,2199,0_BEM_Setup/SimResults_neighbourhoods/option_9_qc1983nu_20260805_nonrc\CAN_MTL\CC-FD1\CC-FD1_EEM_J_ENV_HVAC_DHW_20260805_114442\results
CAN_MTL,CC-FD1,CC-FD1,EEM_J_ENV_HVAC_DHW_EEM4,1,1,1,1,simulated,61.3808,2.4273,6.2156,8.9753,6.1333,19.5945,12.3334,8.9286,tier3,3817.41,01-03 h08,-13.9,3817.41,01-03 h08,-13.9,16,2527,0_BEM_Setup/SimResults_neighbourhoods/option_9_qc1983nu_20260805_nonrc\CAN_MTL\CC-FD1\CC-FD1_EEM_J_ENV_HVAC_DHW_EEM4_20260805_114744\results
CAN_MTL,CC-FD1,CC-FD1,EEM_J_ENV_HVAC_EEM4,1,1,0,1,simulated,79.8737,1.9275,6.0802,29.1846,6.1366,19.5945,11.026,8.9548,tier3,3504.31,01-03 h08,-13.7,3504.31,01-03 h08,-13.7,7,2302,0_BEM_Setup/SimResults_neighbourhoods/option_9_qc1983nu_20260805_nonrc\CAN_MTL\CC-FD1\CC-FD1_EEM_J_ENV_HVAC_EEM4_20260805_114534\results
CAN_MTL,CC-FD1,CC-FD1,EEM_J_HVAC_DHW,0,1,1,0,simulated,81.236,3.3153,6.5571,8.9123,12.6776,31.0327,12.9448,8.954,tier3,5271.41,01-03 h09,-11.5,5271.41,01-03 h09,-11.5,9,2171,0_BEM_Setup/SimResults_neighbourhoods/option_9_qc1983nu_20260805_nonrc\CAN_MTL\CC-FD1\CC-FD1_EEM_J_HVAC_DHW_20260805_114419\results
CAN_MTL,CC-FD1,CC-FD1,EEM_J_HVAC_DHW_EEM4,0,1,1,1,simulated,61.151,3.8281,5.3408,8.9159,6.4157,19.5945,11.0837,8.954,tier3,4390.43,01-13 h21,-24.0,4390.43,01-13 h21,-24.0,25,2544,0_BEM_Setup/SimResults_neighbourhoods/option_9_qc1983nu_20260805_nonrc\CAN_MTL\CC-FD1\CC-FD1_EEM_J_HVAC_DHW_EEM4_20260805_114641\results
CAN_MTL,CC-FD1,CC-FD1,EEM_J_HVAC_ONLY,0,1,0,0,simulated,100.9963,2.8458,6.563,29.184,12.6776,31.0327,12.8971,8.954,tier3,5042.55,01-03 h09,-11.5,5042.55,01-03 h09,-11.5,6,1959,0_BEM_Setup/SimResults_neighbourhoods/option_9_qc1983nu_20260805_nonrc\CAN_MTL\CC-FD1\CC-FD1_EEM_J_HVAC_ONLY_20260805_114211\results
CAN_MTL,CC-FD1,CC-FD1,EEM_J_HVAC_ONLY_EEM4,0,1,0,1,simulated,80.9051,3.3576,5.3465,29.1841,6.4157,19.5945,11.0345,8.954,tier3,4055.18,01-03 h08,-13.7,4055.18,01-03 h08,-13.7,24,2320,0_BEM_Setup/SimResults_neighbourhoods/option_9_qc1983nu_20260805_nonrc\CAN_MTL\CC-FD1\CC-FD1_EEM_J_HVAC_ONLY_EEM4_20260805_114509\results
CAN_MTL,CC-FD2,CC-FD2,EEM_J_DEFAULT,0,0,0,0,simulated,117.3762,22.6059,6.5988,22.9077,13.3599,33.3833,8.8493,1.1901,native,2925.09,07-18 h16,24.8,1851.86,01-02 h17,-17.1,20,10614,0_BEM_Setup/SimResults_neighbourhoods/option_9_qc1983nu_20260805_nonrc\CAN_MTL\CC-FD2\CC-FD2_EEM_J_DEFAULT_20260805_114815\results
CAN_MTL,CC-FD2,CC-FD2,EEM_J_DHW_ONLY,0,0,1,0,simulated,101.9276,23.7295,6.4717,6.3622,13.375,33.3833,8.9296,15.5544,tier3,3057.95,07-17 h17,24.4,2009.93,01-02 h18,-16.9,10,10876,0_BEM_Setup/SimResults_neighbourhoods/option_9_qc1983nu_20260805_nonrc\CAN_MTL\CC-FD2\CC-FD2_EEM_J_DHW_ONLY_20260805_114851\results
CAN_MTL,CC-FD2,CC-FD2,EEM_J_DHW_ONLY_EEM4,0,0,1,1,simulated,84.4748,28.7079,5.0267,6.3502,6.4318,21.363,6.9185,15.5544,tier3,2098.11,07-17 h17,24.4,1328.17,01-02 h18,-16.9,24,11460,0_BEM_Setup/SimResults_neighbourhoods/option_9_qc1983nu_20260805_nonrc\CAN_MTL\CC-FD2\CC-FD2_EEM_J_DHW_ONLY_EEM4_20260805_115055\results
CAN_MTL,CC-FD2,CC-FD2,EEM_J_EEM4_ONLY,0,0,0,1,simulated,99.9957,27.7025,5.035,22.9094,6.4318,21.363,6.8781,15.5544,tier3,1886.02,07-17 h14,32.5,1075.56,01-02 h17,-17.1,21,11190,0_BEM_Setup/SimResults_neighbourhoods/option_9_qc1983nu_20260805_nonrc\CAN_MTL\CC-FD2\CC-FD2_EEM_J_EEM4_ONLY_20260805_115026\results
CAN_MTL,CC-FD2,CC-FD2,EEM_J_ENVELOPE,1,0,0,0,simulated,109.5725,12.6207,7.4172,22.9093,13.184,33.3833,10.4845,15.5138,tier3,2961.89,07-18 h09,24.6,1787.76,01-02 h17,-17.1,78,10620,0_BEM_Setup/SimResults_neighbourhoods/option_9_qc1983nu_20260805_nonrc\CAN_MTL\CC-FD2\CC-FD2_EEM_J_ENVELOPE_20260805_114828\results
CAN_MTL,CC-FD2,CC-FD2,EEM_J_ENVELOPE_EEM4,1,0,0,1,simulated,88.2988,15.0352,5.6184,22.91,6.275,21.363,7.4231,15.5548,tier3,1843.38,07-17 h17,24.4,1029.39,01-02 h17,-17.1,33,11185,0_BEM_Setup/SimResults_neighbourhoods/option_9_qc1983nu_20260805_nonrc\CAN_MTL\CC-FD2\CC-FD2_EEM_J_ENVELOPE_EEM4_20260805_115028\results
CAN_MTL,CC-FD2,CC-FD2,EEM_J_ENV_DHW,1,0,1,0,simulated,92.5314,13.2112,7.1565,6.335,13.1855,33.3833,9.5648,15.5548,tier3,3039.44,07-17 h17,24.4,1963.36,01-02 h18,-16.9,24,10917,0_BEM_Setup/SimResults_neighbourhoods/option_9_qc1983nu_20260805_nonrc\CAN_MTL\CC-FD2\CC-FD2_EEM_J_ENV_DHW_20260805_114922\results
CAN_MTL,CC-FD2,CC-FD2,EEM_J_ENV_DHW_EEM4,1,0,1,1,simulated,72.7326,16.0323,5.6056,6.3209,6.275,21.363,7.4613,15.5548,tier3,2088.37,07-17 h18,25.4,1287.38,01-02 h18,-16.9,41,11479,0_BEM_Setup/SimResults_neighbourhoods/option_9_qc1983nu_20260805_nonrc\CAN_MTL\CC-FD2\CC-FD2_EEM_J_ENV_DHW_EEM4_20260805_115146\results
CAN_MTL,CC-FD2,CC-FD2,EEM_J_ENV_HVAC,1,1,0,0,simulated,100.2792,2.7147,7.2755,22.9174,13.184,33.3833,11.247,15.5138,tier3,2961.83,07-18 h09,24.6,2808.84,01-02 h09,-22.6,83,11001,0_BEM_Setup/SimResults_neighbourhoods/option_9_qc1983nu_20260805_nonrc\CAN_MTL\CC-FD2\CC-FD2_EEM_J_ENV_HVAC_20260805_114851\results
CAN_MTL,CC-FD2,CC-FD2,EEM_J_ENV_HVAC_DHW,1,1,1,0,simulated,84.7431,3.7066,7.2604,6.3934,13.184,33.3833,11.2538,15.5138,tier3,3022.81,07-18 h09,24.6,2933.28,01-02 h09,-22.6,35,11240,0_BEM_Setup/SimResults_neighbourhoods/option_9_qc1983nu_20260805_nonrc\CAN_MTL\CC-FD2\CC-FD2_EEM_J_ENV_HVAC_DHW_20260805_115021\results
CAN_MTL,CC-FD2,CC-FD2,EEM_J_ENV_HVAC_DHW_EEM4,1,1,1,1,simulated,62.3304,4.1779,5.7357,6.3918,6.2734,21.363,8.7786,15.5138,tier3,2149.36,01-02 h09,-22.6,2149.36,01-02 h09,-22.6,36,11778,0_BEM_Setup/SimResults_neighbourhoods/option_9_qc1983nu_20260805_nonrc\CAN_MTL\CC-FD2\CC-FD2_EEM_J_ENV_HVAC_DHW_EEM4_20260805_115228\results
CAN_MTL,CC-FD2,CC-FD2,EEM_J_ENV_HVAC_EEM4,1,1,0,1,simulated,76.8568,3.0155,5.5341,22.9187,6.275,21.363,8.0934,15.5548,tier3,1839.48,07-17 h17,24.4,1801.4,01-02 h09,-22.2,35,11550,0_BEM_Setup/SimResults_neighbourhoods/option_9_qc1983nu_20260805_nonrc\CAN_MTL\CC-FD2\CC-FD2_EEM_J_ENV_HVAC_EEM4_20260805_115112\results
CAN_MTL,CC-FD2,CC-FD2,EEM_J_HVAC_DHW,0,1,1,0,simulated,83.8005,4.8853,6.3156,6.3556,13.375,33.3833,9.827,15.5544,tier3,3128.13,01-02 h18,-16.9,3128.13,01-02 h18,-16.9,9,11238,0_BEM_Setup/SimResults_neighbourhoods/option_9_qc1983nu_20260805_nonrc\CAN_MTL\CC-FD2\CC-FD2_EEM_J_HVAC_DHW_20260805_115015\results
CAN_MTL,CC-FD2,CC-FD2,EEM_J_HVAC_DHW_EEM4,0,1,1,1,simulated,62.18,5.5785,4.9256,6.3551,6.4318,21.363,7.8661,15.5544,tier3,2470.33,01-02 h18,-16.9,2470.33,01-02 h18,-16.9,23,11821,0_BEM_Setup/SimResults_neighbourhoods/option_9_qc1983nu_20260805_nonrc\CAN_MTL\CC-FD2\CC-FD2_EEM_J_HVAC_DHW_EEM4_20260805_115206\results
CAN_MTL,CC-FD2,CC-FD2,EEM_J_HVAC_ONLY,0,1,0,0,simulated,99.3277,3.8875,6.321,22.9159,13.375,33.3833,9.7879,15.5544,tier3,2978.27,01-02 h17,-17.1,2978.27,01-02 h17,-17.1,15,10975,0_BEM_Setup/SimResults_neighbourhoods/option_9_qc1983nu_20260805_nonrc\CAN_MTL\CC-FD2\CC-FD2_EEM_J_HVAC_ONLY_20260805_114847\results
CAN_MTL,CC-FD2,CC-FD2,EEM_J_HVAC_ONLY_EEM4,0,1,0,1,simulated,77.709,4.5822,4.9341,22.9164,6.4318,21.363,7.8227,15.5544,tier3,2215.12,01-02 h17,-17.1,2215.12,01-02 h17,-17.1,19,11550,0_BEM_Setup/SimResults_neighbourhoods/option_9_qc1983nu_20260805_nonrc\CAN_MTL\CC-FD2\CC-FD2_EEM_J_HVAC_ONLY_EEM4_20260805_115034\results
CAN_MTL,CC-FD3,CC-FD3,EEM_J_DEFAULT,0,0,0,0,simulated,132.9034,29.1207,7.9479,29.4991,13.7244,34.7873,10.4298,0.3485,native,3595.9,07-17 h09,28.0,2136.15,01-02 h17,-17.1,11,15795,0_BEM_Setup/SimResults_neighbourhoods/option_9_qc1983nu_20260805_nonrc\CAN_MTL\CC-FD3\CC-FD3_EEM_J_DEFAULT_20260805_115300\results
CAN_MTL,CC-FD3,CC-FD3,EEM_J_DHW_ONLY,0,0,1,0,simulated,113.3621,29.8531,7.8236,9.3762,13.745,34.7873,10.3777,13.2192,tier3,3854.59,07-17 h17,24.4,2484.47,01-02 h18,-16.9,8,16180,0_BEM_Setup/SimResults_neighbourhoods/option_9_qc1983nu_20260805_nonrc\CAN_MTL\CC-FD3\CC-FD3_EEM_J_DHW_ONLY_20260805_115334\results
CAN_MTL,CC-FD3,CC-FD3,EEM_J_DHW_ONLY_EEM4,0,0,1,1,simulated,96.7402,35.2162,6.2531,9.3582,6.9173,23.0718,8.3668,13.2192,tier3,2716.86,07-17 h17,24.4,1693.58,01-02 h19,-16.7,20,16871,0_BEM_Setup/SimResults_neighbourhoods/option_9_qc1983nu_20260805_nonrc\CAN_MTL\CC-FD3\CC-FD3_EEM_J_DHW_ONLY_EEM4_20260805_115544\results
CAN_MTL,CC-FD3,CC-FD3,EEM_J_EEM4_ONLY,0,0,0,1,simulated,116.4073,34.7904,6.2522,29.5014,6.9173,23.0718,8.3175,13.2192,tier3,2432.85,07-17 h08,26.2,1257.43,12-25 h19,0.9,20,16467,0_BEM_Setup/SimResults_neighbourhoods/option_9_qc1983nu_20260805_nonrc\CAN_MTL\CC-FD3\CC-FD3_EEM_J_EEM4_ONLY_20260805_115503\results
CAN_MTL,CC-FD3,CC-FD3,EEM_J_ENVELOPE,1,0,0,0,simulated,119.5965,14.7364,8.8585,29.4993,13.4494,34.7873,10.8768,13.2194,tier3,3484.1,07-17 h10,29.3,2112.93,02-17 h16,-1.4,15,15876,0_BEM_Setup/SimResults_neighbourhoods/option_9_qc1983nu_20260805_nonrc\CAN_MTL\CC-FD3\CC-FD3_EEM_J_ENVELOPE_20260805_115313\results
CAN_MTL,CC-FD3,CC-FD3,EEM_J_ENVELOPE_EEM4,1,0,0,1,simulated,100.3731,17.8414,7.0493,29.5008,6.6672,23.0718,8.688,13.2194,tier3,2380.03,07-17 h08,26.2,1260.91,12-25 h19,0.9,42,16497,0_BEM_Setup/SimResults_neighbourhoods/option_9_qc1983nu_20260805_nonrc\CAN_MTL\CC-FD3\CC-FD3_EEM_J_ENVELOPE_EEM4_20260805_115516\results
CAN_MTL,CC-FD3,CC-FD3,EEM_J_ENV_DHW,1,0,1,0,simulated,99.9148,15.1656,8.8592,9.3381,13.4494,34.7873,10.9265,13.2194,tier3,3692.07,07-17 h17,24.4,2436.32,02-15 h18,-5.0,19,16276,0_BEM_Setup/SimResults_neighbourhoods/option_9_qc1983nu_20260805_nonrc\CAN_MTL\CC-FD3\CC-FD3_EEM_J_ENV_DHW_20260805_115410\results
CAN_MTL,CC-FD3,CC-FD3,EEM_J_ENV_DHW_EEM4,1,0,1,1,simulated,80.7161,18.2948,7.0523,9.332,6.6672,23.0718,8.7445,13.2194,tier3,2651.71,07-17 h17,24.4,1657.03,12-25 h19,0.9,21,16883,0_BEM_Setup/SimResults_neighbourhoods/option_9_qc1983nu_20260805_nonrc\CAN_MTL\CC-FD3\CC-FD3_EEM_J_ENV_DHW_EEM4_20260805_115623\results
CAN_MTL,CC-FD3,CC-FD3,EEM_J_ENV_HVAC,1,1,0,0,simulated,108.0376,2.3367,8.7829,29.5052,13.4494,34.7873,11.8058,13.2194,tier3,3482.89,07-17 h09,28.0,3204.28,01-02 h10,-20.9,32,15962,0_BEM_Setup/SimResults_neighbourhoods/option_9_qc1983nu_20260805_nonrc\CAN_MTL\CC-FD3\CC-FD3_EEM_J_ENV_HVAC_20260805_115336\results
CAN_MTL,CC-FD3,CC-FD3,EEM_J_ENV_HVAC_DHW,1,1,1,0,simulated,88.374,2.7653,8.7834,9.3623,13.4494,34.7873,11.8559,13.2194,tier3,3682.74,07-17 h17,24.4,3377.24,01-02 h18,-16.9,15,16357,0_BEM_Setup/SimResults_neighbourhoods/option_9_qc1983nu_20260805_nonrc\CAN_MTL\CC-FD3\CC-FD3_EEM_J_ENV_HVAC_DHW_20260805_115446\results
CAN_MTL,CC-FD3,CC-FD3,EEM_J_ENV_HVAC_DHW_EEM4,1,1,1,1,simulated,66.4707,3.1358,7.0222,9.3569,6.6672,23.0718,9.682,13.2194,tier3,2853.87,01-02 h19,-16.7,2853.87,01-02 h19,-16.7,31,16978,0_BEM_Setup/SimResults_neighbourhoods/option_9_qc1983nu_20260805_nonrc\CAN_MTL\CC-FD3\CC-FD3_EEM_J_ENV_HVAC_DHW_EEM4_20260805_115703\results
CAN_MTL,CC-FD3,CC-FD3,EEM_J_ENV_HVAC_EEM4,1,1,0,1,simulated,86.1252,2.7056,7.0194,29.5078,6.6672,23.0718,9.6183,13.2194,tier3,2418.69,01-02 h09,-22.2,2418.69,01-02 h09,-22.2,24,16589,0_BEM_Setup/SimResults_neighbourhoods/option_9_qc1983nu_20260805_nonrc\CAN_MTL\CC-FD3\CC-FD3_EEM_J_ENV_HVAC_EEM4_20260805_115548\results
CAN_MTL,CC-FD3,CC-FD3,EEM_J_HVAC_DHW,0,1,1,0,simulated,89.1361,4.3961,7.7446,9.3815,13.745,34.7873,11.7013,13.2192,tier3,4451.69,01-02 h18,-16.9,4451.69,01-02 h18,-16.9,8,16262,0_BEM_Setup/SimResults_neighbourhoods/option_9_qc1983nu_20260805_nonrc\CAN_MTL\CC-FD3\CC-FD3_EEM_J_HVAC_DHW_20260805_115446\results
CAN_MTL,CC-FD3,CC-FD3,EEM_J_HVAC_DHW_EEM4,0,1,1,1,simulated,67.9397,5.124,6.2174,9.3685,6.9173,23.0718,9.7027,13.2192,tier3,3781.74,01-02 h19,-16.7,3781.74,01-02 h19,-16.7,20,16951,0_BEM_Setup/SimResults_neighbourhoods/option_9_qc1983nu_20260805_nonrc\CAN_MTL\CC-FD3\CC-FD3_EEM_J_HVAC_DHW_EEM4_20260805_115640\results
CAN_MTL,CC-FD3,CC-FD3,EEM_J_HVAC_ONLY,0,1,0,0,simulated,108.7811,3.9664,7.7444,29.5054,13.745,34.7873,11.6522,13.2192,tier3,4091.11,01-02 h17,-17.1,4091.11,01-02 h17,-17.1,7,15882,0_BEM_Setup/SimResults_neighbourhoods/option_9_qc1983nu_20260805_nonrc\CAN_MTL\CC-FD3\CC-FD3_EEM_J_HVAC_ONLY_20260805_115323\results
CAN_MTL,CC-FD3,CC-FD3,EEM_J_HVAC_ONLY_EEM4,0,1,0,1,simulated,87.6001,4.6967,6.2164,29.5076,6.9173,23.0718,9.6523,13.2192,tier3,3333.72,01-02 h17,-17.1,3333.72,01-02 h17,-17.1,20,16562,0_BEM_Setup/SimResults_neighbourhoods/option_9_qc1983nu_20260805_nonrc\CAN_MTL\CC-FD3\CC-FD3_EEM_J_HVAC_ONLY_EEM4_20260805_115520\results
CAN_MTL,CC-S1,CC-S1,EEM_J_DEFAULT,0,0,0,0,simulated,252.4781,91.7583,10.0408,25.3608,36.2972,49.9928,11.7893,4.8025,native,424.34,01-02 h17,-17.1,424.34,01-02 h17,-17.1,11,304,0_BEM_Setup/SimResults_neighbourhoods/option_9_qc1983nu_20260805_nonrc\CAN_MTL\CC-S1\CC-S1_EEM_J_DEFAULT_20260805_112741\results
CAN_MTL,CC-S1,CC-S1,EEM_J_DHW_ONLY,0,0,1,0,simulated,235.528,97.2966,9.4068,3.4474,36.461,49.9928,11.6935,128.1175,tier3,429.07,01-02 h18,-16.9,429.07,01-02 h18,-16.9,5,401,0_BEM_Setup/SimResults_neighbourhoods/option_9_qc1983nu_20260805_nonrc\CAN_MTL\CC-S1\CC-S1_EEM_J_DHW_ONLY_20260805_112757\results
CAN_MTL,CC-S1,CC-S1,EEM_J_DHW_ONLY_EEM4,0,0,1,1,simulated,212.6435,107.4119,5.8446,3.4851,17.0184,41.3178,10.8251,128.1175,tier3,352.64,01-02 h12,-19.3,352.64,01-02 h12,-19.3,19,424,0_BEM_Setup/SimResults_neighbourhoods/option_9_qc1983nu_20260805_nonrc\CAN_MTL\CC-S1\CC-S1_EEM_J_DHW_ONLY_EEM4_20260805_112852\results
CAN_MTL,CC-S1,CC-S1,EEM_J_EEM4_ONLY,0,0,0,1,simulated,230.1218,103.093,5.8379,25.3675,17.0184,41.3178,10.7468,128.1175,tier3,341.25,01-02 h17,-17.1,341.25,01-02 h17,-17.1,19,331,0_BEM_Setup/SimResults_neighbourhoods/option_9_qc1983nu_20260805_nonrc\CAN_MTL\CC-S1\CC-S1_EEM_J_EEM4_ONLY_20260805_112844\results
CAN_MTL,CC-S1,CC-S1,EEM_J_ENVELOPE,1,0,0,0,simulated,224.5045,64.0953,10.2803,25.3493,36.2788,49.9928,11.1711,128.1175,tier3,391.8,07-17 h14,32.5,352.04,01-03 h17,-2.1,24,312,0_BEM_Setup/SimResults_neighbourhoods/option_9_qc1983nu_20260805_nonrc\CAN_MTL\CC-S1\CC-S1_EEM_J_ENVELOPE_20260805_112748\results
CAN_MTL,CC-S1,CC-S1,EEM_J_ENVELOPE_EEM4,1,0,0,1,simulated,194.2515,67.9801,6.013,25.3546,16.8801,41.3178,9.8111,128.1175,tier3,269.72,07-17 h16,28.9,248.96,01-02 h17,-17.1,16,346,0_BEM_Setup/SimResults_neighbourhoods/option_9_qc1983nu_20260805_nonrc\CAN_MTL\CC-S1\CC-S1_EEM_J_ENVELOPE_EEM4_20260805_112847\results
CAN_MTL,CC-S1,CC-S1,EEM_J_ENV_DHW,1,0,1,0,simulated,206.8273,68.2041,10.2874,3.4488,36.2788,49.9928,11.2783,128.1175,tier3,406.33,07-17 h13,31.6,353.84,01-03 h18,-1.9,23,404,0_BEM_Setup/SimResults_neighbourhoods/option_9_qc1983nu_20260805_nonrc\CAN_MTL\CC-S1\CC-S1_EEM_J_ENV_DHW_20260805_112818\results
CAN_MTL,CC-S1,CC-S1,EEM_J_ENV_DHW_EEM4,1,0,1,1,simulated,176.0343,71.549,6.0232,3.4488,16.8801,41.3178,9.9166,128.1175,tier3,279.56,07-19 h14,32.7,252.4,01-02 h18,-16.9,18,432,0_BEM_Setup/SimResults_neighbourhoods/option_9_qc1983nu_20260805_nonrc\CAN_MTL\CC-S1\CC-S1_EEM_J_ENV_DHW_EEM4_20260805_112920\results
CAN_MTL,CC-S1,CC-S1,EEM_J_ENV_HVAC,1,1,0,0,simulated,182.6564,22.5199,8.9625,25.4095,36.2788,49.9928,12.2914,128.1175,tier3,427.83,01-02 h17,-17.1,427.83,01-02 h17,-17.1,23,334,0_BEM_Setup/SimResults_neighbourhoods/option_9_qc1983nu_20260805_nonrc\CAN_MTL\CC-S1\CC-S1_EEM_J_ENV_HVAC_20260805_112800\results
CAN_MTL,CC-S1,CC-S1,EEM_J_ENV_HVAC_DHW,1,1,1,0,simulated,165.0141,26.7058,8.9689,3.4669,36.2788,49.9928,12.3977,128.1175,tier3,431.94,01-02 h12,-19.3,431.94,01-02 h12,-19.3,26,439,0_BEM_Setup/SimResults_neighbourhoods/option_9_qc1983nu_20260805_nonrc\CAN_MTL\CC-S1\CC-S1_EEM_J_ENV_HVAC_DHW_20260805_112834\results
CAN_MTL,CC-S1,CC-S1,EEM_J_ENV_HVAC_DHW_EEM4,1,1,1,1,simulated,133.0026,27.977,5.4982,3.5164,16.8801,41.3178,11.0572,128.1175,tier3,340.8,01-02 h12,-19.3,340.8,01-02 h12,-19.3,19,461,0_BEM_Setup/SimResults_neighbourhoods/option_9_qc1983nu_20260805_nonrc\CAN_MTL\CC-S1\CC-S1_EEM_J_ENV_HVAC_DHW_EEM4_20260805_112937\results
CAN_MTL,CC-S1,CC-S1,EEM_J_ENV_HVAC_EEM4,1,1,0,1,simulated,151.1845,24.3739,5.4889,25.4159,16.8801,41.3178,10.9541,128.1175,tier3,331.83,01-02 h12,-19.3,331.83,01-02 h12,-19.3,15,366,0_BEM_Setup/SimResults_neighbourhoods/option_9_qc1983nu_20260805_nonrc\CAN_MTL\CC-S1\CC-S1_EEM_J_ENV_HVAC_EEM4_20260805_112901\results
CAN_MTL,CC-S1,CC-S1,EEM_J_HVAC_DHW,0,1,1,0,simulated,179.3933,41.1681,8.2414,3.4863,36.461,49.9928,12.9588,128.1175,tier3,547.26,01-02 h12,-19.3,547.26,01-02 h12,-19.3,4,427,0_BEM_Setup/SimResults_neighbourhoods/option_9_qc1983nu_20260805_nonrc\CAN_MTL\CC-S1\CC-S1_EEM_J_HVAC_DHW_20260805_112829\results
CAN_MTL,CC-S1,CC-S1,EEM_J_HVAC_DHW_EEM4,0,1,1,1,simulated,152.0068,46.1486,5.3021,3.5016,17.0184,41.3178,12.1257,128.1175,tier3,473.24,01-02 h12,-19.3,473.24,01-02 h12,-19.3,20,446,0_BEM_Setup/SimResults_neighbourhoods/option_9_qc1983nu_20260805_nonrc\CAN_MTL\CC-S1\CC-S1_EEM_J_HVAC_DHW_EEM4_20260805_112920\results
CAN_MTL,CC-S1,CC-S1,EEM_J_HVAC_ONLY,0,1,0,0,simulated,196.8054,36.7294,8.2357,25.4214,36.461,49.9928,12.8802,128.1175,tier3,534.19,01-02 h12,-19.3,534.19,01-02 h12,-19.3,4,318,0_BEM_Setup/SimResults_neighbourhoods/option_9_qc1983nu_20260805_nonrc\CAN_MTL\CC-S1\CC-S1_EEM_J_HVAC_ONLY_20260805_112754\results
CAN_MTL,CC-S1,CC-S1,EEM_J_HVAC_ONLY_EEM4,0,1,0,1,simulated,169.466,41.7643,5.2959,25.4295,17.0184,41.3178,12.0479,128.1175,tier3,460.06,01-02 h12,-19.3,460.06,01-02 h12,-19.3,19,357,0_BEM_Setup/SimResults_neighbourhoods/option_9_qc1983nu_20260805_nonrc\CAN_MTL\CC-S1\CC-S1_EEM_J_HVAC_ONLY_EEM4_20260805_112851\results
CAN_MTL,CC-S2,CC-S2,EEM_J_DEFAULT,0,0,0,0,simulated,338.6647,113.5922,13.4098,24.977,63.5291,54.597,16.9528,3.1292,native,244.36,07-19 h13,32.1,193.89,01-16 h12,-8.6,8,161,0_BEM_Setup/SimResults_neighbourhoods/option_9_qc1983nu_20260805_nonrc\CAN_MTL\CC-S2\CC-S2_EEM_J_DEFAULT_20260805_113013\results
CAN_MTL,CC-S2,CC-S2,EEM_J_DHW_ONLY,0,0,1,0,simulated,320.0025,117.8375,12.6884,2.6514,63.8366,54.597,16.8137,185.5179,tier3,247.47,07-19 h13,32.1,206.61,02-20 h15,-8.5,2,216,0_BEM_Setup/SimResults_neighbourhoods/option_9_qc1983nu_20260805_nonrc\CAN_MTL\CC-S2\CC-S2_EEM_J_DHW_ONLY_20260805_113022\results
CAN_MTL,CC-S2,CC-S2,EEM_J_DHW_ONLY_EEM4,0,0,1,1,simulated,286.5705,130.326,6.8966,2.5384,29.731,50.2842,16.2156,185.5179,tier3,200.73,07-04 h13,28.0,171.21,12-25 h12,1.5,2,246,0_BEM_Setup/SimResults_neighbourhoods/option_9_qc1983nu_20260805_nonrc\CAN_MTL\CC-S2\CC-S2_EEM_J_DHW_ONLY_EEM4_20260805_113112\results
CAN_MTL,CC-S2,CC-S2,EEM_J_EEM4_ONLY,0,0,0,1,simulated,304.947,126.3215,6.8887,24.9805,29.731,50.2842,16.1658,185.5179,tier3,193.93,07-19 h13,32.1,163.74,12-25 h09,1.7,20,191,0_BEM_Setup/SimResults_neighbourhoods/option_9_qc1983nu_20260805_nonrc\CAN_MTL\CC-S2\CC-S2_EEM_J_EEM4_ONLY_20260805_113058\results
CAN_MTL,CC-S2,CC-S2,EEM_J_ENVELOPE,1,0,0,0,simulated,297.5875,74.0981,13.6649,24.9696,63.4931,54.597,14.939,185.5179,tier3,227.19,07-19 h13,32.1,172.37,12-20 h17,-10.7,18,169,0_BEM_Setup/SimResults_neighbourhoods/option_9_qc1983nu_20260805_nonrc\CAN_MTL\CC-S2\CC-S2_EEM_J_ENVELOPE_20260805_113020\results
CAN_MTL,CC-S2,CC-S2,EEM_J_ENVELOPE_EEM4,1,0,0,1,simulated,254.5715,78.7781,6.3691,24.9726,29.4522,50.2842,13.8046,185.5179,tier3,165.67,07-17 h16,28.9,128.59,12-25 h09,1.7,26,194,0_BEM_Setup/SimResults_neighbourhoods/option_9_qc1983nu_20260805_nonrc\CAN_MTL\CC-S2\CC-S2_EEM_J_ENVELOPE_EEM4_20260805_113102\results
CAN_MTL,CC-S2,CC-S2,EEM_J_ENV_DHW,1,0,1,0,simulated,279.4597,78.2446,13.6758,2.5897,63.4931,54.597,15.0348,185.5179,tier3,234.78,07-19 h14,32.7,189.52,12-18 h15,-4.2,18,225,0_BEM_Setup/SimResults_neighbourhoods/option_9_qc1983nu_20260805_nonrc\CAN_MTL\CC-S2\CC-S2_EEM_J_ENV_DHW_20260805_113048\results
CAN_MTL,CC-S2,CC-S2,EEM_J_ENV_DHW_EEM4,1,0,1,1,simulated,235.7766,82.2441,6.3755,2.6193,29.4522,50.2842,13.8885,185.5179,tier3,167.23,07-17 h16,28.9,138.12,01-16 h15,-4.6,26,239,0_BEM_Setup/SimResults_neighbourhoods/option_9_qc1983nu_20260805_nonrc\CAN_MTL\CC-S2\CC-S2_EEM_J_ENV_DHW_EEM4_20260805_113131\results
CAN_MTL,CC-S2,CC-S2,EEM_J_ENV_HVAC,1,1,0,0,simulated,248.7709,26.5156,11.0718,25.0422,63.4931,54.597,16.4204,185.5179,tier3,219.81,01-02 h12,-19.3,219.81,01-02 h12,-19.3,18,179,0_BEM_Setup/SimResults_neighbourhoods/option_9_qc1983nu_20260805_nonrc\CAN_MTL\CC-S2\CC-S2_EEM_J_ENV_HVAC_20260805_113029\results
CAN_MTL,CC-S2,CC-S2,EEM_J_ENV_HVAC_DHW,1,1,1,0,simulated,230.6436,30.7653,11.0817,2.566,63.4931,54.597,16.5147,185.5179,tier3,226.19,01-02 h15,-17.1,226.19,01-02 h15,-17.1,19,239,0_BEM_Setup/SimResults_neighbourhoods/option_9_qc1983nu_20260805_nonrc\CAN_MTL\CC-S2\CC-S2_EEM_J_ENV_HVAC_DHW_20260805_113056\results
CAN_MTL,CC-S2,CC-S2,EEM_J_ENV_HVAC_DHW_EEM4,1,1,1,1,simulated,185.7017,31.8258,5.434,2.6139,29.4522,50.2842,15.3777,185.5179,tier3,178.87,01-02 h12,-19.3,178.87,01-02 h12,-19.3,26,255,0_BEM_Setup/SimResults_neighbourhoods/option_9_qc1983nu_20260805_nonrc\CAN_MTL\CC-S2\CC-S2_EEM_J_ENV_HVAC_DHW_EEM4_20260805_113139\results
CAN_MTL,CC-S2,CC-S2,EEM_J_ENV_HVAC_EEM4,1,1,0,1,simulated,204.466,28.2536,5.4271,25.0491,29.4522,50.2842,15.2958,185.5179,tier3,172.34,01-02 h12,-19.3,172.34,01-02 h12,-19.3,24,200,0_BEM_Setup/SimResults_neighbourhoods/option_9_qc1983nu_20260805_nonrc\CAN_MTL\CC-S2\CC-S2_EEM_J_ENV_HVAC_EEM4_20260805_113130\results
CAN_MTL,CC-S2,CC-S2,EEM_J_HVAC_DHW,0,1,1,0,simulated,250.3702,48.9153,10.4268,2.6163,63.8366,54.597,18.5971,185.5179,tier3,248.86,02-21 h12,-6.4,248.86,02-21 h12,-6.4,4,227,0_BEM_Setup/SimResults_neighbourhoods/option_9_qc1983nu_20260805_nonrc\CAN_MTL\CC-S2\CC-S2_EEM_J_HVAC_DHW_20260805_113056\results
CAN_MTL,CC-S2,CC-S2,EEM_J_HVAC_DHW_EEM4,0,1,1,1,simulated,208.8731,51.9377,5.9339,2.5581,29.731,50.2842,18.0607,185.5179,tier3,209.75,02-21 h12,-6.4,209.75,02-21 h12,-6.4,5,257,0_BEM_Setup/SimResults_neighbourhoods/option_9_qc1983nu_20260805_nonrc\CAN_MTL\CC-S2\CC-S2_EEM_J_HVAC_DHW_EEM4_20260805_113132\results
CAN_MTL,CC-S2,CC-S2,EEM_J_HVAC_ONLY,0,1,0,0,simulated,268.6327,44.8235,10.4179,25.051,63.8366,54.597,18.5255,185.5179,tier3,241.55,01-02 h12,-19.3,241.55,01-02 h12,-19.3,5,177,0_BEM_Setup/SimResults_neighbourhoods/option_9_qc1983nu_20260805_nonrc\CAN_MTL\CC-S2\CC-S2_EEM_J_HVAC_ONLY_20260805_113022\results
CAN_MTL,CC-S2,CC-S2,EEM_J_HVAC_ONLY_EEM4,0,1,0,1,simulated,227.2224,47.845,5.9275,25.057,29.731,50.2842,18.0118,185.5179,tier3,202.26,02-21 h12,-6.4,202.26,02-21 h12,-6.4,22,199,0_BEM_Setup/SimResults_neighbourhoods/option_9_qc1983nu_20260805_nonrc\CAN_MTL\CC-S2\CC-S2_EEM_J_HVAC_ONLY_EEM4_20260805_113110\results
CAN_MTL,IC-DC,IC-DC,EEM_J_DEFAULT,0,0,0,0,simulated,3660.2048,42.3156,436.4496,10.4936,31.7346,2713.9001,325.3832,4.1103,native,4921.78,08-10 h13,28.1,4794.8,12-11 h10,5.0,4,277,0_BEM_Setup/SimResults_neighbourhoods/option_9_qc1983nu_20260805_nonrc\CAN_MTL\IC-DC\IC-DC_EEM_J_DEFAULT_20260805_104709\results
CAN_MTL,IC-DC,IC-DC,EEM_J_DHW_ONLY,0,0,1,0,simulated,3651.9164,44.0488,435.9632,0.7402,31.9162,2713.9016,325.384,163.525,tier3,4922.2,08-10 h13,28.1,4791.85,12-11 h10,5.0,5,324,0_BEM_Setup/SimResults_neighbourhoods/option_9_qc1983nu_20260805_nonrc\CAN_MTL\IC-DC\IC-DC_EEM_J_DHW_ONLY_20260805_104733\results
CAN_MTL,IC-DC,IC-DC,EEM_J_DHW_ONLY_EEM4,0,0,1,1,simulated,3648.1828,46.3643,435.568,0.7627,29.2088,2711.2588,325.0522,163.525,tier3,5038.94,04-19 h17,20.6,4782.68,12-11 h10,5.0,4,340,0_BEM_Setup/SimResults_neighbourhoods/option_9_qc1983nu_20260805_nonrc\CAN_MTL\IC-DC\IC-DC_EEM_J_DHW_ONLY_EEM4_20260805_104912\results
CAN_MTL,IC-DC,IC-DC,EEM_J_EEM4_ONLY,0,0,0,1,simulated,3656.4292,44.9167,435.5566,10.4973,29.2088,2711.2588,325.0235,163.525,tier3,5037.26,04-19 h17,20.6,4786.2,12-11 h10,5.0,3,300,0_BEM_Setup/SimResults_neighbourhoods/option_9_qc1983nu_20260805_nonrc\CAN_MTL\IC-DC\IC-DC_EEM_J_EEM4_ONLY_20260805_104845\results
CAN_MTL,IC-DC,IC-DC,EEM_J_ENVELOPE,1,0,0,0,simulated,3663.4664,33.7992,439.9632,10.4928,31.8597,2713.8931,332.1289,163.5135,tier3,4896.33,08-09 h15,30.7,4818.84,12-11 h10,5.0,3,274,0_BEM_Setup/SimResults_neighbourhoods/option_9_qc1983nu_20260805_nonrc\CAN_MTL\IC-DC\IC-DC_EEM_J_ENVELOPE_20260805_104719\results
CAN_MTL,IC-DC,IC-DC,EEM_J_ENVELOPE_EEM4,1,0,0,1,simulated,3659.8462,36.1655,439.5776,10.4962,29.1774,2711.24,331.8636,163.5135,tier3,4891.46,08-10 h12,27.5,4812.05,12-11 h10,5.0,3,292,0_BEM_Setup/SimResults_neighbourhoods/option_9_qc1983nu_20260805_nonrc\CAN_MTL\IC-DC\IC-DC_EEM_J_ENVELOPE_EEM4_20260805_104905\results
CAN_MTL,IC-DC,IC-DC,EEM_J_ENV_DHW,1,0,1,0,simulated,3655.1813,35.2792,439.9746,0.6933,31.8597,2713.8927,332.1521,163.5135,tier3,4895.01,08-09 h15,30.7,4815.88,12-11 h10,5.0,6,317,0_BEM_Setup/SimResults_neighbourhoods/option_9_qc1983nu_20260805_nonrc\CAN_MTL\IC-DC\IC-DC_EEM_J_ENV_DHW_20260805_104809\results
CAN_MTL,IC-DC,IC-DC,EEM_J_ENV_DHW_EEM4,1,0,1,1,simulated,3651.5319,37.6364,439.5868,0.6764,29.1774,2711.24,331.8887,163.5135,tier3,4887.42,08-10 h12,27.5,4808.3,12-11 h10,5.0,3,343,0_BEM_Setup/SimResults_neighbourhoods/option_9_qc1983nu_20260805_nonrc\CAN_MTL\IC-DC\IC-DC_EEM_J_ENV_DHW_EEM4_20260805_104926\results
CAN_MTL,IC-DC,IC-DC,EEM_J_ENV_HVAC,1,1,0,0,simulated,3645.3408,15.1858,440.0248,10.5201,31.8597,2713.8931,332.589,163.5135,tier3,4897.04,08-09 h15,30.7,4832.98,12-11 h10,5.0,5,280,0_BEM_Setup/SimResults_neighbourhoods/option_9_qc1983nu_20260805_nonrc\CAN_MTL\IC-DC\IC-DC_EEM_J_ENV_HVAC_20260805_104745\results
CAN_MTL,IC-DC,IC-DC,EEM_J_ENV_HVAC_DHW,1,1,1,0,simulated,3637.1638,16.6798,440.041,0.8059,31.8597,2713.8931,332.6141,163.5135,tier3,4895.95,08-09 h15,30.7,4828.69,12-11 h10,5.0,6,319,0_BEM_Setup/SimResults_neighbourhoods/option_9_qc1983nu_20260805_nonrc\CAN_MTL\IC-DC\IC-DC_EEM_J_ENV_HVAC_DHW_20260805_104822\results
CAN_MTL,IC-DC,IC-DC,EEM_J_ENV_HVAC_DHW_EEM4,1,1,1,1,simulated,3632.5428,18.0761,439.5997,0.8343,29.1774,2711.2403,332.3507,163.5135,tier3,4887.84,08-10 h12,27.5,4820.5,12-11 h10,5.0,3,346,0_BEM_Setup/SimResults_neighbourhoods/option_9_qc1983nu_20260805_nonrc\CAN_MTL\IC-DC\IC-DC_EEM_J_ENV_HVAC_DHW_EEM4_20260805_104935\results
CAN_MTL,IC-DC,IC-DC,EEM_J_ENV_HVAC_EEM4,1,1,0,1,simulated,3640.7147,16.5983,439.5868,10.5246,29.1774,2711.2403,332.3241,163.5135,tier3,4891.88,08-10 h12,27.5,4824.87,12-11 h10,5.0,1,296,0_BEM_Setup/SimResults_neighbourhoods/option_9_qc1983nu_20260805_nonrc\CAN_MTL\IC-DC\IC-DC_EEM_J_ENV_HVAC_EEM4_20260805_104922\results
CAN_MTL,IC-DC,IC-DC,EEM_J_HVAC_DHW,0,1,1,0,simulated,3628.4477,20.0075,436.0341,0.8325,31.9162,2713.8964,325.8415,163.525,tier3,4923.51,08-10 h13,28.1,4809.34,12-11 h10,5.0,3,324,0_BEM_Setup/SimResults_neighbourhoods/option_9_qc1983nu_20260805_nonrc\CAN_MTL\IC-DC\IC-DC_EEM_J_HVAC_DHW_20260805_104819\results
CAN_MTL,IC-DC,IC-DC,EEM_J_HVAC_DHW_EEM4,0,1,1,1,simulated,3623.7319,21.386,435.5957,0.8605,29.2088,2711.2555,325.5094,163.525,tier3,5026.14,04-19 h17,20.6,4798.56,12-11 h10,5.0,4,353,0_BEM_Setup/SimResults_neighbourhoods/option_9_qc1983nu_20260805_nonrc\CAN_MTL\IC-DC\IC-DC_EEM_J_HVAC_DHW_EEM4_20260805_104932\results
CAN_MTL,IC-DC,IC-DC,EEM_J_HVAC_ONLY,0,1,0,0,simulated,3636.6173,18.5245,436.0208,10.5213,31.9162,2713.8968,325.8179,163.525,tier3,4921.67,08-10 h13,28.1,4812.33,12-11 h10,5.0,1,277,0_BEM_Setup/SimResults_neighbourhoods/option_9_qc1983nu_20260805_nonrc\CAN_MTL\IC-DC\IC-DC_EEM_J_HVAC_ONLY_20260805_104721\results
CAN_MTL,IC-DC,IC-DC,EEM_J_HVAC_ONLY_EEM4,0,1,0,1,simulated,3631.8982,19.923,435.5854,10.5253,29.2088,2711.2555,325.4836,163.525,tier3,5024.44,04-19 h17,20.6,4800.94,12-11 h10,5.0,3,302,0_BEM_Setup/SimResults_neighbourhoods/option_9_qc1983nu_20260805_nonrc\CAN_MTL\IC-DC\IC-DC_EEM_J_HVAC_ONLY_EEM4_20260805_104907\results
CAN_MTL,IC-DE,IC-DE,EEM_J_DEFAULT,0,0,0,0,simulated,11920.5584,62.4781,1357.037,13.1988,24.304,9035.3071,1109.8665,6.1734,native,24586.46,07-31 h24,19.1,23695.04,12-11 h10,5.0,2,233,0_BEM_Setup/SimResults_neighbourhoods/option_9_qc1983nu_20260805_nonrc\CAN_MTL\IC-DE\IC-DE_EEM_J_DEFAULT_20260805_104958\results
CAN_MTL,IC-DE,IC-DE,EEM_J_DHW_ONLY,0,0,1,0,simulated,11910.5151,64.7283,1356.6072,1.1667,24.4215,9035.3079,1109.8615,118.744,tier3,24539.29,07-31 h24,19.1,23699.89,12-11 h10,5.0,2,281,0_BEM_Setup/SimResults_neighbourhoods/option_9_qc1983nu_20260805_nonrc\CAN_MTL\IC-DE\IC-DE_EEM_J_DHW_ONLY_20260805_105024\results
CAN_MTL,IC-DE,IC-DE,EEM_J_DHW_ONLY_EEM4,0,0,1,1,simulated,11900.9295,66.011,1355.9245,1.1957,21.1537,9028.8339,1109.3153,118.744,tier3,24652.85,07-31 h24,19.1,23701.74,12-11 h10,5.0,2,297,0_BEM_Setup/SimResults_neighbourhoods/option_9_qc1983nu_20260805_nonrc\CAN_MTL\IC-DE\IC-DE_EEM_J_DHW_ONLY_EEM4_20260805_105107\results
CAN_MTL,IC-DE,IC-DE,EEM_J_EEM4_ONLY,0,0,0,1,simulated,11910.7877,63.9742,1355.9146,13.2037,21.1537,9028.8331,1109.2779,118.744,tier3,24653.38,07-31 h24,19.1,23700.11,12-11 h10,5.0,2,247,0_BEM_Setup/SimResults_neighbourhoods/option_9_qc1983nu_20260805_nonrc\CAN_MTL\IC-DE\IC-DE_EEM_J_EEM4_ONLY_20260805_105056\results
CAN_MTL,IC-DE,IC-DE,EEM_J_ENVELOPE,1,0,0,0,simulated,11914.6482,48.6819,1358.5491,13.1951,24.392,9035.4878,1115.0845,118.7412,tier3,25354.28,10-09 h01,3.9,23661.25,12-11 h10,5.0,5,233,0_BEM_Setup/SimResults_neighbourhoods/option_9_qc1983nu_20260805_nonrc\CAN_MTL\IC-DE\IC-DE_EEM_J_ENVELOPE_20260805_105008\results
CAN_MTL,IC-DE,IC-DE,EEM_J_ENVELOPE_EEM4,1,0,0,1,simulated,11902.7143,47.7154,1357.8964,13.1993,21.1374,9029.1456,1114.4851,118.7412,tier3,25324.75,10-09 h01,3.9,23643.82,12-11 h10,5.0,7,246,0_BEM_Setup/SimResults_neighbourhoods/option_9_qc1983nu_20260805_nonrc\CAN_MTL\IC-DE\IC-DE_EEM_J_ENVELOPE_EEM4_20260805_105102\results
CAN_MTL,IC-DE,IC-DE,EEM_J_ENV_DHW,1,0,1,0,simulated,11904.5746,50.7732,1358.538,1.0837,24.392,9035.4952,1115.1048,118.7412,tier3,25356.61,10-09 h01,3.9,23664.57,12-11 h10,5.0,5,293,0_BEM_Setup/SimResults_neighbourhoods/option_9_qc1983nu_20260805_nonrc\CAN_MTL\IC-DE\IC-DE_EEM_J_ENV_DHW_20260805_105042\results
CAN_MTL,IC-DE,IC-DE,EEM_J_ENV_DHW_EEM4,1,0,1,1,simulated,11892.8186,49.7624,1357.9016,1.1779,21.1374,9029.1454,1114.5302,118.7412,tier3,25322.65,10-09 h01,3.9,23645.38,12-11 h10,5.0,7,294,0_BEM_Setup/SimResults_neighbourhoods/option_9_qc1983nu_20260805_nonrc\CAN_MTL\IC-DE\IC-DE_EEM_J_ENV_DHW_EEM4_20260805_105131\results
CAN_MTL,IC-DE,IC-DE,EEM_J_ENV_HVAC,1,1,0,0,simulated,11886.6016,20.1018,1358.4515,13.234,24.392,9035.468,1115.7881,118.7412,tier3,25394.63,10-09 h01,3.9,23716.59,12-11 h10,5.0,4,250,0_BEM_Setup/SimResults_neighbourhoods/option_9_qc1983nu_20260805_nonrc\CAN_MTL\IC-DE\IC-DE_EEM_J_ENV_HVAC_20260805_105030\results
CAN_MTL,IC-DE,IC-DE,EEM_J_ENV_HVAC_DHW,1,1,1,0,simulated,11876.6857,22.1899,1358.455,1.218,24.392,9035.468,1115.8478,118.7412,tier3,25397.96,10-09 h01,3.9,23718.79,12-11 h10,5.0,5,300,0_BEM_Setup/SimResults_neighbourhoods/option_9_qc1983nu_20260805_nonrc\CAN_MTL\IC-DE\IC-DE_EEM_J_ENV_HVAC_DHW_20260805_105048\results
CAN_MTL,IC-DE,IC-DE,EEM_J_ENV_HVAC_DHW_EEM4,1,1,1,1,simulated,11865.378,21.774,1357.8211,1.2292,21.1374,9029.1167,1115.2354,118.7412,tier3,25335.79,10-09 h01,3.9,23682.69,12-11 h10,5.0,7,308,0_BEM_Setup/SimResults_neighbourhoods/option_9_qc1983nu_20260805_nonrc\CAN_MTL\IC-DE\IC-DE_EEM_J_ENV_HVAC_DHW_EEM4_20260805_105148\results
CAN_MTL,IC-DE,IC-DE,EEM_J_ENV_HVAC_EEM4,1,1,0,1,simulated,11875.2181,19.7033,1357.8106,13.2374,21.1374,9029.1162,1115.1782,118.7412,tier3,25336.01,10-09 h01,3.9,23682.32,12-11 h10,5.0,7,262,0_BEM_Setup/SimResults_neighbourhoods/option_9_qc1983nu_20260805_nonrc\CAN_MTL\IC-DE\IC-DE_EEM_J_ENV_HVAC_EEM4_20260805_105127\results
CAN_MTL,IC-DE,IC-DE,EEM_J_HVAC_DHW,0,1,1,0,simulated,11873.8125,27.4634,1356.5364,1.2141,24.4215,9035.3002,1110.573,118.744,tier3,24575.6,07-31 h24,19.1,23741.42,12-11 h10,5.0,2,299,0_BEM_Setup/SimResults_neighbourhoods/option_9_qc1983nu_20260805_nonrc\CAN_MTL\IC-DE\IC-DE_EEM_J_HVAC_DHW_20260805_105045\results
CAN_MTL,IC-DE,IC-DE,EEM_J_HVAC_DHW_EEM4,0,1,1,1,simulated,11865.0407,29.5525,1355.8643,1.2242,21.1537,9028.8322,1110.0352,118.744,tier3,24640.99,07-31 h24,19.1,23738.13,12-11 h10,5.0,2,310,0_BEM_Setup/SimResults_neighbourhoods/option_9_qc1983nu_20260805_nonrc\CAN_MTL\IC-DE\IC-DE_EEM_J_HVAC_DHW_EEM4_20260805_105141\results
CAN_MTL,IC-DE,IC-DE,EEM_J_HVAC_ONLY,0,1,0,0,simulated,11883.7998,25.3441,1356.5431,13.2357,24.4215,9035.3009,1110.5376,118.744,tier3,24576.06,07-31 h24,19.1,23740.13,12-11 h10,5.0,2,249,0_BEM_Setup/SimResults_neighbourhoods/option_9_qc1983nu_20260805_nonrc\CAN_MTL\IC-DE\IC-DE_EEM_J_HVAC_ONLY_20260805_105019\results
CAN_MTL,IC-DE,IC-DE,EEM_J_HVAC_ONLY_EEM4,0,1,0,1,simulated,11874.8751,27.4597,1355.8564,13.2414,21.1537,9028.8312,1109.9896,118.744,tier3,24641.5,07-31 h24,19.1,23736.71,12-11 h10,5.0,2,264,0_BEM_Setup/SimResults_neighbourhoods/option_9_qc1983nu_20260805_nonrc\CAN_MTL\IC-DE\IC-DE_EEM_J_HVAC_ONLY_EEM4_20260805_105103\results
CAN_MTL,MU-C1,MU-C1,EEM_J_DEFAULT,0,0,0,0,fatal_excluded,,,,,,,,,,,,,,,,,,
CAN_MTL,MU-C1,MU-C1,EEM_J_DHW_ONLY,0,0,1,0,simulated,152.5998,49.975,10.278,6.7291,11.4477,45.5953,18.009,25.7058,tier3,2824.58,01-02 h10,-20.9,2824.58,01-02 h10,-20.9,28,8501,0_BEM_Setup/SimResults_neighbourhoods/option_9_qc1983nu_20260805_nonrc\CAN_MTL\MU-C1\MU-C1_EEM_J_DHW_ONLY_20260805_105237\results
CAN_MTL,MU-C1,MU-C1,EEM_J_DHW_ONLY_EEM4,0,0,1,1,fatal_excluded,,,,,,,,,,,,,,,,,,
CAN_MTL,MU-C1,MU-C1,EEM_J_EEM4_ONLY,0,0,0,1,fatal_excluded,,,,,,,,,,,,,,,,,,
CAN_MTL,MU-C1,MU-C1,EEM_J_ENVELOPE,1,0,0,0,simulated,172.3941,33.1338,12.1052,41.0072,11.4247,45.5953,18.5572,25.6556,tier3,2372.84,01-02 h09,-22.6,2372.84,01-02 h09,-22.6,60,8170,0_BEM_Setup/SimResults_neighbourhoods/option_9_qc1983nu_20260805_nonrc\CAN_MTL\MU-C1\MU-C1_EEM_J_ENVELOPE_20260805_105224\results
CAN_MTL,MU-C1,MU-C1,EEM_J_ENVELOPE_EEM4,1,0,0,1,simulated,158.5205,35.3149,9.8655,41.0024,5.3419,39.8767,16.5251,25.7056,tier3,1972.34,01-02 h10,-20.9,1972.34,01-02 h10,-20.9,48,9405,0_BEM_Setup/SimResults_neighbourhoods/option_9_qc1983nu_20260805_nonrc\CAN_MTL\MU-C1\MU-C1_EEM_J_ENVELOPE_EEM4_20260805_105407\results
CAN_MTL,MU-C1,MU-C1,EEM_J_ENV_DHW,1,0,1,0,simulated,141.8663,37.9324,11.5071,6.825,11.4254,45.5953,17.9927,25.7056,tier3,2521.81,01-02 h09,-22.2,2521.81,01-02 h09,-22.2,51,8509,0_BEM_Setup/SimResults_neighbourhoods/option_9_qc1983nu_20260805_nonrc\CAN_MTL\MU-C1\MU-C1_EEM_J_ENV_DHW_20260805_105303\results
CAN_MTL,MU-C1,MU-C1,EEM_J_ENV_DHW_EEM4,1,0,1,1,simulated,129.481,40.3681,9.8313,6.8569,5.3419,39.8767,16.6106,25.7056,tier3,2187.12,01-02 h11,-19.8,2187.12,01-02 h11,-19.8,41,9721,0_BEM_Setup/SimResults_neighbourhoods/option_9_qc1983nu_20260805_nonrc\CAN_MTL\MU-C1\MU-C1_EEM_J_ENV_DHW_EEM4_20260805_105458\results
CAN_MTL,MU-C1,MU-C1,EEM_J_ENV_HVAC,1,1,0,0,simulated,156.8181,16.0217,12.4105,41.0211,11.4247,45.5953,19.7942,25.6556,tier3,3221.85,01-02 h09,-22.6,3221.85,01-02 h09,-22.6,69,8543,0_BEM_Setup/SimResults_neighbourhoods/option_9_qc1983nu_20260805_nonrc\CAN_MTL\MU-C1\MU-C1_EEM_J_ENV_HVAC_20260805_105300\results
CAN_MTL,MU-C1,MU-C1,EEM_J_ENV_HVAC_DHW,1,1,1,0,simulated,127.5669,20.9458,12.372,6.8039,11.4247,45.5953,19.8734,25.6556,tier3,3409.83,01-02 h09,-22.6,3409.83,01-02 h09,-22.6,82,8800,0_BEM_Setup/SimResults_neighbourhoods/option_9_qc1983nu_20260805_nonrc\CAN_MTL\MU-C1\MU-C1_EEM_J_ENV_HVAC_DHW_20260805_105306\results
CAN_MTL,MU-C1,MU-C1,EEM_J_ENV_HVAC_DHW_EEM4,1,1,1,1,simulated,115.7784,24.2112,10.4313,6.6739,5.3387,39.8767,18.6918,25.6556,tier3,2992.46,01-02 h11,-20.3,2992.46,01-02 h11,-20.3,66,10014,0_BEM_Setup/SimResults_neighbourhoods/option_9_qc1983nu_20260805_nonrc\CAN_MTL\MU-C1\MU-C1_EEM_J_ENV_HVAC_DHW_EEM4_20260805_105518\results
CAN_MTL,MU-C1,MU-C1,EEM_J_ENV_HVAC_EEM4,1,1,0,1,simulated,140.3225,15.7124,10.1274,41.0171,5.3419,39.8767,17.6774,25.7056,tier3,2556.92,01-02 h09,-22.2,2556.92,01-02 h09,-22.2,32,9775,0_BEM_Setup/SimResults_neighbourhoods/option_9_qc1983nu_20260805_nonrc\CAN_MTL\MU-C1\MU-C1_EEM_J_ENV_HVAC_EEM4_20260805_105440\results
CAN_MTL,MU-C1,MU-C1,EEM_J_HVAC_DHW,0,1,1,0,simulated,128.9352,24.8828,10.569,6.6449,11.4477,45.5953,19.2567,25.7058,tier3,3488.33,01-02 h09,-22.2,3488.33,01-02 h09,-22.2,44,8864,0_BEM_Setup/SimResults_neighbourhoods/option_9_qc1983nu_20260805_nonrc\CAN_MTL\MU-C1\MU-C1_EEM_J_HVAC_DHW_20260805_105303\results
CAN_MTL,MU-C1,MU-C1,EEM_J_HVAC_DHW_EEM4,0,1,1,1,simulated,115.669,25.8761,9.2297,6.7258,5.419,39.8767,17.9996,25.7058,tier3,3229.86,01-02 h08,-23.1,3229.86,01-02 h08,-23.1,26,10071,0_BEM_Setup/SimResults_neighbourhoods/option_9_qc1983nu_20260805_nonrc\CAN_MTL\MU-C1\MU-C1_EEM_J_HVAC_DHW_EEM4_20260805_105512\results
CAN_MTL,MU-C1,MU-C1,EEM_J_HVAC_ONLY,0,1,0,0,simulated,158.1917,19.8324,10.602,41.0147,11.4477,45.5953,19.1631,25.7058,tier3,3317.91,01-02 h09,-22.2,3317.91,01-02 h09,-22.2,34,8550,0_BEM_Setup/SimResults_neighbourhoods/option_9_qc1983nu_20260805_nonrc\CAN_MTL\MU-C1\MU-C1_EEM_J_HVAC_ONLY_20260805_105229\results
CAN_MTL,MU-C1,MU-C1,EEM_J_HVAC_ONLY_EEM4,0,1,0,1,simulated,144.8707,20.8433,9.2621,41.017,5.419,39.8767,17.9131,25.7058,tier3,2941.1,01-02 h08,-23.1,2941.1,01-02 h08,-23.1,26,9765,0_BEM_Setup/SimResults_neighbourhoods/option_9_qc1983nu_20260805_nonrc\CAN_MTL\MU-C1\MU-C1_EEM_J_HVAC_ONLY_EEM4_20260805_105413\results
CAN_MTL,MU-C2,MU-C2,EEM_J_DEFAULT,0,0,0,0,simulated,116.1652,23.2507,6.7168,33.8857,7.6574,28.9158,8.437,2.4501,native,3079.81,01-02 h09,-22.2,3079.81,01-02 h09,-22.2,8,5875,0_BEM_Setup/SimResults_neighbourhoods/option_9_qc1983nu_20260805_nonrc\CAN_MTL\MU-C2\MU-C2_EEM_J_DEFAULT_20260805_105658\results
CAN_MTL,MU-C2,MU-C2,EEM_J_DHW_ONLY,0,0,1,0,simulated,93.5536,30.7267,5.6149,4.8974,7.6755,28.9158,8.4398,21.6878,tier3,3349.23,01-02 h19,-16.7,3349.23,01-02 h19,-16.7,4,6148,0_BEM_Setup/SimResults_neighbourhoods/option_9_qc1983nu_20260805_nonrc\CAN_MTL\MU-C2\MU-C2_EEM_J_DHW_ONLY_20260805_105816\results
CAN_MTL,MU-C2,MU-C2,EEM_J_DHW_ONLY_EEM4,0,0,1,1,simulated,81.5715,35.643,4.146,4.9094,3.4496,19.2944,6.8818,21.6878,tier3,2684.9,01-02 h09,-22.2,2684.9,01-02 h09,-22.2,16,7069,0_BEM_Setup/SimResults_neighbourhoods/option_9_qc1983nu_20260805_nonrc\CAN_MTL\MU-C2\MU-C2_EEM_J_DHW_ONLY_EEM4_20260805_110000\results
CAN_MTL,MU-C2,MU-C2,EEM_J_EEM4_ONLY,0,0,0,1,simulated,105.569,30.7329,4.1556,33.8867,3.4496,19.2944,6.8025,21.6878,tier3,2369.57,01-02 h08,-23.1,2369.57,01-02 h08,-23.1,14,6787,0_BEM_Setup/SimResults_neighbourhoods/option_9_qc1983nu_20260805_nonrc\CAN_MTL\MU-C2\MU-C2_EEM_J_EEM4_ONLY_20260805_105926\results
CAN_MTL,MU-C2,MU-C2,EEM_J_ENVELOPE,1,0,0,0,simulated,108.8406,15.5906,6.8461,33.8864,7.6487,28.9158,8.6566,21.6869,tier3,2702.64,01-02 h09,-22.2,2702.64,01-02 h09,-22.2,5,5871,0_BEM_Setup/SimResults_neighbourhoods/option_9_qc1983nu_20260805_nonrc\CAN_MTL\MU-C2\MU-C2_EEM_J_ENVELOPE_20260805_105737\results
CAN_MTL,MU-C2,MU-C2,EEM_J_ENVELOPE_EEM4,1,0,0,1,simulated,94.1171,18.437,4.9622,33.8873,3.392,19.2944,6.8847,21.6869,tier3,2079.34,01-02 h08,-23.1,2079.34,01-02 h08,-23.1,13,6803,0_BEM_Setup/SimResults_neighbourhoods/option_9_qc1983nu_20260805_nonrc\CAN_MTL\MU-C2\MU-C2_EEM_J_ENVELOPE_EEM4_20260805_105931\results
CAN_MTL,MU-C2,MU-C2,EEM_J_ENV_DHW,1,0,1,0,simulated,84.8186,20.4294,6.8238,4.9775,7.6487,28.9158,8.7276,21.6869,tier3,3050.15,01-02 h09,-22.2,3050.15,01-02 h09,-22.2,6,6166,0_BEM_Setup/SimResults_neighbourhoods/option_9_qc1983nu_20260805_nonrc\CAN_MTL\MU-C2\MU-C2_EEM_J_ENV_DHW_20260805_105852\results
CAN_MTL,MU-C2,MU-C2,EEM_J_ENV_DHW_EEM4,1,0,1,1,simulated,70.133,23.3125,4.949,4.9647,3.392,19.2944,6.9606,21.6869,tier3,2500.92,01-02 h19,-16.7,2500.92,01-02 h19,-16.7,12,7078,0_BEM_Setup/SimResults_neighbourhoods/option_9_qc1983nu_20260805_nonrc\CAN_MTL\MU-C2\MU-C2_EEM_J_ENV_DHW_EEM4_20260805_110037\results
CAN_MTL,MU-C2,MU-C2,EEM_J_ENV_HVAC,1,1,0,0,simulated,98.2175,4.0053,7.448,33.8948,7.6487,28.9158,9.0402,21.6869,tier3,3470.65,01-02 h09,-22.2,3470.65,01-02 h09,-22.2,4,5903,0_BEM_Setup/SimResults_neighbourhoods/option_9_qc1983nu_20260805_nonrc\CAN_MTL\MU-C2\MU-C2_EEM_J_ENV_HVAC_20260805_105829\results
CAN_MTL,MU-C2,MU-C2,EEM_J_ENV_HVAC_DHW,1,1,1,0,simulated,74.1815,8.8575,7.4234,4.9624,7.6487,28.9158,9.1092,21.6869,tier3,3796.42,01-02 h09,-22.2,3796.42,01-02 h09,-22.2,8,6202,0_BEM_Setup/SimResults_neighbourhoods/option_9_qc1983nu_20260805_nonrc\CAN_MTL\MU-C2\MU-C2_EEM_J_ENV_HVAC_DHW_20260805_105917\results
CAN_MTL,MU-C2,MU-C2,EEM_J_ENV_HVAC_DHW_EEM4,1,1,1,1,simulated,57.3471,9.6729,5.4156,5.0247,3.392,19.2944,7.3222,21.6869,tier3,3169.94,01-02 h19,-16.7,3169.94,01-02 h19,-16.7,13,7122,0_BEM_Setup/SimResults_neighbourhoods/option_9_qc1983nu_20260805_nonrc\CAN_MTL\MU-C2\MU-C2_EEM_J_ENV_HVAC_DHW_EEM4_20260805_110059\results
CAN_MTL,MU-C2,MU-C2,EEM_J_ENV_HVAC_EEM4,1,1,0,1,simulated,81.325,4.8357,5.4327,33.8959,3.392,19.2944,7.2487,21.6869,tier3,2720.68,01-02 h17,-17.1,2720.68,01-02 h17,-17.1,12,6839,0_BEM_Setup/SimResults_neighbourhoods/option_9_qc1983nu_20260805_nonrc\CAN_MTL\MU-C2\MU-C2_EEM_J_ENV_HVAC_EEM4_20260805_110016\results
CAN_MTL,MU-C2,MU-C2,EEM_J_HVAC_DHW,0,1,1,0,simulated,75.4283,11.6404,6.1023,4.9103,7.6755,28.9158,8.9331,21.6878,tier3,4258.23,01-02 h09,-22.2,4258.23,01-02 h09,-22.2,4,6187,0_BEM_Setup/SimResults_neighbourhoods/option_9_qc1983nu_20260805_nonrc\CAN_MTL\MU-C2\MU-C2_EEM_J_HVAC_DHW_20260805_105912\results
CAN_MTL,MU-C2,MU-C2,EEM_J_HVAC_DHW_EEM4,0,1,1,1,simulated,59.8847,13.0978,4.5382,4.9455,3.4496,19.2944,7.3469,21.6878,tier3,3554.74,01-02 h19,-16.7,3554.74,01-02 h19,-16.7,13,7105,0_BEM_Setup/SimResults_neighbourhoods/option_9_qc1983nu_20260805_nonrc\CAN_MTL\MU-C2\MU-C2_EEM_J_HVAC_DHW_EEM4_20260805_110038\results
CAN_MTL,MU-C2,MU-C2,EEM_J_HVAC_ONLY,0,1,0,0,simulated,99.4759,6.7662,6.1137,33.8944,7.6755,28.9158,8.8604,21.6878,tier3,3930.78,01-02 h09,-22.2,3930.78,01-02 h09,-22.2,4,5895,0_BEM_Setup/SimResults_neighbourhoods/option_9_qc1983nu_20260805_nonrc\CAN_MTL\MU-C2\MU-C2_EEM_J_HVAC_ONLY_20260805_105800\results
CAN_MTL,MU-C2,MU-C2,EEM_J_HVAC_ONLY_EEM4,0,1,0,1,simulated,83.8973,8.2276,4.549,33.8959,3.4496,19.2944,7.2688,21.6878,tier3,3141.37,01-02 h08,-23.1,3141.37,01-02 h08,-23.1,13,6824,0_BEM_Setup/SimResults_neighbourhoods/option_9_qc1983nu_20260805_nonrc\CAN_MTL\MU-C2\MU-C2_EEM_J_HVAC_ONLY_EEM4_20260805_105948\results
CAN_MTL,MU-HC,MU-HC,EEM_J_DEFAULT,0,0,0,0,simulated,163.1479,53.3521,9.7823,45.036,8.1086,32.0933,9.7253,4.1337,native,1231.25,01-02 h09,-22.2,1231.25,01-02 h09,-22.2,7,9346,0_BEM_Setup/SimResults_neighbourhoods/option_9_qc1983nu_20260805_nonrc\CAN_MTL\MU-HC\MU-HC_EEM_J_DEFAULT_20260805_110224\results
CAN_MTL,MU-HC,MU-HC,EEM_J_DHW_ONLY,0,0,1,0,simulated,131.6211,58.8627,9.3778,8.3657,8.1118,32.0933,9.7632,47.2478,tier3,1289.97,01-02 h08,-23.1,1289.97,01-02 h08,-23.1,10,10200,0_BEM_Setup/SimResults_neighbourhoods/option_9_qc1983nu_20260805_nonrc\CAN_MTL\MU-HC\MU-HC_EEM_J_DHW_ONLY_20260805_110257\results
CAN_MTL,MU-HC,MU-HC,EEM_J_DHW_ONLY_EEM4,0,0,1,1,skipped_eem4_multifamily_gate,,,,,,,,,,,,,,,,,,
CAN_MTL,MU-HC,MU-HC,EEM_J_EEM4_ONLY,0,0,0,1,skipped_eem4_multifamily_gate,,,,,,,,,,,,,,,,,,
CAN_MTL,MU-HC,MU-HC,EEM_J_ENVELOPE,1,0,0,0,simulated,153.2731,41.1679,11.5729,45.0421,8.0575,32.0933,10.3369,47.1267,tier3,1119.27,01-02 h09,-22.6,1119.27,01-02 h09,-22.6,33,9355,0_BEM_Setup/SimResults_neighbourhoods/option_9_qc1983nu_20260805_nonrc\CAN_MTL\MU-HC\MU-HC_EEM_J_ENVELOPE_20260805_110247\results
CAN_MTL,MU-HC,MU-HC,EEM_J_ENVELOPE_EEM4,1,0,0,1,simulated,135.3665,39.9403,8.4092,45.0383,3.7825,24.7336,8.5654,47.2465,tier3,876.62,01-02 h08,-23.1,876.62,01-02 h08,-23.1,22,10633,0_BEM_Setup/SimResults_neighbourhoods/option_9_qc1983nu_20260805_nonrc\CAN_MTL\MU-HC\MU-HC_EEM_J_ENVELOPE_EEM4_20260805_110415\results
CAN_MTL,MU-HC,MU-HC,EEM_J_ENV_DHW,1,0,1,0,simulated,117.4825,43.6019,10.7412,8.4244,8.0583,32.0933,9.6435,47.2465,tier3,1096.69,01-02 h09,-22.2,1096.69,01-02 h09,-22.2,17,10225,0_BEM_Setup/SimResults_neighbourhoods/option_9_qc1983nu_20260805_nonrc\CAN_MTL\MU-HC\MU-HC_EEM_J_ENV_DHW_20260805_110333\results
CAN_MTL,MU-HC,MU-HC,EEM_J_ENV_DHW_EEM4,1,0,1,1,simulated,103.8082,44.9947,8.3642,8.4116,3.7825,24.7336,8.6238,47.2465,tier3,930.85,01-02 h09,-22.2,930.85,01-02 h09,-22.2,26,11494,0_BEM_Setup/SimResults_neighbourhoods/option_9_qc1983nu_20260805_nonrc\CAN_MTL\MU-HC\MU-HC_EEM_J_ENV_DHW_EEM4_20260805_110427\results
CAN_MTL,MU-HC,MU-HC,EEM_J_ENV_HVAC,1,1,0,0,simulated,124.7293,11.3304,12.4693,45.0611,8.0575,32.0933,10.7548,47.1267,tier3,1518.71,01-02 h09,-22.6,1518.71,01-02 h09,-22.6,33,9864,0_BEM_Setup/SimResults_neighbourhoods/option_9_qc1983nu_20260805_nonrc\CAN_MTL\MU-HC\MU-HC_EEM_J_ENV_HVAC_20260805_110301\results
CAN_MTL,MU-HC,MU-HC,EEM_J_ENV_HVAC_DHW,1,1,1,0,simulated,92.9261,16.1681,12.367,8.4256,8.0575,32.0933,10.8539,47.1267,tier3,1574.73,01-02 h09,-22.6,1574.73,01-02 h09,-22.6,46,10599,0_BEM_Setup/SimResults_neighbourhoods/option_9_qc1983nu_20260805_nonrc\CAN_MTL\MU-HC\MU-HC_EEM_J_ENV_HVAC_DHW_20260805_110354\results
CAN_MTL,MU-HC,MU-HC,EEM_J_ENV_HVAC_DHW_EEM4,1,1,1,1,simulated,77.9026,16.6139,9.678,8.366,3.7802,24.7336,9.8017,47.1267,tier3,1329.5,01-02 h08,-23.3,1329.5,01-02 h08,-23.3,14,11865,0_BEM_Setup/SimResults_neighbourhoods/option_9_qc1983nu_20260805_nonrc\CAN_MTL\MU-HC\MU-HC_EEM_J_ENV_HVAC_DHW_EEM4_20260805_110450\results
CAN_MTL,MU-HC,MU-HC,EEM_J_ENV_HVAC_EEM4,1,1,0,1,simulated,107.5215,10.9618,9.1338,45.0601,3.7825,24.7336,9.0006,47.2465,tier3,1133.12,01-02 h08,-23.1,1133.12,01-02 h08,-23.1,54,11149,0_BEM_Setup/SimResults_neighbourhoods/option_9_qc1983nu_20260805_nonrc\CAN_MTL\MU-HC\MU-HC_EEM_J_ENV_HVAC_EEM4_20260805_110415\results
CAN_MTL,MU-HC,MU-HC,EEM_J_HVAC_DHW,0,1,1,0,simulated,94.7052,20.699,10.1702,8.3563,8.1118,32.0933,10.2745,47.2478,tier3,1654.6,01-02 h08,-23.1,1654.6,01-02 h08,-23.1,43,10714,0_BEM_Setup/SimResults_neighbourhoods/option_9_qc1983nu_20260805_nonrc\CAN_MTL\MU-HC\MU-HC_EEM_J_HVAC_DHW_20260805_110338\results
CAN_MTL,MU-HC,MU-HC,EEM_J_HVAC_DHW_EEM4,0,1,1,1,skipped_eem4_multifamily_gate,,,,,,,,,,,,,,,,,,
CAN_MTL,MU-HC,MU-HC,EEM_J_HVAC_ONLY,0,1,0,0,simulated,126.4623,15.7605,10.2558,45.0561,8.1118,32.0933,10.1854,47.2478,tier3,1596.91,01-02 h09,-22.2,1596.91,01-02 h09,-22.2,14,9861,0_BEM_Setup/SimResults_neighbourhoods/option_9_qc1983nu_20260805_nonrc\CAN_MTL\MU-HC\MU-HC_EEM_J_HVAC_ONLY_20260805_110248\results
CAN_MTL,MU-HC,MU-HC,EEM_J_HVAC_ONLY_EEM4,0,1,0,1,skipped_eem4_multifamily_gate,,,,,,,,,,,,,,,,,,
CAN_MTL,MU-HS,MU-HS,EEM_J_DEFAULT,0,0,0,0,simulated,199.6906,76.7955,10.7154,40.6806,10.1141,44.0347,10.7319,1.8915,native,376.66,07-19 h13,32.1,305.98,01-16 h08,-13.3,4,1313,0_BEM_Setup/SimResults_neighbourhoods/option_9_qc1983nu_20260805_nonrc\CAN_MTL\MU-HS\MU-HS_EEM_J_DEFAULT_20260805_110507\results
CAN_MTL,MU-HS,MU-HS,EEM_J_DHW_ONLY,0,0,1,0,simulated,174.1595,79.8198,10.3255,12.4579,10.1287,44.0347,10.7731,82.6769,tier3,366.75,07-17 h14,32.5,303.35,01-04 h19,-9.6,58,2058,0_BEM_Setup/SimResults_neighbourhoods/option_9_qc1983nu_20260805_nonrc\CAN_MTL\MU-HS\MU-HS_EEM_J_DHW_ONLY_20260805_110533\results
CAN_MTL,MU-HS,MU-HS,EEM_J_DHW_ONLY_EEM4,0,0,1,1,skipped_eem4_multifamily_gate,,,,,,,,,,,,,,,,,,
CAN_MTL,MU-HS,MU-HS,EEM_J_EEM4_ONLY,0,0,0,1,skipped_eem4_multifamily_gate,,,,,,,,,,,,,,,,,,
CAN_MTL,MU-HS,MU-HS,EEM_J_ENVELOPE,1,0,0,0,simulated,177.5368,54.7417,11.3141,40.5711,10.0737,44.0347,10.5295,82.6741,tier3,365.8,07-19 h13,32.1,291.78,01-16 h08,-13.3,34,1351,0_BEM_Setup/SimResults_neighbourhoods/option_9_qc1983nu_20260805_nonrc\CAN_MTL\MU-HS\MU-HS_EEM_J_ENVELOPE_20260805_110514\results
CAN_MTL,MU-HS,MU-HS,EEM_J_ENVELOPE_EEM4,1,0,0,1,simulated,164.1503,57.0986,9.3064,40.5914,4.9013,35.9478,10.0387,82.6741,tier3,311.92,07-19 h10,29.6,254.05,01-16 h08,-13.3,40,1767,0_BEM_Setup/SimResults_neighbourhoods/option_9_qc1983nu_20260805_nonrc\CAN_MTL\MU-HS\MU-HS_EEM_J_ENVELOPE_EEM4_20260805_110746\results
CAN_MTL,MU-HS,MU-HS,EEM_J_ENV_DHW,1,0,1,0,simulated,151.7081,57.2343,11.1793,12.3745,10.0737,44.0347,10.5432,82.6741,tier3,359.34,07-17 h15,31.1,304.58,01-04 h19,-9.6,347,2081,0_BEM_Setup/SimResults_neighbourhoods/option_9_qc1983nu_20260805_nonrc\CAN_MTL\MU-HS\MU-HS_EEM_J_ENV_DHW_20260805_110650\results
CAN_MTL,MU-HS,MU-HS,EEM_J_ENV_DHW_EEM4,1,0,1,1,simulated,138.3907,59.6272,9.1843,12.4166,4.9013,35.9478,10.0501,82.6741,tier3,297.69,07-19 h14,32.7,236.84,01-04 h19,-9.6,82,2506,0_BEM_Setup/SimResults_neighbourhoods/option_9_qc1983nu_20260805_nonrc\CAN_MTL\MU-HS\MU-HS_EEM_J_ENV_DHW_EEM4_20260805_110812\results
CAN_MTL,MU-HS,MU-HS,EEM_J_ENV_HVAC,1,1,0,0,simulated,136.8107,12.7718,12.0212,40.6075,10.0737,44.0347,11.0931,82.6741,tier3,480.32,01-03 h08,-13.7,480.32,01-03 h08,-13.7,36,1467,0_BEM_Setup/SimResults_neighbourhoods/option_9_qc1983nu_20260805_nonrc\CAN_MTL\MU-HS\MU-HS_EEM_J_ENV_HVAC_20260805_110607\results
CAN_MTL,MU-HS,MU-HS,EEM_J_ENV_HVAC_DHW,1,1,1,0,simulated,110.9349,15.2518,11.8576,12.3833,10.0737,44.0347,11.1281,82.6741,tier3,444.19,01-03 h10,-10.8,444.19,01-03 h10,-10.8,333,2205,0_BEM_Setup/SimResults_neighbourhoods/option_9_qc1983nu_20260805_nonrc\CAN_MTL\MU-HS\MU-HS_EEM_J_ENV_HVAC_DHW_20260805_110655\results
CAN_MTL,MU-HS,MU-HS,EEM_J_ENV_HVAC_DHW_EEM4,1,1,1,1,simulated,95.7861,15.9083,9.6175,12.4209,4.9013,35.9478,10.7931,82.6741,tier3,388.94,01-03 h11,-10.5,388.94,01-03 h11,-10.5,104,2605,0_BEM_Setup/SimResults_neighbourhoods/option_9_qc1983nu_20260805_nonrc\CAN_MTL\MU-HS\MU-HS_EEM_J_ENV_HVAC_DHW_EEM4_20260805_110818\results
CAN_MTL,MU-HS,MU-HS,EEM_J_ENV_HVAC_EEM4,1,1,0,1,simulated,121.641,13.4271,9.7786,40.6262,4.9013,35.9478,10.7606,82.6741,tier3,407.05,01-03 h08,-13.7,407.05,01-03 h08,-13.7,38,1865,0_BEM_Setup/SimResults_neighbourhoods/option_9_qc1983nu_20260805_nonrc\CAN_MTL\MU-HS\MU-HS_EEM_J_ENV_HVAC_EEM4_20260805_110810\results
CAN_MTL,MU-HS,MU-HS,EEM_J_HVAC_DHW,0,1,1,0,simulated,117.33,21.5497,10.9029,12.4537,10.1287,44.0347,11.7162,82.6769,tier3,506.03,01-05 h09,-18.8,506.03,01-05 h09,-18.8,37,2157,0_BEM_Setup/SimResults_neighbourhoods/option_9_qc1983nu_20260805_nonrc\CAN_MTL\MU-HS\MU-HS_EEM_J_HVAC_DHW_20260805_110652\results
CAN_MTL,MU-HS,MU-HS,EEM_J_HVAC_DHW_EEM4,0,1,1,1,skipped_eem4_multifamily_gate,,,,,,,,,,,,,,,,,,
CAN_MTL,MU-HS,MU-HS,EEM_J_HVAC_ONLY,0,1,0,0,simulated,143.1086,19.0084,11.0385,40.7186,10.1287,44.0347,11.6366,82.6769,tier3,527.42,01-03 h08,-13.7,527.42,01-03 h08,-13.7,8,1427,0_BEM_Setup/SimResults_neighbourhoods/option_9_qc1983nu_20260805_nonrc\CAN_MTL\MU-HS\MU-HS_EEM_J_HVAC_ONLY_20260805_110526\results
CAN_MTL,MU-HS,MU-HS,EEM_J_HVAC_ONLY_EEM4,0,1,0,1,skipped_eem4_multifamily_gate,,,,,,,,,,,,,,,,,,
CAN_MTL,MU-L,MU-L,EEM_J_DEFAULT,0,0,0,0,simulated,161.4233,50.8214,8.2856,43.4689,7.3566,36.9605,9.7493,0.0,native,297.08,01-17 h19,1.1,297.08,01-17 h19,1.1,2,5410,0_BEM_Setup/SimResults_neighbourhoods/option_9_qc1983nu_20260805_nonrc\CAN_MTL\MU-L\MU-L_EEM_J_DEFAULT_20260805_110821\results
CAN_MTL,MU-L,MU-L,EEM_J_DHW_ONLY,0,0,1,0,simulated,134.0742,52.7524,7.9911,14.456,7.359,36.9605,9.7735,77.2731,tier3,269.0,01-04 h19,-9.6,269.0,01-04 h19,-9.6,10,6849,0_BEM_Setup/SimResults_neighbourhoods/option_9_qc1983nu_20260805_nonrc\CAN_MTL\MU-L\MU-L_EEM_J_DHW_ONLY_20260805_110844\results
CAN_MTL,MU-L,MU-L,EEM_J_DHW_ONLY_EEM4,0,0,1,1,skipped_eem4_multifamily_gate,,,,,,,,,,,,,,,,,,
CAN_MTL,MU-L,MU-L,EEM_J_EEM4_ONLY,0,0,0,1,skipped_eem4_multifamily_gate,,,,,,,,,,,,,,,,,,
CAN_MTL,MU-L,MU-L,EEM_J_ENVELOPE,1,0,0,0,simulated,142.8313,32.4677,8.9877,43.4342,7.3406,36.9605,8.8603,77.2731,tier3,276.58,07-14 h18,30.1,274.56,01-02 h07,-23.5,9,5386,0_BEM_Setup/SimResults_neighbourhoods/option_9_qc1983nu_20260805_nonrc\CAN_MTL\MU-L\MU-L_EEM_J_ENVELOPE_20260805_110830\results
CAN_MTL,MU-L,MU-L,EEM_J_ENVELOPE_EEM4,1,0,0,1,simulated,131.0069,36.4334,6.7868,43.4487,3.0786,28.7435,7.7373,77.2731,tier3,239.38,01-02 h07,-23.5,239.38,01-02 h07,-23.5,29,6271,0_BEM_Setup/SimResults_neighbourhoods/option_9_qc1983nu_20260805_nonrc\CAN_MTL\MU-L\MU-L_EEM_J_ENVELOPE_EEM4_20260805_111030\results
CAN_MTL,MU-L,MU-L,EEM_J_ENV_DHW,1,0,1,0,simulated,115.3042,34.1972,8.7733,14.3747,7.3406,36.9605,8.8773,77.2731,tier3,260.89,01-04 h19,-9.6,260.89,01-04 h19,-9.6,34,6833,0_BEM_Setup/SimResults_neighbourhoods/option_9_qc1983nu_20260805_nonrc\CAN_MTL\MU-L\MU-L_EEM_J_ENV_DHW_20260805_110954\results
CAN_MTL,MU-L,MU-L,EEM_J_ENV_DHW_EEM4,1,0,1,1,simulated,103.6201,38.2603,6.603,14.3799,3.0786,28.7435,7.7757,77.2731,tier3,190.4,01-02 h17,-17.1,190.4,01-02 h17,-17.1,25,7732,0_BEM_Setup/SimResults_neighbourhoods/option_9_qc1983nu_20260805_nonrc\CAN_MTL\MU-L\MU-L_EEM_J_ENV_DHW_EEM4_20260805_111113\results
CAN_MTL,MU-L,MU-L,EEM_J_ENV_HVAC,1,1,0,0,simulated,124.6258,12.7938,10.29,43.4757,7.3406,36.9605,9.0656,77.2731,tier3,409.25,01-03 h19,-2.0,409.25,01-03 h19,-2.0,9,5697,0_BEM_Setup/SimResults_neighbourhoods/option_9_qc1983nu_20260805_nonrc\CAN_MTL\MU-L\MU-L_EEM_J_ENV_HVAC_20260805_110903\results
CAN_MTL,MU-L,MU-L,EEM_J_ENV_HVAC_DHW,1,1,1,0,simulated,96.9061,14.4065,10.0312,14.3572,7.3406,36.9605,9.1098,77.2731,tier3,353.2,01-03 h20,-3.5,353.2,01-03 h20,-3.5,27,7138,0_BEM_Setup/SimResults_neighbourhoods/option_9_qc1983nu_20260805_nonrc\CAN_MTL\MU-L\MU-L_EEM_J_ENV_HVAC_DHW_20260805_111000\results
CAN_MTL,MU-L,MU-L,EEM_J_ENV_HVAC_DHW_EEM4,1,1,1,1,simulated,82.5676,15.9912,7.4619,14.3879,3.0786,28.7435,8.2081,77.2731,tier3,275.67,01-03 h11,-10.5,275.67,01-03 h11,-10.5,18,8042,0_BEM_Setup/SimResults_neighbourhoods/option_9_qc1983nu_20260805_nonrc\CAN_MTL\MU-L\MU-L_EEM_J_ENV_HVAC_DHW_EEM4_20260805_111120\results
CAN_MTL,MU-L,MU-L,EEM_J_ENV_HVAC_EEM4,1,1,0,1,simulated,110.209,14.3568,7.6939,43.498,3.0786,28.7435,8.1422,77.2731,tier3,311.81,01-17 h08,2.7,311.81,01-17 h08,2.7,26,6570,0_BEM_Setup/SimResults_neighbourhoods/option_9_qc1983nu_20260805_nonrc\CAN_MTL\MU-L\MU-L_EEM_J_ENV_HVAC_EEM4_20260805_111055\results
CAN_MTL,MU-L,MU-L,EEM_J_HVAC_DHW,0,1,1,0,simulated,106.3995,23.3179,9.2407,14.4846,7.359,36.9605,10.3333,77.2731,tier3,398.06,01-03 h19,-2.0,398.06,01-03 h19,-2.0,10,7157,0_BEM_Setup/SimResults_neighbourhoods/option_9_qc1983nu_20260805_nonrc\CAN_MTL\MU-L\MU-L_EEM_J_HVAC_DHW_20260805_110959\results
CAN_MTL,MU-L,MU-L,EEM_J_HVAC_DHW_EEM4,0,1,1,1,skipped_eem4_multifamily_gate,,,,,,,,,,,,,,,,,,
CAN_MTL,MU-L,MU-L,EEM_J_HVAC_ONLY,0,1,0,0,simulated,133.9396,21.677,9.4559,43.5106,7.359,36.9605,10.2738,77.2731,tier3,443.38,01-03 h19,-2.0,443.38,01-03 h19,-2.0,2,5694,0_BEM_Setup/SimResults_neighbourhoods/option_9_qc1983nu_20260805_nonrc\CAN_MTL\MU-L\MU-L_EEM_J_HVAC_ONLY_20260805_110842\results
CAN_MTL,MU-L,MU-L,EEM_J_HVAC_ONLY_EEM4,0,1,0,1,skipped_eem4_multifamily_gate,,,,,,,,,,,,,,,,,,
CAN_MTL,MU-S1,MU-S1,EEM_J_DEFAULT,0,0,0,0,simulated,189.2488,57.5376,9.4668,43.4696,18.1105,38.3304,9.7254,2.7652,native,707.67,01-03 h09,-11.5,707.67,01-03 h09,-11.5,7,7724,0_BEM_Setup/SimResults_neighbourhoods/option_9_qc1983nu_20260805_nonrc\CAN_MTL\MU-S1\MU-S1_EEM_J_DEFAULT_20260805_111126\results
CAN_MTL,MU-S1,MU-S1,EEM_J_DHW_ONLY,0,0,1,0,simulated,160.473,60.9037,8.8982,11.904,18.1661,38.3304,9.6597,74.1278,tier3,691.64,01-03 h11,-10.5,691.64,01-03 h11,-10.5,9,9569,0_BEM_Setup/SimResults_neighbourhoods/option_9_qc1983nu_20260805_nonrc\CAN_MTL\MU-S1\MU-S1_EEM_J_DHW_ONLY_20260805_111135\results
CAN_MTL,MU-S1,MU-S1,EEM_J_DHW_ONLY_EEM4,0,0,1,1,skipped_eem4_multifamily_gate,,,,,,,,,,,,,,,,,,
CAN_MTL,MU-S1,MU-S1,EEM_J_EEM4_ONLY,0,0,0,1,skipped_eem4_multifamily_gate,,,,,,,,,,,,,,,,,,
CAN_MTL,MU-S1,MU-S1,EEM_J_ENVELOPE,1,0,0,0,simulated,177.3115,45.6882,9.5591,43.4671,18.0523,38.3304,9.6128,73.9088,tier3,664.61,01-03 h09,-12.4,664.61,01-03 h09,-12.4,6,7742,0_BEM_Setup/SimResults_neighbourhoods/option_9_qc1983nu_20260805_nonrc\CAN_MTL\MU-S1\MU-S1_EEM_J_ENVELOPE_20260805_111126\results
CAN_MTL,MU-S1,MU-S1,EEM_J_ENVELOPE_EEM4,1,0,0,1,simulated,157.0816,47.8835,6.1348,43.4645,8.3642,30.7192,8.1505,74.1277,tier3,497.81,01-03 h08,-13.7,497.81,01-03 h08,-13.7,13,9100,0_BEM_Setup/SimResults_neighbourhoods/option_9_qc1983nu_20260805_nonrc\CAN_MTL\MU-S1\MU-S1_EEM_J_ENVELOPE_EEM4_20260805_111326\results
CAN_MTL,MU-S1,MU-S1,EEM_J_ENV_DHW,1,0,1,0,simulated,146.5891,47.8664,8.7535,11.8278,18.0526,38.3304,9.1533,74.1277,tier3,598.77,01-03 h09,-11.5,598.77,01-03 h09,-11.5,42,9582,0_BEM_Setup/SimResults_neighbourhoods/option_9_qc1983nu_20260805_nonrc\CAN_MTL\MU-S1\MU-S1_EEM_J_ENV_DHW_20260805_111300\results
CAN_MTL,MU-S1,MU-S1,EEM_J_ENV_DHW_EEM4,1,0,1,1,simulated,129.1546,51.6685,5.9676,11.8618,8.3642,30.7192,8.2099,74.1277,tier3,484.21,01-03 h11,-10.5,484.21,01-03 h11,-10.5,24,10942,0_BEM_Setup/SimResults_neighbourhoods/option_9_qc1983nu_20260805_nonrc\CAN_MTL\MU-S1\MU-S1_EEM_J_ENV_DHW_EEM4_20260805_111348\results
CAN_MTL,MU-S1,MU-S1,EEM_J_ENV_HVAC,1,1,0,0,simulated,146.499,13.8516,9.945,43.5115,18.0523,38.3304,10.282,73.9088,tier3,865.98,01-03 h09,-12.4,865.98,01-03 h09,-12.4,17,8493,0_BEM_Setup/SimResults_neighbourhoods/option_9_qc1983nu_20260805_nonrc\CAN_MTL\MU-S1\MU-S1_EEM_J_ENV_HVAC_20260805_111155\results
CAN_MTL,MU-S1,MU-S1,EEM_J_ENV_HVAC_DHW,1,1,1,0,simulated,118.3884,17.4259,9.7261,11.9835,18.0523,38.3304,10.3482,73.9088,tier3,861.93,01-03 h10,-11.1,861.93,01-03 h10,-11.1,25,10054,0_BEM_Setup/SimResults_neighbourhoods/option_9_qc1983nu_20260805_nonrc\CAN_MTL\MU-S1\MU-S1_EEM_J_ENV_HVAC_DHW_20260805_111306\results
CAN_MTL,MU-S1,MU-S1,EEM_J_ENV_HVAC_DHW_EEM4,1,1,1,1,simulated,97.4817,17.8072,6.816,11.954,8.3635,30.7192,9.5503,73.9088,tier3,668.4,01-03 h10,-11.1,668.4,01-03 h10,-11.1,42,11410,0_BEM_Setup/SimResults_neighbourhoods/option_9_qc1983nu_20260805_nonrc\CAN_MTL\MU-S1\MU-S1_EEM_J_ENV_HVAC_DHW_EEM4_20260805_111355\results
CAN_MTL,MU-S1,MU-S1,EEM_J_ENV_HVAC_EEM4,1,1,0,1,simulated,123.6732,13.3994,6.419,43.5237,8.3642,30.7192,8.965,74.1277,tier3,645.19,01-13 h21,-24.0,645.19,01-13 h21,-24.0,13,9859,0_BEM_Setup/SimResults_neighbourhoods/option_9_qc1983nu_20260805_nonrc\CAN_MTL\MU-S1\MU-S1_EEM_J_ENV_HVAC_EEM4_20260805_111330\results
CAN_MTL,MU-S1,MU-S1,EEM_J_HVAC_DHW,0,1,1,0,simulated,121.6877,21.1927,9.0595,11.9047,18.1661,38.3304,10.5044,74.1278,tier3,874.69,01-13 h21,-24.0,874.69,01-13 h21,-24.0,9,10323,0_BEM_Setup/SimResults_neighbourhoods/option_9_qc1983nu_20260805_nonrc\CAN_MTL\MU-S1\MU-S1_EEM_J_HVAC_DHW_20260805_111305\results
CAN_MTL,MU-S1,MU-S1,EEM_J_HVAC_DHW_EEM4,0,1,1,1,skipped_eem4_multifamily_gate,,,,,,,,,,,,,,,,,,
CAN_MTL,MU-S1,MU-S1,EEM_J_HVAC_ONLY,0,1,0,0,simulated,149.7831,17.5661,9.2524,43.5158,18.1661,38.3304,10.4245,74.1278,tier3,867.2,01-13 h21,-24.0,867.2,01-13 h21,-24.0,6,8485,0_BEM_Setup/SimResults_neighbourhoods/option_9_qc1983nu_20260805_nonrc\CAN_MTL\MU-S1\MU-S1_EEM_J_HVAC_ONLY_20260805_111132\results
CAN_MTL,MU-S1,MU-S1,EEM_J_HVAC_ONLY_EEM4,0,1,0,1,skipped_eem4_multifamily_gate,,,,,,,,,,,,,,,,,,
CAN_MTL,MU-S2,MU-S2,EEM_J_DEFAULT,0,0,0,0,simulated,181.9852,50.1476,10.1864,44.1488,21.5338,29.0319,10.796,0.9021,native,491.65,07-04 h18,27.1,468.43,12-25 h09,1.7,2,5289,0_BEM_Setup/SimResults_neighbourhoods/option_9_qc1983nu_20260805_nonrc\CAN_MTL\MU-S2\MU-S2_EEM_J_DEFAULT_20260805_111357\results
CAN_MTL,MU-S2,MU-S2,EEM_J_DHW_ONLY,0,0,1,0,simulated,156.0011,53.7694,9.5339,15.1539,21.6257,29.0319,10.7535,100.1567,tier3,445.08,07-10 h19,26.5,424.74,12-25 h12,1.5,7,7042,0_BEM_Setup/SimResults_neighbourhoods/option_9_qc1983nu_20260805_nonrc\CAN_MTL\MU-S2\MU-S2_EEM_J_DHW_ONLY_20260805_111448\results
CAN_MTL,MU-S2,MU-S2,EEM_J_DHW_ONLY_EEM4,0,0,1,1,skipped_eem4_multifamily_gate,,,,,,,,,,,,,,,,,,
CAN_MTL,MU-S2,MU-S2,EEM_J_EEM4_ONLY,0,0,0,1,skipped_eem4_multifamily_gate,,,,,,,,,,,,,,,,,,
CAN_MTL,MU-S2,MU-S2,EEM_J_ENVELOPE,1,0,0,0,simulated,170.9484,40.3099,9.7036,44.1202,21.5228,29.0319,10.1299,100.1567,tier3,433.44,07-15 h18,31.5,429.71,12-25 h19,0.9,2,5318,0_BEM_Setup/SimResults_neighbourhoods/option_9_qc1983nu_20260805_nonrc\CAN_MTL\MU-S2\MU-S2_EEM_J_ENVELOPE_20260805_111414\results
CAN_MTL,MU-S2,MU-S2,EEM_J_ENVELOPE_EEM4,1,0,0,1,simulated,154.3986,46.6935,6.4531,44.1311,9.8945,22.0382,9.4134,100.1567,tier3,354.39,12-25 h09,1.7,354.39,12-25 h09,1.7,2,6411,0_BEM_Setup/SimResults_neighbourhoods/option_9_qc1983nu_20260805_nonrc\CAN_MTL\MU-S2\MU-S2_EEM_J_ENVELOPE_EEM4_20260805_111625\results
CAN_MTL,MU-S2,MU-S2,EEM_J_ENV_DHW,1,0,1,0,simulated,144.5231,43.0797,9.4972,15.0956,21.5228,29.0319,10.1659,100.1567,tier3,418.08,09-08 h18,28.7,382.15,02-20 h19,-7.4,18,7048,0_BEM_Setup/SimResults_neighbourhoods/option_9_qc1983nu_20260805_nonrc\CAN_MTL\MU-S2\MU-S2_EEM_J_ENV_DHW_20260805_111522\results
CAN_MTL,MU-S2,MU-S2,EEM_J_ENV_DHW_EEM4,1,0,1,1,simulated,128.09,49.5221,6.2606,15.1468,9.8945,22.0382,9.4531,100.1567,tier3,326.25,10-09 h18,5.5,320.35,01-16 h20,2.1,13,8171,0_BEM_Setup/SimResults_neighbourhoods/option_9_qc1983nu_20260805_nonrc\CAN_MTL\MU-S2\MU-S2_EEM_J_ENV_DHW_EEM4_20260805_111637\results
CAN_MTL,MU-S2,MU-S2,EEM_J_ENV_HVAC,1,1,0,0,simulated,142.3918,10.5748,10.3524,44.1633,21.5228,29.0319,10.6746,100.1567,tier3,545.21,01-17 h08,2.7,545.21,01-17 h08,2.7,2,5717,0_BEM_Setup/SimResults_neighbourhoods/option_9_qc1983nu_20260805_nonrc\CAN_MTL\MU-S2\MU-S2_EEM_J_ENV_HVAC_20260805_111514\results
CAN_MTL,MU-S2,MU-S2,EEM_J_ENV_HVAC_DHW,1,1,1,0,simulated,115.7983,13.158,10.1043,15.1696,21.5228,29.0319,10.7395,100.1567,tier3,527.36,01-03 h20,-3.5,527.36,01-03 h20,-3.5,22,7451,0_BEM_Setup/SimResults_neighbourhoods/option_9_qc1983nu_20260805_nonrc\CAN_MTL\MU-S2\MU-S2_EEM_J_ENV_HVAC_DHW_20260805_111549\results
CAN_MTL,MU-S2,MU-S2,EEM_J_ENV_HVAC_DHW_EEM4,1,1,1,1,simulated,94.1984,14.2492,6.891,15.1625,9.8945,22.0382,10.249,100.1567,tier3,423.0,01-03 h20,-3.5,423.0,01-03 h20,-3.5,22,8551,0_BEM_Setup/SimResults_neighbourhoods/option_9_qc1983nu_20260805_nonrc\CAN_MTL\MU-S2\MU-S2_EEM_J_ENV_HVAC_DHW_EEM4_20260805_111657\results
CAN_MTL,MU-S2,MU-S2,EEM_J_ENV_HVAC_EEM4,1,1,0,1,simulated,120.7925,11.6485,7.1263,44.1874,9.8945,22.0382,10.1836,100.1567,tier3,432.28,01-17 h08,2.7,432.28,01-17 h08,2.7,2,6801,0_BEM_Setup/SimResults_neighbourhoods/option_9_qc1983nu_20260805_nonrc\CAN_MTL\MU-S2\MU-S2_EEM_J_ENV_HVAC_EEM4_20260805_111630\results
CAN_MTL,MU-S2,MU-S2,EEM_J_HVAC_DHW,0,1,1,0,simulated,120.2335,16.7154,10.0173,15.1825,21.6257,29.0319,11.5871,100.1567,tier3,544.62,01-17 h19,1.1,544.62,01-17 h19,1.1,12,7433,0_BEM_Setup/SimResults_neighbourhoods/option_9_qc1983nu_20260805_nonrc\CAN_MTL\MU-S2\MU-S2_EEM_J_HVAC_DHW_20260805_111530\results
CAN_MTL,MU-S2,MU-S2,EEM_J_HVAC_DHW_EEM4,0,1,1,1,skipped_eem4_multifamily_gate,,,,,,,,,,,,,,,,,,
CAN_MTL,MU-S2,MU-S2,EEM_J_HVAC_ONLY,0,1,0,0,simulated,146.7437,14.0777,10.2295,44.1946,21.6257,29.0319,11.5104,100.1567,tier3,577.67,01-17 h08,2.7,577.67,01-17 h08,2.7,2,5698,0_BEM_Setup/SimResults_neighbourhoods/option_9_qc1983nu_20260805_nonrc\CAN_MTL\MU-S2\MU-S2_EEM_J_HVAC_ONLY_20260805_111434\results
CAN_MTL,MU-S2,MU-S2,EEM_J_HVAC_ONLY_EEM4,0,1,0,1,skipped_eem4_multifamily_gate,,,,,,,,,,,,,,,,,,
CAN_MTL,MU-U1,MU-U1,EEM_J_DEFAULT,0,0,0,0,simulated,97.3208,16.8585,6.4527,28.2699,7.1784,24.5633,8.033,2.2702,native,3001.31,01-02 h09,-22.2,3001.31,01-02 h09,-22.2,2,5029,0_BEM_Setup/SimResults_neighbourhoods/option_9_qc1983nu_20260805_nonrc\CAN_MTL\MU-U1\MU-U1_EEM_J_DEFAULT_20260805_111702\results
CAN_MTL,MU-U1,MU-U1,EEM_J_DHW_ONLY,0,0,1,0,simulated,78.4208,23.5514,5.2655,3.8656,7.1973,24.5633,8.0317,20.4701,tier3,3103.91,01-02 h09,-22.2,3103.91,01-02 h09,-22.2,2,5161,0_BEM_Setup/SimResults_neighbourhoods/option_9_qc1983nu_20260805_nonrc\CAN_MTL\MU-U1\MU-U1_EEM_J_DHW_ONLY_20260805_111730\results
CAN_MTL,MU-U1,MU-U1,EEM_J_DHW_ONLY_EEM4,0,0,1,1,simulated,65.7572,28.4609,3.8285,3.9024,3.1809,14.0969,6.3556,20.4701,tier3,2551.01,01-02 h09,-22.2,2551.01,01-02 h09,-22.2,8,6034,0_BEM_Setup/SimResults_neighbourhoods/option_9_qc1983nu_20260805_nonrc\CAN_MTL\MU-U1\MU-U1_EEM_J_DHW_ONLY_EEM4_20260805_111858\results
CAN_MTL,MU-U1,MU-U1,EEM_J_EEM4_ONLY,0,0,0,1,simulated,86.0213,24.4181,3.8327,28.2711,3.1809,14.0969,6.2897,20.4701,tier3,2294.8,01-02 h08,-23.1,2294.8,01-02 h08,-23.1,8,5876,0_BEM_Setup/SimResults_neighbourhoods/option_9_qc1983nu_20260805_nonrc\CAN_MTL\MU-U1\MU-U1_EEM_J_EEM4_ONLY_20260805_111838\results
CAN_MTL,MU-U1,MU-U1,EEM_J_ENVELOPE,1,0,0,0,simulated,90.3119,9.6188,6.4924,28.2703,7.1753,24.5633,8.2316,20.4701,tier3,2621.04,01-02 h09,-22.2,2621.04,01-02 h09,-22.2,2,5019,0_BEM_Setup/SimResults_neighbourhoods/option_9_qc1983nu_20260805_nonrc\CAN_MTL\MU-U1\MU-U1_EEM_J_ENVELOPE_20260805_111702\results
CAN_MTL,MU-U1,MU-U1,EEM_J_ENVELOPE_EEM4,1,0,0,1,simulated,74.7185,12.2902,4.6221,28.2712,3.1423,14.0969,6.3474,20.4701,tier3,1996.12,01-02 h08,-23.1,1996.12,01-02 h08,-23.1,8,5874,0_BEM_Setup/SimResults_neighbourhoods/option_9_qc1983nu_20260805_nonrc\CAN_MTL\MU-U1\MU-U1_EEM_J_ENVELOPE_EEM4_20260805_111844\results
CAN_MTL,MU-U1,MU-U1,EEM_J_ENV_DHW,1,0,1,0,simulated,70.0057,13.6258,6.4751,3.9151,7.1753,24.5633,8.291,20.4701,tier3,2795.89,01-02 h19,-16.7,2795.89,01-02 h19,-16.7,3,5179,0_BEM_Setup/SimResults_neighbourhoods/option_9_qc1983nu_20260805_nonrc\CAN_MTL\MU-U1\MU-U1_EEM_J_ENV_DHW_20260805_111812\results
CAN_MTL,MU-U1,MU-U1,EEM_J_ENV_DHW_EEM4,1,0,1,1,simulated,54.3983,16.3205,4.6052,3.8764,3.1423,14.0969,6.4084,20.4701,tier3,2263.23,01-02 h19,-16.7,2263.23,01-02 h19,-16.7,9,6028,0_BEM_Setup/SimResults_neighbourhoods/option_9_qc1983nu_20260805_nonrc\CAN_MTL\MU-U1\MU-U1_EEM_J_ENV_DHW_EEM4_20260805_111919\results
CAN_MTL,MU-U1,MU-U1,EEM_J_ENV_HVAC,1,1,0,0,simulated,84.7898,3.0601,7.3116,28.2754,7.1753,24.5633,8.4607,20.4701,tier3,3306.26,01-02 h09,-22.2,3306.26,01-02 h09,-22.2,2,5043,0_BEM_Setup/SimResults_neighbourhoods/option_9_qc1983nu_20260805_nonrc\CAN_MTL\MU-U1\MU-U1_EEM_J_ENV_HVAC_20260805_111748\results
CAN_MTL,MU-U1,MU-U1,EEM_J_ENV_HVAC_DHW,1,1,1,0,simulated,64.4264,7.0712,7.2896,3.865,7.1753,24.5633,8.5183,20.4701,tier3,3460.77,01-02 h09,-22.2,3460.77,01-02 h09,-22.2,3,5196,0_BEM_Setup/SimResults_neighbourhoods/option_9_qc1983nu_20260805_nonrc\CAN_MTL\MU-U1\MU-U1_EEM_J_ENV_HVAC_DHW_20260805_111827\results
CAN_MTL,MU-U1,MU-U1,EEM_J_ENV_HVAC_DHW_EEM4,1,1,1,1,simulated,46.9034,7.901,5.2277,3.9697,3.1423,14.0969,6.6397,20.4701,tier3,2844.83,01-02 h19,-16.7,2844.83,01-02 h19,-16.7,11,6051,0_BEM_Setup/SimResults_neighbourhoods/option_9_qc1983nu_20260805_nonrc\CAN_MTL\MU-U1\MU-U1_EEM_J_ENV_HVAC_DHW_EEM4_20260805_111939\results
CAN_MTL,MU-U1,MU-U1,EEM_J_ENV_HVAC_EEM4,1,1,0,1,simulated,67.1851,3.917,5.2477,28.2763,3.1423,14.0969,6.579,20.4701,tier3,2569.19,01-02 h17,-17.1,2569.19,01-02 h17,-17.1,10,5905,0_BEM_Setup/SimResults_neighbourhoods/option_9_qc1983nu_20260805_nonrc\CAN_MTL\MU-U1\MU-U1_EEM_J_ENV_HVAC_EEM4_20260805_111913\results
CAN_MTL,MU-U1,MU-U1,EEM_J_HVAC_DHW,0,1,1,0,simulated,65.7975,9.956,5.9106,3.8731,7.1973,24.5633,8.3721,20.4701,tier3,4044.9,01-02 h09,-22.2,4044.9,01-02 h09,-22.2,2,5188,0_BEM_Setup/SimResults_neighbourhoods/option_9_qc1983nu_20260805_nonrc\CAN_MTL\MU-U1\MU-U1_EEM_J_HVAC_DHW_20260805_111822\results
CAN_MTL,MU-U1,MU-U1,EEM_J_HVAC_DHW_EEM4,0,1,1,1,simulated,49.6249,11.4777,4.3363,3.9474,3.1809,14.0969,6.6801,20.4701,tier3,3232.57,01-02 h08,-23.1,3232.57,01-02 h08,-23.1,8,6057,0_BEM_Setup/SimResults_neighbourhoods/option_9_qc1983nu_20260805_nonrc\CAN_MTL\MU-U1\MU-U1_EEM_J_HVAC_DHW_EEM4_20260805_111922\results
CAN_MTL,MU-U1,MU-U1,EEM_J_HVAC_ONLY,0,1,0,0,simulated,86.1358,5.9404,5.9243,28.275,7.1973,24.5633,8.3107,20.4701,tier3,3751.91,01-02 h09,-22.2,3751.91,01-02 h09,-22.2,2,5055,0_BEM_Setup/SimResults_neighbourhoods/option_9_qc1983nu_20260805_nonrc\CAN_MTL\MU-U1\MU-U1_EEM_J_HVAC_ONLY_20260805_111724\results
CAN_MTL,MU-U1,MU-U1,EEM_J_HVAC_ONLY_EEM4,0,1,0,1,simulated,69.8955,7.4768,4.3446,28.2759,3.1809,14.0969,6.6151,20.4701,tier3,2973.43,01-02 h17,-17.1,2973.43,01-02 h17,-17.1,8,5906,0_BEM_Setup/SimResults_neighbourhoods/option_9_qc1983nu_20260805_nonrc\CAN_MTL\MU-U1\MU-U1_EEM_J_HVAC_ONLY_EEM4_20260805_111854\results
CAN_MTL,MU-W,MU-W,EEM_J_DEFAULT,0,0,0,0,simulated,146.42,57.4621,5.7716,31.1953,6.4081,33.3253,7.3604,2.6113,native,170.85,11-23 h07,-3.4,165.5,12-25 h07,2.1,3,2873,0_BEM_Setup/SimResults_neighbourhoods/option_9_qc1983nu_20260805_nonrc\CAN_MTL\MU-W\MU-W_EEM_J_DEFAULT_20260805_112030\results
CAN_MTL,MU-W,MU-W,EEM_J_DHW_ONLY,0,0,1,0,simulated,126.8419,59.7483,5.4955,9.4301,6.5708,33.3253,7.3742,78.0587,tier3,155.67,07-19 h11,30.6,144.79,01-16 h21,1.8,7,3634,0_BEM_Setup/SimResults_neighbourhoods/option_9_qc1983nu_20260805_nonrc\CAN_MTL\MU-W\MU-W_EEM_J_DHW_ONLY_20260805_112048\results
CAN_MTL,MU-W,MU-W,EEM_J_DHW_ONLY_EEM4,0,0,1,1,skipped_eem4_multifamily_gate,,,,,,,,,,,,,,,,,,
CAN_MTL,MU-W,MU-W,EEM_J_EEM4_ONLY,0,0,0,1,skipped_eem4_multifamily_gate,,,,,,,,,,,,,,,,,,
CAN_MTL,MU-W,MU-W,EEM_J_ENVELOPE,1,0,0,0,simulated,130.8739,42.7662,5.8232,31.177,6.5296,33.3253,6.3563,78.0587,tier3,152.78,11-23 h07,-3.4,152.45,12-25 h07,2.1,2,2874,0_BEM_Setup/SimResults_neighbourhoods/option_9_qc1983nu_20260805_nonrc\CAN_MTL\MU-W\MU-W_EEM_J_ENVELOPE_20260805_112042\results
CAN_MTL,MU-W,MU-W,EEM_J_ENVELOPE_EEM4,1,0,0,1,simulated,123.7807,45.9704,4.5472,31.188,3.0502,28.3936,5.7374,78.0587,tier3,136.5,11-23 h07,-3.4,135.29,12-25 h07,2.1,2,3317,0_BEM_Setup/SimResults_neighbourhoods/option_9_qc1983nu_20260805_nonrc\CAN_MTL\MU-W\MU-W_EEM_J_ENVELOPE_EEM4_20260805_112127\results
CAN_MTL,MU-W,MU-W,EEM_J_ENV_DHW,1,0,1,0,simulated,110.8632,44.6717,5.6948,9.3662,6.5296,33.3253,6.3793,78.0587,tier3,139.96,07-17 h14,32.5,131.24,01-02 h19,-16.7,3,3653,0_BEM_Setup/SimResults_neighbourhoods/option_9_qc1983nu_20260805_nonrc\CAN_MTL\MU-W\MU-W_EEM_J_ENV_DHW_20260805_112118\results
CAN_MTL,MU-W,MU-W,EEM_J_ENV_DHW_EEM4,1,0,1,1,simulated,103.8784,47.9591,4.4345,9.3774,3.0502,28.3936,5.7693,78.0587,tier3,118.54,01-16 h21,1.8,118.54,01-16 h21,1.8,4,4071,0_BEM_Setup/SimResults_neighbourhoods/option_9_qc1983nu_20260805_nonrc\CAN_MTL\MU-W\MU-W_EEM_J_ENV_DHW_EEM4_20260805_112131\results
CAN_MTL,MU-W,MU-W,EEM_J_ENV_HVAC,1,1,0,0,simulated,104.769,15.5063,6.5408,31.2227,6.5296,33.3253,6.8474,78.0587,tier3,227.01,01-02 h08,-23.1,227.01,01-02 h08,-23.1,2,3039,0_BEM_Setup/SimResults_neighbourhoods/option_9_qc1983nu_20260805_nonrc\CAN_MTL\MU-W\MU-W_EEM_J_ENV_HVAC_20260805_112052\results
CAN_MTL,MU-W,MU-W,EEM_J_ENV_HVAC_DHW,1,1,1,0,simulated,84.6397,17.3431,6.3833,9.3765,6.5296,33.3253,6.8842,78.0587,tier3,207.05,01-02 h19,-16.7,207.05,01-02 h19,-16.7,8,3817,0_BEM_Setup/SimResults_neighbourhoods/option_9_qc1983nu_20260805_nonrc\CAN_MTL\MU-W\MU-W_EEM_J_ENV_HVAC_DHW_20260805_112127\results
CAN_MTL,MU-W,MU-W,EEM_J_ENV_HVAC_DHW_EEM4,1,1,1,1,simulated,75.384,18.4346,4.8979,9.41,3.0502,28.3936,6.4041,78.0587,tier3,167.23,01-03 h12,-8.8,167.23,01-03 h12,-8.8,6,4238,0_BEM_Setup/SimResults_neighbourhoods/option_9_qc1983nu_20260805_nonrc\CAN_MTL\MU-W\MU-W_EEM_J_ENV_HVAC_DHW_EEM4_20260805_112141\results
CAN_MTL,MU-W,MU-W,EEM_J_ENV_HVAC_EEM4,1,1,0,1,simulated,95.45,16.5772,5.0402,31.2407,3.0502,28.3936,6.3554,78.0587,tier3,184.28,01-02 h08,-23.1,184.28,01-02 h08,-23.1,2,3480,0_BEM_Setup/SimResults_neighbourhoods/option_9_qc1983nu_20260805_nonrc\CAN_MTL\MU-W\MU-W_EEM_J_ENV_HVAC_EEM4_20260805_112129\results
CAN_MTL,MU-W,MU-W,EEM_J_HVAC_DHW,0,1,1,0,simulated,92.7789,24.3124,6.1887,9.4702,6.5708,33.3253,8.1098,78.0587,tier3,247.83,01-02 h19,-16.7,247.83,01-02 h19,-16.7,6,3790,0_BEM_Setup/SimResults_neighbourhoods/option_9_qc1983nu_20260805_nonrc\CAN_MTL\MU-W\MU-W_EEM_J_HVAC_DHW_20260805_112119\results
CAN_MTL,MU-W,MU-W,EEM_J_HVAC_DHW_EEM4,0,1,1,1,skipped_eem4_multifamily_gate,,,,,,,,,,,,,,,,,,
CAN_MTL,MU-W,MU-W,EEM_J_HVAC_ONLY,0,1,0,0,simulated,112.7719,22.4588,6.3174,31.2412,6.5708,33.3253,8.0573,78.0587,tier3,260.15,01-02 h08,-23.1,260.15,01-02 h08,-23.1,5,3047,0_BEM_Setup/SimResults_neighbourhoods/option_9_qc1983nu_20260805_nonrc\CAN_MTL\MU-W\MU-W_EEM_J_HVAC_ONLY_20260805_112047\results
CAN_MTL,MU-W,MU-W,EEM_J_HVAC_ONLY_EEM4,0,1,0,1,skipped_eem4_multifamily_gate,,,,,,,,,,,,,,,,,,
CAN_MTL,MU-W2,MU-W2,EEM_J_DEFAULT,0,0,0,0,simulated,130.8451,70.8102,2.6788,12.741,7.6603,26.6702,5.036,9.55,native,169.49,01-03 h17,-2.1,169.49,01-03 h17,-2.1,24,2334,0_BEM_Setup/SimResults_neighbourhoods/option_9_qc1983nu_20260805_nonrc\CAN_MTL\MU-W2\MU-W2_EEM_J_DEFAULT_20260805_112146\results
CAN_MTL,MU-W2,MU-W2,EEM_J_DHW_ONLY,0,0,1,0,simulated,122.0126,73.3361,2.5142,1.0972,8.0944,26.6702,5.0512,118.4603,tier3,164.92,11-24 h15,-0.4,163.0,12-26 h14,-1.2,25,2538,0_BEM_Setup/SimResults_neighbourhoods/option_9_qc1983nu_20260805_nonrc\CAN_MTL\MU-W2\MU-W2_EEM_J_DHW_ONLY_20260805_112209\results
CAN_MTL,MU-W2,MU-W2,EEM_J_DHW_ONLY_EEM4,0,0,1,1,simulated,117.5074,76.6405,2.0951,1.101,3.9579,23.8847,4.5808,118.4603,tier3,134.83,01-03 h15,-5.7,134.83,01-03 h15,-5.7,8,2566,0_BEM_Setup/SimResults_neighbourhoods/option_9_qc1983nu_20260805_nonrc\CAN_MTL\MU-W2\MU-W2_EEM_J_DHW_ONLY_EEM4_20260805_112318\results
CAN_MTL,MU-W2,MU-W2,EEM_J_EEM4_ONLY,0,0,0,1,simulated,127.2953,74.8275,2.0855,12.7442,3.9579,23.8847,4.5484,118.4603,tier3,137.26,11-24 h17,0.0,135.68,01-03 h17,-2.1,6,2372,0_BEM_Setup/SimResults_neighbourhoods/option_9_qc1983nu_20260805_nonrc\CAN_MTL\MU-W2\MU-W2_EEM_J_EEM4_ONLY_20260805_112303\results
CAN_MTL,MU-W2,MU-W2,EEM_J_ENVELOPE,1,0,0,0,simulated,112.6767,54.3885,1.9406,12.7403,8.0067,26.6702,3.6825,118.4603,tier3,147.35,01-03 h17,-2.1,147.35,01-03 h17,-2.1,9,2316,0_BEM_Setup/SimResults_neighbourhoods/option_9_qc1983nu_20260805_nonrc\CAN_MTL\MU-W2\MU-W2_EEM_J_ENVELOPE_20260805_112200\results
CAN_MTL,MU-W2,MU-W2,EEM_J_ENVELOPE_EEM4,1,0,0,1,simulated,108.6408,58.0373,1.5113,12.7435,3.9063,23.8847,3.3119,118.4603,tier3,110.08,01-03 h17,-2.1,110.08,01-03 h17,-2.1,4,2380,0_BEM_Setup/SimResults_neighbourhoods/option_9_qc1983nu_20260805_nonrc\CAN_MTL\MU-W2\MU-W2_EEM_J_ENVELOPE_EEM4_20260805_112311\results
CAN_MTL,MU-W2,MU-W2,EEM_J_ENV_DHW,1,0,1,0,simulated,102.8542,56.2313,1.9537,1.0241,8.0067,26.6702,3.72,118.4603,tier3,140.11,01-03 h15,-5.7,140.11,01-03 h15,-5.7,7,2523,0_BEM_Setup/SimResults_neighbourhoods/option_9_qc1983nu_20260805_nonrc\CAN_MTL\MU-W2\MU-W2_EEM_J_ENV_DHW_20260805_112255\results
CAN_MTL,MU-W2,MU-W2,EEM_J_ENV_DHW_EEM4,1,0,1,1,simulated,98.8345,59.8583,1.5214,1.0717,3.9063,23.8847,3.346,118.4603,tier3,111.4,12-20 h15,-9.7,111.4,12-20 h15,-9.7,5,2567,0_BEM_Setup/SimResults_neighbourhoods/option_9_qc1983nu_20260805_nonrc\CAN_MTL\MU-W2\MU-W2_EEM_J_ENV_DHW_EEM4_20260805_112400\results
CAN_MTL,MU-W2,MU-W2,EEM_J_ENV_HVAC,1,1,0,0,simulated,85.3606,26.5607,1.9097,12.7729,8.0067,26.6702,4.2835,118.4603,tier3,182.32,01-03 h17,-2.1,182.32,01-03 h17,-2.1,8,2358,0_BEM_Setup/SimResults_neighbourhoods/option_9_qc1983nu_20260805_nonrc\CAN_MTL\MU-W2\MU-W2_EEM_J_ENV_HVAC_20260805_112219\results
CAN_MTL,MU-W2,MU-W2,EEM_J_ENV_HVAC_DHW,1,1,1,0,simulated,75.5897,28.4421,1.9232,1.0687,8.0067,26.6702,4.321,118.4603,tier3,173.53,01-03 h17,-2.1,173.53,01-03 h17,-2.1,8,2563,0_BEM_Setup/SimResults_neighbourhoods/option_9_qc1983nu_20260805_nonrc\CAN_MTL\MU-W2\MU-W2_EEM_J_ENV_HVAC_DHW_20260805_112301\results
CAN_MTL,MU-W2,MU-W2,EEM_J_ENV_HVAC_DHW_EEM4,1,1,1,1,simulated,70.1768,30.7093,1.471,1.0935,3.9063,23.8847,3.9583,118.4603,tier3,144.47,01-13 h14,-18.7,144.47,01-13 h14,-18.7,4,2607,0_BEM_Setup/SimResults_neighbourhoods/option_9_qc1983nu_20260805_nonrc\CAN_MTL\MU-W2\MU-W2_EEM_J_ENV_HVAC_DHW_EEM4_20260805_112419\results
CAN_MTL,MU-W2,MU-W2,EEM_J_ENV_HVAC_EEM4,1,1,0,1,simulated,79.9555,28.8489,1.4605,12.7772,3.9063,23.8847,3.9249,118.4603,tier3,145.77,01-03 h17,-2.1,145.77,01-03 h17,-2.1,3,2409,0_BEM_Setup/SimResults_neighbourhoods/option_9_qc1983nu_20260805_nonrc\CAN_MTL\MU-W2\MU-W2_EEM_J_ENV_HVAC_EEM4_20260805_112335\results
CAN_MTL,MU-W2,MU-W2,EEM_J_HVAC_DHW,0,1,1,0,simulated,88.9245,39.657,2.5268,1.1058,8.0944,26.6702,5.7093,118.4603,tier3,215.78,11-24 h14,-0.4,214.1,01-03 h17,-2.1,27,2564,0_BEM_Setup/SimResults_neighbourhoods/option_9_qc1983nu_20260805_nonrc\CAN_MTL\MU-W2\MU-W2_EEM_J_HVAC_DHW_20260805_112258\results
CAN_MTL,MU-W2,MU-W2,EEM_J_HVAC_DHW_EEM4,0,1,1,1,simulated,83.2346,41.8027,2.0808,1.1092,3.9579,23.8847,5.2416,118.4603,tier3,178.73,12-18 h14,-4.5,178.73,12-18 h14,-4.5,9,2612,0_BEM_Setup/SimResults_neighbourhoods/option_9_qc1983nu_20260805_nonrc\CAN_MTL\MU-W2\MU-W2_EEM_J_HVAC_DHW_EEM4_20260805_112413\results
CAN_MTL,MU-W2,MU-W2,EEM_J_HVAC_ONLY,0,1,0,0,simulated,98.6972,37.8066,2.5144,12.7725,8.0944,26.6702,5.6786,118.4603,tier3,223.86,01-03 h17,-2.1,223.86,01-03 h17,-2.1,19,2357,0_BEM_Setup/SimResults_neighbourhoods/option_9_qc1983nu_20260805_nonrc\CAN_MTL\MU-W2\MU-W2_EEM_J_HVAC_ONLY_20260805_112202\results
CAN_MTL,MU-W2,MU-W2,EEM_J_HVAC_ONLY_EEM4,0,1,0,1,simulated,93.0053,39.9487,2.0707,12.7767,3.9579,23.8847,5.2096,118.4603,tier3,182.74,12-26 h17,-0.6,182.74,12-26 h17,-0.6,6,2409,0_BEM_Setup/SimResults_neighbourhoods/option_9_qc1983nu_20260805_nonrc\CAN_MTL\MU-W2\MU-W2_EEM_J_HVAC_ONLY_EEM4_20260805_112312\results
CAN_MTL,RC-D,RC-D,EEM_J_DEFAULT,0,0,0,0,simulated,129.8446,42.5566,6.2619,22.7211,4.7017,46.5502,6.1949,0.0,native,146.78,07-15 h19,30.4,86.9,01-13 h21,-24.0,0,546,0_BEM_Setup/SimResults_neighbourhoods/option_9_qc1983nu_20260804_v1\CAN_MTL\RC-D\RC-D_EEM_J_DEFAULT_20260804_102304\results
CAN_MTL,RC-D,RC-D,EEM_J_DHW_ONLY,0,0,1,0,simulated,117.0878,45.2348,6.2841,7.0953,4.7017,46.5502,6.3634,100.4159,tier3,157.26,07-15 h19,30.4,138.25,01-14 h03,-27.2,0,1170,0_BEM_Setup/SimResults_neighbourhoods/option_9_qc1983nu_20260804_v1\CAN_MTL\RC-D\RC-D_EEM_J_DHW_ONLY_20260804_102318\results
CAN_MTL,RC-D,RC-D,EEM_J_DHW_ONLY_EEM4,0,0,1,1,simulated,101.9359,51.8619,5.0707,7.1042,2.5859,28.3405,6.1145,100.4159,tier3,139.54,07-15 h19,30.4,118.61,01-14 h03,-27.2,0,1170,0_BEM_Setup/SimResults_neighbourhoods/option_9_qc1983nu_20260804_v1\CAN_MTL\RC-D\RC-D_EEM_J_DHW_ONLY_EEM4_20260804_102715\results
CAN_MTL,RC-D,RC-D,EEM_J_EEM4_ONLY,0,0,0,1,simulated,114.7021,49.1911,5.0506,22.7297,2.5859,28.3405,5.946,100.4159,tier3,129.11,07-15 h19,30.4,71.6,01-01 h19,-22.3,0,546,0_BEM_Setup/SimResults_neighbourhoods/option_9_qc1983nu_20260804_v1\CAN_MTL\RC-D\RC-D_EEM_J_EEM4_ONLY_20260804_102504\results
CAN_MTL,RC-D,RC-D,EEM_J_ENVELOPE,1,0,0,0,simulated,106.979,20.3597,6.7979,21.718,4.7017,46.5502,5.9933,100.4159,tier3,142.14,07-15 h19,30.4,85.34,01-01 h21,-22.8,0,642,0_BEM_Setup/SimResults_neighbourhoods/option_9_qc1983nu_20260804_v1\CAN_MTL\RC-D\RC-D_EEM_J_ENVELOPE_20260804_102308\results
CAN_MTL,RC-D,RC-D,EEM_J_ENVELOPE_EEM4,1,0,0,1,simulated,90.7777,26.0804,5.4138,21.7385,2.5859,28.3405,5.7603,100.4159,tier3,124.61,07-15 h19,30.4,70.22,01-01 h19,-22.3,0,642,0_BEM_Setup/SimResults_neighbourhoods/option_9_qc1983nu_20260804_v1\CAN_MTL\RC-D\RC-D_EEM_J_ENVELOPE_EEM4_20260804_102623\results
CAN_MTL,RC-D,RC-D,EEM_J_ENV_DHW,1,0,1,0,simulated,94.7966,23.0827,6.8133,6.6373,4.7017,46.5502,6.1533,100.4159,tier3,152.54,07-15 h19,30.4,126.43,01-14 h03,-27.2,0,1266,0_BEM_Setup/SimResults_neighbourhoods/option_9_qc1983nu_20260804_v1\CAN_MTL\RC-D\RC-D_EEM_J_ENV_DHW_20260804_102402\results
CAN_MTL,RC-D,RC-D,EEM_J_ENV_DHW_EEM4,1,0,1,1,simulated,78.5829,28.8023,5.4293,6.6468,2.5859,28.3405,5.92,100.4159,tier3,135.05,07-15 h19,30.4,115.76,01-14 h03,-27.2,0,1268,0_BEM_Setup/SimResults_neighbourhoods/option_9_qc1983nu_20260804_v1\CAN_MTL\RC-D\RC-D_EEM_J_ENV_DHW_EEM4_20260804_102816\results
CAN_MTL,RC-D,RC-D,EEM_J_ENV_HVAC,1,1,0,0,simulated,92.8586,6.0344,6.2848,21.7178,4.7017,46.5502,6.7114,100.4159,tier3,243.73,01-14 h08,-27.2,243.73,01-14 h08,-27.2,0,791,0_BEM_Setup/SimResults_neighbourhoods/option_9_qc1983nu_20260804_v1\CAN_MTL\RC-D\RC-D_EEM_J_ENV_HVAC_20260804_102339\results
CAN_MTL,RC-D,RC-D,EEM_J_ENV_HVAC_DHW,1,1,1,0,simulated,80.6803,8.7534,6.3001,6.6399,4.7017,46.5502,6.8768,100.4159,tier3,312.61,01-14 h03,-27.2,312.61,01-14 h03,-27.2,0,1427,0_BEM_Setup/SimResults_neighbourhoods/option_9_qc1983nu_20260804_v1\CAN_MTL\RC-D\RC-D_EEM_J_ENV_HVAC_DHW_20260804_102453\results
CAN_MTL,RC-D,RC-D,EEM_J_ENV_HVAC_DHW_EEM4,1,1,1,1,simulated,60.5676,10.25,5.0157,6.6533,2.5859,28.3405,6.8639,100.4159,tier3,325.41,01-14 h03,-27.2,325.41,01-14 h03,-27.2,0,1415,0_BEM_Setup/SimResults_neighbourhoods/option_9_qc1983nu_20260804_v1\CAN_MTL\RC-D\RC-D_EEM_J_ENV_HVAC_DHW_EEM4_20260804_102821\results
CAN_MTL,RC-D,RC-D,EEM_J_ENV_HVAC_EEM4,1,1,0,1,simulated,72.7575,7.5302,5.0011,21.7431,2.5859,28.3405,6.6985,100.4159,tier3,255.08,01-13 h22,-25.1,255.08,01-13 h22,-25.1,0,791,0_BEM_Setup/SimResults_neighbourhoods/option_9_qc1983nu_20260804_v1\CAN_MTL\RC-D\RC-D_EEM_J_ENV_HVAC_EEM4_20260804_102749\results
CAN_MTL,RC-D,RC-D,EEM_J_HVAC_DHW,0,1,1,0,simulated,87.2669,14.5242,5.8094,7.1061,4.7017,46.5502,7.7171,100.4159,tier3,471.76,01-13 h21,-24.0,471.76,01-13 h21,-24.0,0,1319,0_BEM_Setup/SimResults_neighbourhoods/option_9_qc1983nu_20260804_v1\CAN_MTL\RC-D\RC-D_EEM_J_HVAC_DHW_20260804_102452\results
CAN_MTL,RC-D,RC-D,EEM_J_HVAC_DHW_EEM4,0,1,1,1,simulated,66.7668,15.5411,4.7006,7.1259,2.5859,28.3405,7.6144,100.4159,tier3,459.74,01-13 h20,-22.6,459.74,01-13 h20,-22.6,0,1319,0_BEM_Setup/SimResults_neighbourhoods/option_9_qc1983nu_20260804_v1\CAN_MTL\RC-D\RC-D_EEM_J_HVAC_DHW_EEM4_20260804_102818\results
CAN_MTL,RC-D,RC-D,EEM_J_HVAC_ONLY,0,1,0,0,simulated,99.9717,11.7873,5.7896,22.7348,4.7017,46.5502,7.5499,100.4159,tier3,442.82,01-13 h20,-22.6,442.82,01-13 h20,-22.6,0,695,0_BEM_Setup/SimResults_neighbourhoods/option_9_qc1983nu_20260804_v1\CAN_MTL\RC-D\RC-D_EEM_J_HVAC_ONLY_20260804_102310\results
CAN_MTL,RC-D,RC-D,EEM_J_HVAC_ONLY_EEM4,0,1,0,1,simulated,79.4723,12.7988,4.6823,22.7602,2.5859,28.3405,7.4463,100.4159,tier3,430.63,01-13 h20,-22.6,430.63,01-13 h20,-22.6,0,695,0_BEM_Setup/SimResults_neighbourhoods/option_9_qc1983nu_20260804_v1\CAN_MTL\RC-D\RC-D_EEM_J_HVAC_ONLY_EEM4_20260804_102638\results
CAN_MTL,RC-HR1,RC-HR1,EEM_J_DEFAULT,0,0,0,0,simulated,111.2152,18.2546,9.0732,48.1775,4.2727,19.1672,9.1216,1.8558,native,715.27,01-03 h01,-14.6,715.27,01-03 h01,-14.6,0,5761,0_BEM_Setup/SimResults_neighbourhoods/option_9_qc1983nu_20260803_v1\CAN_MTL\RC-HR1\RC-HR1_EEM_J_DEFAULT_20260803_212151\results
CAN_MTL,RC-HR1,RC-HR1,EEM_J_DHW_ONLY,0,0,1,0,not_simulated,,,,,,,,,,,,,,,,,,
CAN_MTL,RC-HR1,RC-HR1,EEM_J_DHW_ONLY_EEM4,0,0,1,1,skipped_eem4_multifamily_gate,,,,,,,,,,,,,,,,,,
CAN_MTL,RC-HR1,RC-HR1,EEM_J_EEM4_ONLY,0,0,0,1,skipped_eem4_multifamily_gate,,,,,,,,,,,,,,,,,,
CAN_MTL,RC-HR1,RC-HR1,EEM_J_ENVELOPE,1,0,0,0,not_simulated,,,,,,,,,,,,,,,,,,
CAN_MTL,RC-HR1,RC-HR1,EEM_J_ENVELOPE_EEM4,1,0,0,1,not_simulated,,,,,,,,,,,,,,,,,,
CAN_MTL,RC-HR1,RC-HR1,EEM_J_ENV_DHW,1,0,1,0,not_simulated,,,,,,,,,,,,,,,,,,
CAN_MTL,RC-HR1,RC-HR1,EEM_J_ENV_DHW_EEM4,1,0,1,1,not_simulated,,,,,,,,,,,,,,,,,,
CAN_MTL,RC-HR1,RC-HR1,EEM_J_ENV_HVAC,1,1,0,0,not_simulated,,,,,,,,,,,,,,,,,,
CAN_MTL,RC-HR1,RC-HR1,EEM_J_ENV_HVAC_DHW,1,1,1,0,not_simulated,,,,,,,,,,,,,,,,,,
CAN_MTL,RC-HR1,RC-HR1,EEM_J_ENV_HVAC_DHW_EEM4,1,1,1,1,not_simulated,,,,,,,,,,,,,,,,,,
CAN_MTL,RC-HR1,RC-HR1,EEM_J_ENV_HVAC_EEM4,1,1,0,1,not_simulated,,,,,,,,,,,,,,,,,,
CAN_MTL,RC-HR1,RC-HR1,EEM_J_HVAC_DHW,0,1,1,0,not_simulated,,,,,,,,,,,,,,,,,,
CAN_MTL,RC-HR1,RC-HR1,EEM_J_HVAC_DHW_EEM4,0,1,1,1,skipped_eem4_multifamily_gate,,,,,,,,,,,,,,,,,,
CAN_MTL,RC-HR1,RC-HR1,EEM_J_HVAC_ONLY,0,1,0,0,not_simulated,,,,,,,,,,,,,,,,,,
CAN_MTL,RC-HR1,RC-HR1,EEM_J_HVAC_ONLY_EEM4,0,1,0,1,skipped_eem4_multifamily_gate,,,,,,,,,,,,,,,,,,
CAN_MTL,RC-HR2,RC-HR2,EEM_J_DEFAULT,0,0,0,0,simulated,116.1914,18.3676,9.3368,51.8391,3.857,19.0293,9.888,3.3405,native,1357.52,01-02 h08,-23.1,1357.52,01-02 h08,-23.1,0,3995,0_BEM_Setup/SimResults_neighbourhoods/option_9_qc1983nu_20260803_v1\CAN_MTL\RC-HR2\RC-HR2_EEM_J_DEFAULT_20260803_212151\results
CAN_MTL,RC-HR2,RC-HR2,EEM_J_DHW_ONLY,0,0,1,0,not_simulated,,,,,,,,,,,,,,,,,,
CAN_MTL,RC-HR2,RC-HR2,EEM_J_DHW_ONLY_EEM4,0,0,1,1,skipped_eem4_multifamily_gate,,,,,,,,,,,,,,,,,,
CAN_MTL,RC-HR2,RC-HR2,EEM_J_EEM4_ONLY,0,0,0,1,skipped_eem4_multifamily_gate,,,,,,,,,,,,,,,,,,
CAN_MTL,RC-HR2,RC-HR2,EEM_J_ENVELOPE,1,0,0,0,not_simulated,,,,,,,,,,,,,,,,,,
CAN_MTL,RC-HR2,RC-HR2,EEM_J_ENVELOPE_EEM4,1,0,0,1,not_simulated,,,,,,,,,,,,,,,,,,
CAN_MTL,RC-HR2,RC-HR2,EEM_J_ENV_DHW,1,0,1,0,not_simulated,,,,,,,,,,,,,,,,,,
CAN_MTL,RC-HR2,RC-HR2,EEM_J_ENV_DHW_EEM4,1,0,1,1,not_simulated,,,,,,,,,,,,,,,,,,
CAN_MTL,RC-HR2,RC-HR2,EEM_J_ENV_HVAC,1,1,0,0,not_simulated,,,,,,,,,,,,,,,,,,
CAN_MTL,RC-HR2,RC-HR2,EEM_J_ENV_HVAC_DHW,1,1,1,0,not_simulated,,,,,,,,,,,,,,,,,,
CAN_MTL,RC-HR2,RC-HR2,EEM_J_ENV_HVAC_DHW_EEM4,1,1,1,1,not_simulated,,,,,,,,,,,,,,,,,,
CAN_MTL,RC-HR2,RC-HR2,EEM_J_ENV_HVAC_EEM4,1,1,0,1,not_simulated,,,,,,,,,,,,,,,,,,
CAN_MTL,RC-HR2,RC-HR2,EEM_J_HVAC_DHW,0,1,1,0,not_simulated,,,,,,,,,,,,,,,,,,
CAN_MTL,RC-HR2,RC-HR2,EEM_J_HVAC_DHW_EEM4,0,1,1,1,skipped_eem4_multifamily_gate,,,,,,,,,,,,,,,,,,
CAN_MTL,RC-HR2,RC-HR2,EEM_J_HVAC_ONLY,0,1,0,0,not_simulated,,,,,,,,,,,,,,,,,,
CAN_MTL,RC-HR2,RC-HR2,EEM_J_HVAC_ONLY_EEM4,0,1,0,1,skipped_eem4_multifamily_gate,,,,,,,,,,,,,,,,,,
CAN_MTL,RC-ML,RC-ML,EEM_J_DEFAULT,0,0,0,0,simulated,130.6232,34.9635,6.3619,25.0399,5.2214,51.6957,6.3878,0.0,native,143.43,07-15 h19,30.4,92.34,01-14 h21,-18.3,0,636,0_BEM_Setup/SimResults_neighbourhoods/option_9_qc1983nu_20260804_v1\CAN_MTL\RC-ML\RC-ML_EEM_J_DEFAULT_20260804_102913\results
CAN_MTL,RC-ML,RC-ML,EEM_J_DHW_ONLY,0,0,1,0,simulated,116.5255,36.3284,6.383,9.4474,5.2214,51.6957,6.4965,92.8205,tier3,154.61,07-15 h19,30.4,142.33,01-14 h03,-27.2,0,1002,0_BEM_Setup/SimResults_neighbourhoods/option_9_qc1983nu_20260804_v1\CAN_MTL\RC-ML\RC-ML_EEM_J_DHW_ONLY_20260804_103037\results
CAN_MTL,RC-ML,RC-ML,EEM_J_DHW_ONLY_EEM4,0,0,1,1,simulated,99.2893,43.3682,4.9241,9.4555,2.8718,31.4732,6.2435,92.8205,tier3,135.13,07-15 h19,30.4,128.27,01-14 h03,-27.2,0,988,0_BEM_Setup/SimResults_neighbourhoods/option_9_qc1983nu_20260804_v1\CAN_MTL\RC-ML\RC-ML_EEM_J_DHW_ONLY_EEM4_20260804_103245\results
CAN_MTL,RC-ML,RC-ML,EEM_J_EEM4_ONLY,0,0,0,1,simulated,113.4006,42.0094,4.9041,25.0542,2.8718,31.4732,6.1349,92.8205,tier3,124.09,07-15 h19,30.4,75.89,01-14 h19,-19.2,0,618,0_BEM_Setup/SimResults_neighbourhoods/option_9_qc1983nu_20260804_v1\CAN_MTL\RC-ML\RC-ML_EEM_J_EEM4_ONLY_20260804_103213\results
CAN_MTL,RC-ML,RC-ML,EEM_J_ENVELOPE,1,0,0,0,simulated,109.6805,14.7271,7.0414,23.8322,5.2214,51.6957,6.2096,92.8205,tier3,139.86,07-15 h19,30.4,90.61,01-01 h21,-22.8,0,734,0_BEM_Setup/SimResults_neighbourhoods/option_9_qc1983nu_20260804_v1\CAN_MTL\RC-ML\RC-ML_EEM_J_ENVELOPE_20260804_102938\results
CAN_MTL,RC-ML,RC-ML,EEM_J_ENVELOPE_EEM4,1,0,0,1,simulated,90.8511,20.3747,5.3687,23.8639,2.8718,31.4732,5.9458,92.8205,tier3,120.75,07-15 h19,30.4,74.51,01-01 h19,-22.3,0,734,0_BEM_Setup/SimResults_neighbourhoods/option_9_qc1983nu_20260804_v1\CAN_MTL\RC-ML\RC-ML_EEM_J_ENVELOPE_EEM4_20260804_103233\results
CAN_MTL,RC-ML,RC-ML,EEM_J_ENV_DHW,1,0,1,0,simulated,96.2482,16.1398,7.0535,8.8711,5.2214,51.6957,6.3137,92.8205,tier3,151.0,07-15 h19,30.4,134.4,01-14 h03,-27.2,0,1112,0_BEM_Setup/SimResults_neighbourhoods/option_9_qc1983nu_20260804_v1\CAN_MTL\RC-ML\RC-ML_EEM_J_ENV_DHW_20260804_103146\results
CAN_MTL,RC-ML,RC-ML,EEM_J_ENV_DHW_EEM4,1,0,1,1,simulated,77.41,21.7926,5.381,8.8886,2.8718,31.4732,6.0498,92.8205,tier3,131.9,07-15 h19,30.4,122.79,01-14 h03,-27.2,0,1106,0_BEM_Setup/SimResults_neighbourhoods/option_9_qc1983nu_20260804_v1\CAN_MTL\RC-ML\RC-ML_EEM_J_ENV_DHW_EEM4_20260804_103414\results
CAN_MTL,RC-ML,RC-ML,EEM_J_ENV_HVAC,1,1,0,0,simulated,99.3808,4.4192,6.447,23.8316,5.2214,51.6957,6.8128,92.8205,tier3,213.81,01-14 h08,-27.2,213.81,01-14 h08,-27.2,0,856,0_BEM_Setup/SimResults_neighbourhoods/option_9_qc1983nu_20260804_v1\CAN_MTL\RC-ML\RC-ML_EEM_J_ENV_HVAC_20260804_103044\results
CAN_MTL,RC-ML,RC-ML,EEM_J_ENV_HVAC_DHW,1,1,1,0,simulated,85.9371,5.8167,6.4596,8.8692,5.2214,51.6957,6.9214,92.8205,tier3,284.3,01-14 h03,-27.2,284.3,01-14 h03,-27.2,0,1242,0_BEM_Setup/SimResults_neighbourhoods/option_9_qc1983nu_20260804_v1\CAN_MTL\RC-ML\RC-ML_EEM_J_ENV_HVAC_DHW_20260804_103210\results
CAN_MTL,RC-ML,RC-ML,EEM_J_ENV_HVAC_DHW_EEM4,1,1,1,1,simulated,63.2793,7.3464,4.8993,8.8885,2.8718,31.4732,6.847,92.8205,tier3,288.43,01-14 h03,-27.2,288.43,01-14 h03,-27.2,0,1229,0_BEM_Setup/SimResults_neighbourhoods/option_9_qc1983nu_20260804_v1\CAN_MTL\RC-ML\RC-ML_EEM_J_ENV_HVAC_DHW_EEM4_20260804_103423\results
CAN_MTL,RC-ML,RC-ML,EEM_J_ENV_HVAC_EEM4,1,1,0,1,simulated,76.7368,5.9482,4.886,23.866,2.8718,31.4732,6.7387,92.8205,tier3,220.91,01-13 h22,-25.1,220.91,01-13 h22,-25.1,0,855,0_BEM_Setup/SimResults_neighbourhoods/option_9_qc1983nu_20260804_v1\CAN_MTL\RC-ML\RC-ML_EEM_J_ENV_HVAC_EEM4_20260804_103323\results
CAN_MTL,RC-ML,RC-ML,EEM_J_HVAC_DHW,0,1,1,0,simulated,92.0707,11.2393,5.8481,9.454,5.2214,51.6957,7.6591,92.8205,tier3,418.83,01-13 h21,-24.0,418.83,01-13 h21,-24.0,0,1125,0_BEM_Setup/SimResults_neighbourhoods/option_9_qc1983nu_20260804_v1\CAN_MTL\RC-ML\RC-ML_EEM_J_HVAC_DHW_20260804_103206\results
CAN_MTL,RC-ML,RC-ML,EEM_J_HVAC_DHW_EEM4,0,1,1,1,simulated,69.3274,12.4727,4.5287,9.4762,2.8718,31.4732,7.5518,92.8205,tier3,411.01,01-13 h20,-22.6,411.01,01-13 h20,-22.6,0,1121,0_BEM_Setup/SimResults_neighbourhoods/option_9_qc1983nu_20260804_v1\CAN_MTL\RC-ML\RC-ML_EEM_J_HVAC_DHW_EEM4_20260804_103421\results
CAN_MTL,RC-ML,RC-ML,EEM_J_HVAC_ONLY,0,1,0,0,simulated,106.1412,9.8426,5.828,25.0507,5.2214,51.6957,7.5497,92.8205,tier3,388.74,01-13 h21,-24.0,388.74,01-13 h21,-24.0,0,759,0_BEM_Setup/SimResults_neighbourhoods/option_9_qc1983nu_20260804_v1\CAN_MTL\RC-ML\RC-ML_EEM_J_HVAC_ONLY_20260804_103001\results
CAN_MTL,RC-ML,RC-ML,EEM_J_HVAC_ONLY_EEM4,0,1,0,1,simulated,83.4071,11.0747,4.5099,25.082,2.8718,31.4732,7.4425,92.8205,tier3,379.52,01-13 h20,-22.6,379.52,01-13 h20,-22.6,0,751,0_BEM_Setup/SimResults_neighbourhoods/option_9_qc1983nu_20260804_v1\CAN_MTL\RC-ML\RC-ML_EEM_J_HVAC_ONLY_EEM4_20260804_103242\results
CAN_MTL,RC-MR1,RC-MR1,EEM_J_DEFAULT,0,0,0,0,simulated,110.7336,18.7078,8.5167,37.7283,5.0929,30.9992,7.8161,0.0,native,287.73,07-15 h18,31.5,259.13,01-02 h19,-16.7,0,1298,0_BEM_Setup/SimResults_neighbourhoods/option_9_qc1983nu_20260804_v1\CAN_MTL\RC-MR1\RC-MR1_EEM_J_DEFAULT_20260804_102200\results
CAN_MTL,RC-MR1,RC-MR1,EEM_J_DHW_ONLY,0,0,1,0,simulated,88.3577,19.0269,8.3545,15.1791,5.0929,30.9992,7.8324,74.5859,tier3,271.12,06-12 h18,29.5,237.89,02-20 h21,-7.0,4,2212,0_BEM_Setup/SimResults_neighbourhoods/option_9_qc1983nu_20260804_v1\CAN_MTL\RC-MR1\RC-MR1_EEM_J_DHW_ONLY_20260804_102200\results
CAN_MTL,RC-MR1,RC-MR1,EEM_J_DHW_ONLY_EEM4,0,0,1,1,skipped_eem4_multifamily_gate,,,,,,,,,,,,,,,,,,
CAN_MTL,RC-MR1,RC-MR1,EEM_J_EEM4_ONLY,0,0,0,1,skipped_eem4_multifamily_gate,,,,,,,,,,,,,,,,,,
CAN_MTL,RC-MR1,RC-MR1,EEM_J_ENVELOPE,1,0,0,0,simulated,99.9644,6.7512,9.9996,37.3127,5.0929,30.9992,7.9362,74.5859,tier3,287.12,07-14 h18,30.1,258.04,01-16 h19,-2.6,0,1280,0_BEM_Setup/SimResults_neighbourhoods/option_9_qc1983nu_20260804_v1\CAN_MTL\RC-MR1\RC-MR1_EEM_J_ENVELOPE_20260804_102200\results
CAN_MTL,RC-MR1,RC-MR1,EEM_J_ENVELOPE_EEM4,1,0,0,1,simulated,84.2065,9.565,7.6046,37.3423,2.3444,18.4658,7.0118,74.5859,tier3,219.8,02-20 h19,-7.4,219.8,02-20 h19,-7.4,0,1762,0_BEM_Setup/SimResults_neighbourhoods/option_9_qc1983nu_20260804_v1\CAN_MTL\RC-MR1\RC-MR1_EEM_J_ENVELOPE_EEM4_20260804_102214\results
CAN_MTL,RC-MR1,RC-MR1,EEM_J_ENV_DHW,1,0,1,0,simulated,77.504,6.911,9.8007,14.8914,5.0929,30.9992,7.9362,74.5859,tier3,288.04,06-18 h18,29.7,230.75,02-20 h20,-7.2,256,2249,0_BEM_Setup/SimResults_neighbourhoods/option_9_qc1983nu_20260804_v1\CAN_MTL\RC-MR1\RC-MR1_EEM_J_ENV_DHW_20260804_102200\results
CAN_MTL,RC-MR1,RC-MR1,EEM_J_ENV_DHW_EEM4,1,0,1,1,simulated,61.7893,9.7724,7.4199,14.9034,2.3444,18.4658,7.0106,74.5859,tier3,203.46,07-15 h18,31.5,193.6,01-02 h09,-22.2,23,2670,0_BEM_Setup/SimResults_neighbourhoods/option_9_qc1983nu_20260804_v1\CAN_MTL\RC-MR1\RC-MR1_EEM_J_ENV_DHW_EEM4_20260804_102258\results
CAN_MTL,RC-MR1,RC-MR1,EEM_J_ENV_HVAC,1,1,0,0,simulated,96.511,2.2928,11.1517,37.3246,5.0929,30.9992,7.7772,74.5859,tier3,343.76,01-03 h08,-13.7,343.76,01-03 h08,-13.7,0,1386,0_BEM_Setup/SimResults_neighbourhoods/option_9_qc1983nu_20260804_v1\CAN_MTL\RC-MR1\RC-MR1_EEM_J_ENV_HVAC_20260804_102200\results
CAN_MTL,RC-MR1,RC-MR1,EEM_J_ENV_HVAC_DHW,1,1,1,0,simulated,73.9,2.3187,10.9165,14.8922,5.0929,30.9992,7.8078,74.5859,tier3,319.78,01-03 h20,-3.5,319.78,01-03 h20,-3.5,256,2391,0_BEM_Setup/SimResults_neighbourhoods/option_9_qc1983nu_20260804_v1\CAN_MTL\RC-MR1\RC-MR1_EEM_J_ENV_HVAC_DHW_20260804_102200\results
CAN_MTL,RC-MR1,RC-MR1,EEM_J_ENV_HVAC_DHW_EEM4,1,1,1,1,simulated,55.8911,2.9558,8.1991,14.9041,2.3444,18.4658,7.1492,74.5859,tier3,242.75,01-03 h11,-10.5,242.75,01-03 h11,-10.5,38,2809,0_BEM_Setup/SimResults_neighbourhoods/option_9_qc1983nu_20260804_v1\CAN_MTL\RC-MR1\RC-MR1_EEM_J_ENV_HVAC_DHW_EEM4_20260804_102300\results
CAN_MTL,RC-MR1,RC-MR1,EEM_J_ENV_HVAC_EEM4,1,1,0,1,simulated,78.5091,2.924,8.4332,37.3513,2.3444,18.4658,7.1178,74.5859,tier3,274.21,01-03 h08,-13.7,274.21,01-03 h08,-13.7,0,1906,0_BEM_Setup/SimResults_neighbourhoods/option_9_qc1983nu_20260804_v1\CAN_MTL\RC-MR1\RC-MR1_EEM_J_ENV_HVAC_EEM4_20260804_102255\results
CAN_MTL,RC-MR1,RC-MR1,EEM_J_HVAC_DHW,0,1,1,0,simulated,76.3482,5.7151,9.3487,15.1808,5.0929,30.9992,8.1389,74.5859,tier3,330.23,01-01 h20,-23.1,330.23,01-01 h20,-23.1,4,2386,0_BEM_Setup/SimResults_neighbourhoods/option_9_qc1983nu_20260804_v1\CAN_MTL\RC-MR1\RC-MR1_EEM_J_HVAC_DHW_20260804_102200\results
CAN_MTL,RC-MR1,RC-MR1,EEM_J_HVAC_DHW_EEM4,0,1,1,1,skipped_eem4_multifamily_gate,,,,,,,,,,,,,,,,,,
CAN_MTL,RC-MR1,RC-MR1,EEM_J_HVAC_ONLY,0,1,0,0,simulated,98.9942,5.6503,9.5453,37.7417,5.0929,30.9992,8.0921,74.5859,tier3,360.28,01-13 h21,-24.0,360.28,01-13 h21,-24.0,0,1487,0_BEM_Setup/SimResults_neighbourhoods/option_9_qc1983nu_20260804_v1\CAN_MTL\RC-MR1\RC-MR1_EEM_J_HVAC_ONLY_20260804_102200\results
CAN_MTL,RC-MR1,RC-MR1,EEM_J_HVAC_ONLY_EEM4,0,1,0,1,skipped_eem4_multifamily_gate,,,,,,,,,,,,,,,,,,
CAN_MTL,RC-MR2,RC-MR2,EEM_J_DEFAULT,0,0,0,0,simulated,107.0193,20.6535,8.29,43.6002,4.7934,19.3399,8.1037,0.0,native,439.25,01-02 h07,-23.5,439.25,01-02 h07,-23.5,0,7626,0_BEM_Setup/SimResults_neighbourhoods/option_9_qc1983nu_20260803_v1\CAN_MTL\RC-MR2\RC-MR2_EEM_J_DEFAULT_20260803_212151\results
CAN_MTL,RC-MR2,RC-MR2,EEM_J_DHW_ONLY,0,0,1,0,not_simulated,,,,,,,,,,,,,,,,,,
CAN_MTL,RC-MR2,RC-MR2,EEM_J_DHW_ONLY_EEM4,0,0,1,1,skipped_eem4_multifamily_gate,,,,,,,,,,,,,,,,,,
CAN_MTL,RC-MR2,RC-MR2,EEM_J_EEM4_ONLY,0,0,0,1,skipped_eem4_multifamily_gate,,,,,,,,,,,,,,,,,,
CAN_MTL,RC-MR2,RC-MR2,EEM_J_ENVELOPE,1,0,0,0,not_simulated,,,,,,,,,,,,,,,,,,
CAN_MTL,RC-MR2,RC-MR2,EEM_J_ENVELOPE_EEM4,1,0,0,1,not_simulated,,,,,,,,,,,,,,,,,,
CAN_MTL,RC-MR2,RC-MR2,EEM_J_ENV_DHW,1,0,1,0,not_simulated,,,,,,,,,,,,,,,,,,
CAN_MTL,RC-MR2,RC-MR2,EEM_J_ENV_DHW_EEM4,1,0,1,1,not_simulated,,,,,,,,,,,,,,,,,,
CAN_MTL,RC-MR2,RC-MR2,EEM_J_ENV_HVAC,1,1,0,0,not_simulated,,,,,,,,,,,,,,,,,,
CAN_MTL,RC-MR2,RC-MR2,EEM_J_ENV_HVAC_DHW,1,1,1,0,not_simulated,,,,,,,,,,,,,,,,,,
CAN_MTL,RC-MR2,RC-MR2,EEM_J_ENV_HVAC_DHW_EEM4,1,1,1,1,not_simulated,,,,,,,,,,,,,,,,,,
CAN_MTL,RC-MR2,RC-MR2,EEM_J_ENV_HVAC_EEM4,1,1,0,1,not_simulated,,,,,,,,,,,,,,,,,,
CAN_MTL,RC-MR2,RC-MR2,EEM_J_HVAC_DHW,0,1,1,0,not_simulated,,,,,,,,,,,,,,,,,,
CAN_MTL,RC-MR2,RC-MR2,EEM_J_HVAC_DHW_EEM4,0,1,1,1,skipped_eem4_multifamily_gate,,,,,,,,,,,,,,,,,,
CAN_MTL,RC-MR2,RC-MR2,EEM_J_HVAC_ONLY,0,1,0,0,not_simulated,,,,,,,,,,,,,,,,,,
CAN_MTL,RC-MR2,RC-MR2,EEM_J_HVAC_ONLY_EEM4,0,1,0,1,skipped_eem4_multifamily_gate,,,,,,,,,,,,,,,,,,
CAN_MTL,RC-MR3,RC-MR3,EEM_J_DEFAULT,0,0,0,0,simulated,107.0162,21.1027,7.9534,43.6029,4.7933,19.3398,7.9855,0.0,native,654.06,01-02 h07,-23.5,654.06,01-02 h07,-23.5,0,11196,0_BEM_Setup/SimResults_neighbourhoods/option_9_qc1983nu_20260803_v1\CAN_MTL\RC-MR3\RC-MR3_EEM_J_DEFAULT_20260803_212151\results
CAN_MTL,RC-MR3,RC-MR3,EEM_J_DHW_ONLY,0,0,1,0,not_simulated,,,,,,,,,,,,,,,,,,
CAN_MTL,RC-MR3,RC-MR3,EEM_J_DHW_ONLY_EEM4,0,0,1,1,skipped_eem4_multifamily_gate,,,,,,,,,,,,,,,,,,
CAN_MTL,RC-MR3,RC-MR3,EEM_J_EEM4_ONLY,0,0,0,1,skipped_eem4_multifamily_gate,,,,,,,,,,,,,,,,,,
CAN_MTL,RC-MR3,RC-MR3,EEM_J_ENVELOPE,1,0,0,0,not_simulated,,,,,,,,,,,,,,,,,,
CAN_MTL,RC-MR3,RC-MR3,EEM_J_ENVELOPE_EEM4,1,0,0,1,not_simulated,,,,,,,,,,,,,,,,,,
CAN_MTL,RC-MR3,RC-MR3,EEM_J_ENV_DHW,1,0,1,0,not_simulated,,,,,,,,,,,,,,,,,,
CAN_MTL,RC-MR3,RC-MR3,EEM_J_ENV_DHW_EEM4,1,0,1,1,not_simulated,,,,,,,,,,,,,,,,,,
CAN_MTL,RC-MR3,RC-MR3,EEM_J_ENV_HVAC,1,1,0,0,not_simulated,,,,,,,,,,,,,,,,,,
CAN_MTL,RC-MR3,RC-MR3,EEM_J_ENV_HVAC_DHW,1,1,1,0,not_simulated,,,,,,,,,,,,,,,,,,
CAN_MTL,RC-MR3,RC-MR3,EEM_J_ENV_HVAC_DHW_EEM4,1,1,1,1,not_simulated,,,,,,,,,,,,,,,,,,
CAN_MTL,RC-MR3,RC-MR3,EEM_J_ENV_HVAC_EEM4,1,1,0,1,not_simulated,,,,,,,,,,,,,,,,,,
CAN_MTL,RC-MR3,RC-MR3,EEM_J_HVAC_DHW,0,1,1,0,not_simulated,,,,,,,,,,,,,,,,,,
CAN_MTL,RC-MR3,RC-MR3,EEM_J_HVAC_DHW_EEM4,0,1,1,1,skipped_eem4_multifamily_gate,,,,,,,,,,,,,,,,,,
CAN_MTL,RC-MR3,RC-MR3,EEM_J_HVAC_ONLY,0,1,0,0,not_simulated,,,,,,,,,,,,,,,,,,
CAN_MTL,RC-MR3,RC-MR3,EEM_J_HVAC_ONLY_EEM4,0,1,0,1,skipped_eem4_multifamily_gate,,,,,,,,,,,,,,,,,,
CAN_MTL,RC-R,RC-R,EEM_J_DEFAULT,0,0,0,0,simulated,128.9364,41.2829,6.5697,22.7195,4.7017,46.5502,6.2541,0.0,native,74.15,07-15 h19,30.4,43.52,01-13 h21,-24.0,0,282,0_BEM_Setup/SimResults_neighbourhoods/option_9_qc1983nu_20260804_v1\CAN_MTL\RC-R\RC-R_EEM_J_DEFAULT_20260804_103719\results
CAN_MTL,RC-R,RC-R,EEM_J_DHW_ONLY,0,0,1,0,simulated,116.1819,43.9615,6.5917,7.0961,4.7017,46.5502,6.4225,90.4286,tier3,79.38,07-15 h19,30.4,70.4,01-14 h03,-27.2,0,594,0_BEM_Setup/SimResults_neighbourhoods/option_9_qc1983nu_20260804_v1\CAN_MTL\RC-R\RC-R_EEM_J_DHW_ONLY_20260804_103745\results
CAN_MTL,RC-R,RC-R,EEM_J_DHW_ONLY_EEM4,0,0,1,1,simulated,100.933,50.4941,5.3735,7.0995,2.5859,28.3405,6.1812,90.4286,tier3,70.48,07-15 h19,30.4,62.08,01-14 h03,-27.2,0,594,0_BEM_Setup/SimResults_neighbourhoods/option_9_qc1983nu_20260804_v1\CAN_MTL\RC-R\RC-R_EEM_J_DHW_ONLY_EEM4_20260804_103925\results
CAN_MTL,RC-R,RC-R,EEM_J_EEM4_ONLY,0,0,0,1,simulated,113.6997,47.8206,5.3529,22.7287,2.5859,28.3405,6.0128,90.4286,tier3,65.26,07-15 h19,30.4,35.87,01-01 h19,-22.3,0,282,0_BEM_Setup/SimResults_neighbourhoods/option_9_qc1983nu_20260804_v1\CAN_MTL\RC-R\RC-R_EEM_J_EEM4_ONLY_20260804_103834\results
CAN_MTL,RC-R,RC-R,EEM_J_ENVELOPE,1,0,0,0,simulated,106.3746,19.3801,7.1238,21.7137,4.7017,46.5502,6.0469,90.4286,tier3,71.85,07-15 h19,30.4,42.7,01-01 h21,-22.8,0,330,0_BEM_Setup/SimResults_neighbourhoods/option_9_qc1983nu_20260804_v1\CAN_MTL\RC-R\RC-R_EEM_J_ENVELOPE_20260804_103721\results
CAN_MTL,RC-R,RC-R,EEM_J_ENVELOPE_EEM4,1,0,0,1,simulated,90.0563,24.9883,5.7274,21.7349,2.5859,28.3405,5.821,90.4286,tier3,63.01,07-15 h19,30.4,35.15,01-01 h19,-22.3,0,330,0_BEM_Setup/SimResults_neighbourhoods/option_9_qc1983nu_20260804_v1\CAN_MTL\RC-R\RC-R_EEM_J_ENVELOPE_EEM4_20260804_103916\results
CAN_MTL,RC-R,RC-R,EEM_J_ENV_DHW,1,0,1,0,simulated,94.1955,22.1034,7.139,6.6361,4.7017,46.5502,6.2069,90.4286,tier3,77.06,07-15 h19,30.4,63.29,01-14 h03,-27.2,0,642,0_BEM_Setup/SimResults_neighbourhoods/option_9_qc1983nu_20260804_v1\CAN_MTL\RC-R\RC-R_EEM_J_ENV_DHW_20260804_103803\results
CAN_MTL,RC-R,RC-R,EEM_J_ENV_DHW_EEM4,1,0,1,1,simulated,77.8638,27.7107,5.7428,6.645,2.5859,28.3405,5.9806,90.4286,tier3,68.22,07-15 h19,30.4,58.46,01-12 h03,-18.1,0,642,0_BEM_Setup/SimResults_neighbourhoods/option_9_qc1983nu_20260804_v1\CAN_MTL\RC-R\RC-R_EEM_J_ENV_DHW_EEM4_20260804_103957\results
CAN_MTL,RC-R,RC-R,EEM_J_ENV_HVAC,1,1,0,0,simulated,92.9202,5.7547,6.6082,21.7136,4.7017,46.5502,6.7336,90.4286,tier3,122.39,01-14 h08,-27.2,122.39,01-14 h08,-27.2,0,407,0_BEM_Setup/SimResults_neighbourhoods/option_9_qc1983nu_20260804_v1\CAN_MTL\RC-R\RC-R_EEM_J_ENV_HVAC_20260804_103748\results
CAN_MTL,RC-R,RC-R,EEM_J_ENV_HVAC_DHW,1,1,1,0,simulated,80.7403,8.4751,6.6234,6.6327,4.7017,46.5502,6.899,90.4286,tier3,156.42,01-14 h03,-27.2,156.42,01-14 h03,-27.2,0,719,0_BEM_Setup/SimResults_neighbourhoods/option_9_qc1983nu_20260804_v1\CAN_MTL\RC-R\RC-R_EEM_J_ENV_HVAC_DHW_20260804_103820\results
CAN_MTL,RC-R,RC-R,EEM_J_ENV_HVAC_DHW_EEM4,1,1,1,1,simulated,60.6047,9.9618,5.3223,6.6494,2.5859,28.3405,6.8865,90.4286,tier3,163.36,01-14 h03,-27.2,163.36,01-14 h03,-27.2,0,721,0_BEM_Setup/SimResults_neighbourhoods/option_9_qc1983nu_20260804_v1\CAN_MTL\RC-R\RC-R_EEM_J_ENV_HVAC_DHW_EEM4_20260804_104015\results
CAN_MTL,RC-R,RC-R,EEM_J_ENV_HVAC_EEM4,1,1,0,1,simulated,72.7877,7.237,5.3079,21.7373,2.5859,28.3405,6.7208,90.4286,tier3,123.03,01-14 h08,-27.2,123.03,01-14 h08,-27.2,0,407,0_BEM_Setup/SimResults_neighbourhoods/option_9_qc1983nu_20260804_v1\CAN_MTL\RC-R\RC-R_EEM_J_ENV_HVAC_EEM4_20260804_103953\results
CAN_MTL,RC-R,RC-R,EEM_J_HVAC_DHW,0,1,1,0,simulated,87.3838,14.3034,6.1068,7.106,4.7017,46.5502,7.7575,90.4286,tier3,234.35,01-13 h21,-24.0,234.35,01-13 h21,-24.0,0,673,0_BEM_Setup/SimResults_neighbourhoods/option_9_qc1983nu_20260804_v1\CAN_MTL\RC-R\RC-R_EEM_J_HVAC_DHW_20260804_103813\results
CAN_MTL,RC-R,RC-R,EEM_J_HVAC_DHW_EEM4,0,1,1,1,simulated,66.977,15.4132,4.9878,7.1214,2.5859,28.3405,7.6699,90.4286,tier3,229.91,01-13 h20,-22.6,229.91,01-13 h20,-22.6,0,671,0_BEM_Setup/SimResults_neighbourhoods/option_9_qc1983nu_20260804_v1\CAN_MTL\RC-R\RC-R_EEM_J_HVAC_DHW_EEM4_20260804_104014\results
CAN_MTL,RC-R,RC-R,EEM_J_HVAC_ONLY,0,1,0,0,simulated,100.0881,11.5694,6.0866,22.7313,4.7017,46.5502,7.5907,90.4286,tier3,219.9,01-13 h20,-22.6,219.9,01-13 h20,-22.6,0,359,0_BEM_Setup/SimResults_neighbourhoods/option_9_qc1983nu_20260804_v1\CAN_MTL\RC-R\RC-R_EEM_J_HVAC_ONLY_20260804_103737\results
CAN_MTL,RC-R,RC-R,EEM_J_HVAC_ONLY_EEM4,0,1,0,1,simulated,79.6839,12.6724,4.969,22.7556,2.5859,28.3405,7.5022,90.4286,tier3,215.26,01-13 h20,-22.6,215.26,01-13 h20,-22.6,0,359,0_BEM_Setup/SimResults_neighbourhoods/option_9_qc1983nu_20260804_v1\CAN_MTL\RC-R\RC-R_EEM_J_HVAC_ONLY_EEM4_20260804_103923\results
CAN_MTL,RC-T,RC-T,EEM_J_DEFAULT,0,0,0,0,simulated,131.4431,26.976,6.4693,27.4794,5.7679,57.1062,6.5915,0.0,native,140.29,07-15 h19,30.4,97.81,01-14 h21,-18.3,0,724,0_BEM_Setup/SimResults_neighbourhoods/option_9_qc1983nu_20260804_v1\CAN_MTL\RC-T\RC-T_EEM_J_DEFAULT_20260804_103454\results
CAN_MTL,RC-T,RC-T,EEM_J_DHW_ONLY,0,0,1,0,simulated,115.915,26.9683,6.4893,11.8928,5.7679,57.1062,6.6376,85.1618,tier3,154.83,07-16 h20,27.6,150.54,01-14 h03,-27.2,0,838,0_BEM_Setup/SimResults_neighbourhoods/option_9_qc1983nu_20260804_v1\CAN_MTL\RC-T\RC-T_EEM_J_DHW_ONLY_20260804_103508\results
CAN_MTL,RC-T,RC-T,EEM_J_DHW_ONLY_EEM4,0,0,1,1,simulated,96.4903,34.4406,4.7744,11.9031,3.1723,34.7672,6.38,85.1618,tier3,138.27,01-14 h03,-27.2,138.27,01-14 h03,-27.2,0,801,0_BEM_Setup/SimResults_neighbourhoods/option_9_qc1983nu_20260804_v1\CAN_MTL\RC-T\RC-T_EEM_J_DHW_ONLY_EEM4_20260804_103655\results
CAN_MTL,RC-T,RC-T,EEM_J_EEM4_ONLY,0,0,0,1,simulated,112.0325,34.4532,4.7549,27.4979,3.1723,34.7672,6.3341,85.1618,tier3,119.38,07-15 h19,30.4,80.24,01-14 h19,-19.2,0,692,0_BEM_Setup/SimResults_neighbourhoods/option_9_qc1983nu_20260804_v1\CAN_MTL\RC-T\RC-T_EEM_J_EEM4_ONLY_20260804_103614\results
CAN_MTL,RC-T,RC-T,EEM_J_ENVELOPE,1,0,0,0,simulated,112.4753,8.7489,7.299,26.0558,5.7679,57.1062,6.4447,85.1618,tier3,137.5,07-15 h19,30.4,95.82,01-01 h21,-22.8,0,826,0_BEM_Setup/SimResults_neighbourhoods/option_9_qc1983nu_20260804_v1\CAN_MTL\RC-T\RC-T_EEM_J_ENVELOPE_20260804_103457\results
CAN_MTL,RC-T,RC-T,EEM_J_ENVELOPE_EEM4,1,0,0,1,simulated,90.8787,14.3201,5.3189,26.0971,3.1723,34.7672,6.1503,85.1618,tier3,116.91,07-15 h19,30.4,78.75,01-01 h19,-22.3,0,826,0_BEM_Setup/SimResults_neighbourhoods/option_9_qc1983nu_20260804_v1\CAN_MTL\RC-T\RC-T_EEM_J_ENVELOPE_EEM4_20260804_103621\results
CAN_MTL,RC-T,RC-T,EEM_J_ENV_DHW,1,0,1,0,simulated,97.7207,8.7945,7.309,11.203,5.7679,57.1062,6.4872,85.1618,tier3,152.41,07-15 h20,28.6,140.44,01-02 h03,-23.3,0,940,0_BEM_Setup/SimResults_neighbourhoods/option_9_qc1983nu_20260804_v1\CAN_MTL\RC-T\RC-T_EEM_J_ENV_DHW_20260804_103552\results
CAN_MTL,RC-T,RC-T,EEM_J_ENV_DHW_EEM4,1,0,1,1,simulated,76.111,14.3764,5.3276,11.222,3.1723,34.7672,6.1925,85.1618,tier3,129.15,06-11 h19,27.4,128.74,01-02 h03,-23.3,0,950,0_BEM_Setup/SimResults_neighbourhoods/option_9_qc1983nu_20260804_v1\CAN_MTL\RC-T\RC-T_EEM_J_ENV_DHW_EEM4_20260804_103700\results
CAN_MTL,RC-T,RC-T,EEM_J_ENV_HVAC,1,1,0,0,simulated,106.2224,2.701,6.6202,26.0545,5.7679,57.1062,6.9198,85.1618,tier3,179.53,01-14 h08,-27.2,179.53,01-14 h08,-27.2,0,921,0_BEM_Setup/SimResults_neighbourhoods/option_9_qc1983nu_20260804_v1\CAN_MTL\RC-T\RC-T_EEM_J_ENV_HVAC_20260804_103508\results
CAN_MTL,RC-T,RC-T,EEM_J_ENV_HVAC_DHW,1,1,1,0,simulated,91.443,2.7151,6.63,11.2022,5.7679,57.1062,6.9688,85.1618,tier3,257.75,01-14 h03,-27.2,257.75,01-14 h03,-27.2,0,1054,0_BEM_Setup/SimResults_neighbourhoods/option_9_qc1983nu_20260804_v1\CAN_MTL\RC-T\RC-T_EEM_J_ENV_HVAC_DHW_20260804_103602\results
CAN_MTL,RC-T,RC-T,EEM_J_ENV_HVAC_DHW_EEM4,1,1,1,1,simulated,66.1047,4.2794,4.7783,11.2209,3.1723,34.7672,6.8337,85.1618,tier3,248.56,01-14 h03,-27.2,248.56,01-14 h03,-27.2,0,1051,0_BEM_Setup/SimResults_neighbourhoods/option_9_qc1983nu_20260804_v1\CAN_MTL\RC-T\RC-T_EEM_J_ENV_HVAC_DHW_EEM4_20260804_103712\results
CAN_MTL,RC-T,RC-T,EEM_J_ENV_HVAC_EEM4,1,1,0,1,simulated,80.9058,4.2637,4.7666,26.0981,3.1723,34.7672,6.785,85.1618,tier3,184.58,01-13 h22,-25.1,184.58,01-13 h22,-25.1,0,919,0_BEM_Setup/SimResults_neighbourhoods/option_9_qc1983nu_20260804_v1\CAN_MTL\RC-T\RC-T_EEM_J_ENV_HVAC_EEM4_20260804_103657\results
CAN_MTL,RC-T,RC-T,EEM_J_HVAC_DHW,0,1,1,0,simulated,97.1079,7.7919,5.8912,11.8983,5.7679,57.1062,7.5996,85.1618,tier3,366.8,01-13 h21,-24.0,366.8,01-13 h21,-24.0,0,939,0_BEM_Setup/SimResults_neighbourhoods/option_9_qc1983nu_20260804_v1\CAN_MTL\RC-T\RC-T_EEM_J_HVAC_DHW_20260804_103600\results
CAN_MTL,RC-T,RC-T,EEM_J_HVAC_DHW_EEM4,0,1,1,1,simulated,72.0071,9.251,4.3511,11.9258,3.1723,34.7672,7.4868,85.1618,tier3,362.29,01-14 h03,-27.2,362.29,01-14 h03,-27.2,0,919,0_BEM_Setup/SimResults_neighbourhoods/option_9_qc1983nu_20260804_v1\CAN_MTL\RC-T\RC-T_EEM_J_HVAC_DHW_EEM4_20260804_103709\results
CAN_MTL,RC-T,RC-T,EEM_J_HVAC_ONLY,0,1,0,0,simulated,112.6342,7.7953,5.8708,27.4903,5.7679,57.1062,7.5508,85.1618,tier3,335.64,01-13 h21,-24.0,335.64,01-13 h21,-24.0,0,823,0_BEM_Setup/SimResults_neighbourhoods/option_9_qc1983nu_20260804_v1\CAN_MTL\RC-T\RC-T_EEM_J_HVAC_ONLY_20260804_103459\results
CAN_MTL,RC-T,RC-T,EEM_J_HVAC_ONLY_EEM4,0,1,0,1,simulated,87.549,9.2574,4.332,27.5277,3.1723,34.7672,7.4396,85.1618,tier3,328.37,01-13 h20,-22.6,328.37,01-13 h20,-22.6,0,807,0_BEM_Setup/SimResults_neighbourhoods/option_9_qc1983nu_20260804_v1\CAN_MTL\RC-T\RC-T_EEM_J_HVAC_ONLY_EEM4_20260804_103640\results
CAN_MTL,RS-I1,RS-I1,EEM_J_DEFAULT,0,0,0,0,simulated,167.9532,53.2399,9.1387,40.0689,8.2485,42.9957,9.4708,3.5294,native,325.23,07-04 h18,27.1,261.06,12-25 h07,2.1,4,1156,0_BEM_Setup/SimResults_neighbourhoods/option_9_qc1983nu_20260805_nonrc\CAN_MTL\RS-I1\RS-I1_EEM_J_DEFAULT_20260805_103504\results
CAN_MTL,RS-I1,RS-I1,EEM_J_DHW_ONLY,0,0,1,0,simulated,144.0474,56.6565,8.5777,13.2884,8.3218,42.9957,9.4003,109.7814,tier3,293.64,07-17 h19,25.3,226.84,01-04 h19,-9.6,7,1888,0_BEM_Setup/SimResults_neighbourhoods/option_9_qc1983nu_20260805_nonrc\CAN_MTL\RS-I1\RS-I1_EEM_J_DHW_ONLY_20260805_103504\results
CAN_MTL,RS-I1,RS-I1,EEM_J_DHW_ONLY_EEM4,0,0,1,1,skipped_eem4_multifamily_gate,,,,,,,,,,,,,,,,,,
CAN_MTL,RS-I1,RS-I1,EEM_J_EEM4_ONLY,0,0,0,1,skipped_eem4_multifamily_gate,,,,,,,,,,,,,,,,,,
CAN_MTL,RS-I1,RS-I1,EEM_J_ENVELOPE,1,0,0,0,simulated,148.4387,33.7498,9.5681,39.9504,8.2153,42.9957,9.1121,109.7814,tier3,289.22,06-12 h18,29.5,259.55,12-25 h19,0.9,3,1152,0_BEM_Setup/SimResults_neighbourhoods/option_9_qc1983nu_20260805_nonrc\CAN_MTL\RS-I1\RS-I1_EEM_J_ENVELOPE_20260805_103504\results
CAN_MTL,RS-I1,RS-I1,EEM_J_ENVELOPE_EEM4,1,0,0,1,simulated,134.3984,37.4391,7.3536,39.9751,3.6005,32.7712,8.0054,109.7814,tier3,244.67,07-17 h11,30.3,215.93,12-25 h19,0.9,18,1493,0_BEM_Setup/SimResults_neighbourhoods/option_9_qc1983nu_20260805_nonrc\CAN_MTL\RS-I1\RS-I1_EEM_J_ENVELOPE_EEM4_20260805_103517\results
CAN_MTL,RS-I1,RS-I1,EEM_J_ENV_DHW,1,0,1,0,simulated,124.1397,36.3529,9.4161,13.1585,8.2153,42.9957,9.1539,109.7814,tier3,277.84,07-17 h12,30.6,239.29,12-25 h19,0.9,139,1883,0_BEM_Setup/SimResults_neighbourhoods/option_9_qc1983nu_20260805_nonrc\CAN_MTL\RS-I1\RS-I1_EEM_J_ENV_DHW_20260805_103504\results
CAN_MTL,RS-I1,RS-I1,EEM_J_ENV_DHW_EEM4,1,0,1,1,simulated,110.1377,40.041,7.2142,13.2157,3.6005,32.7712,8.0414,109.7814,tier3,236.67,07-17 h13,31.6,191.06,12-25 h19,0.9,21,2231,0_BEM_Setup/SimResults_neighbourhoods/option_9_qc1983nu_20260805_nonrc\CAN_MTL\RS-I1\RS-I1_EEM_J_ENV_DHW_EEM4_20260805_103600\results
CAN_MTL,RS-I1,RS-I1,EEM_J_ENV_HVAC,1,1,0,0,simulated,124.5993,8.4847,10.4224,39.9944,8.2153,42.9957,9.7211,109.7814,tier3,362.63,01-03 h19,-2.0,362.63,01-03 h19,-2.0,4,1263,0_BEM_Setup/SimResults_neighbourhoods/option_9_qc1983nu_20260805_nonrc\CAN_MTL\RS-I1\RS-I1_EEM_J_ENV_HVAC_20260805_103504\results
CAN_MTL,RS-I1,RS-I1,EEM_J_ENV_HVAC_DHW,1,1,1,0,simulated,100.2081,10.989,10.2415,13.2219,8.2153,42.9957,9.7783,109.7814,tier3,364.61,01-03 h20,-3.5,364.61,01-03 h20,-3.5,227,1999,0_BEM_Setup/SimResults_neighbourhoods/option_9_qc1983nu_20260805_nonrc\CAN_MTL\RS-I1\RS-I1_EEM_J_ENV_HVAC_DHW_20260805_103504\results
CAN_MTL,RS-I1,RS-I1,EEM_J_ENV_HVAC_DHW_EEM4,1,1,1,1,simulated,83.1927,11.8106,7.7411,13.2476,3.6005,32.7712,8.8512,109.7814,tier3,284.71,01-03 h20,-3.5,284.71,01-03 h20,-3.5,29,2335,0_BEM_Setup/SimResults_neighbourhoods/option_9_qc1983nu_20260805_nonrc\CAN_MTL\RS-I1\RS-I1_EEM_J_ENV_HVAC_DHW_EEM4_20260805_103605\results
CAN_MTL,RS-I1,RS-I1,EEM_J_ENV_HVAC_EEM4,1,1,0,1,simulated,107.571,9.3011,7.9195,40.017,3.6005,32.7712,8.7914,109.7814,tier3,289.39,01-03 h10,-10.8,289.39,01-03 h10,-10.8,3,1600,0_BEM_Setup/SimResults_neighbourhoods/option_9_qc1983nu_20260805_nonrc\CAN_MTL\RS-I1\RS-I1_EEM_J_ENV_HVAC_EEM4_20260805_103559\results
CAN_MTL,RS-I1,RS-I1,EEM_J_HVAC_DHW,0,1,1,0,simulated,103.8249,14.7213,9.2657,13.2965,8.3218,42.9957,10.5049,109.7814,tier3,377.45,01-13 h21,-24.0,377.45,01-13 h21,-24.0,8,1991,0_BEM_Setup/SimResults_neighbourhoods/option_9_qc1983nu_20260805_nonrc\CAN_MTL\RS-I1\RS-I1_EEM_J_HVAC_DHW_20260805_103504\results
CAN_MTL,RS-I1,RS-I1,EEM_J_HVAC_DHW_EEM4,0,1,1,1,skipped_eem4_multifamily_gate,,,,,,,,,,,,,,,,,,
CAN_MTL,RS-I1,RS-I1,EEM_J_HVAC_ONLY,0,1,0,0,simulated,128.1967,12.193,9.4166,40.1171,8.3218,42.9957,10.4341,109.7814,tier3,377.36,01-03 h20,-3.5,377.36,01-03 h20,-3.5,3,1266,0_BEM_Setup/SimResults_neighbourhoods/option_9_qc1983nu_20260805_nonrc\CAN_MTL\RS-I1\RS-I1_EEM_J_HVAC_ONLY_20260805_103504\results
CAN_MTL,RS-I1,RS-I1,EEM_J_HVAC_ONLY_EEM4,0,1,0,1,skipped_eem4_multifamily_gate,,,,,,,,,,,,,,,,,,
CAN_MTL,RS-I2,RS-I2,EEM_J_DEFAULT,0,0,0,0,simulated,145.8824,55.6538,8.3367,31.1049,9.3743,29.4527,8.634,6.1784,native,697.86,07-17 h11,30.3,563.71,01-02 h19,-16.7,5,7165,0_BEM_Setup/SimResults_neighbourhoods/option_9_qc1983nu_20260805_nonrc\CAN_MTL\RS-I2\RS-I2_EEM_J_DEFAULT_20260805_104002\results
CAN_MTL,RS-I2,RS-I2,EEM_J_DHW_ONLY,0,0,1,0,simulated,127.5106,58.7366,7.3389,10.7958,9.4657,29.4527,8.3915,84.3939,tier3,631.7,07-17 h14,32.5,549.05,01-02 h19,-16.7,6,8950,0_BEM_Setup/SimResults_neighbourhoods/option_9_qc1983nu_20260805_nonrc\CAN_MTL\RS-I2\RS-I2_EEM_J_DHW_ONLY_20260805_104036\results
CAN_MTL,RS-I2,RS-I2,EEM_J_DHW_ONLY_EEM4,0,0,1,1,skipped_eem4_multifamily_gate,,,,,,,,,,,,,,,,,,
CAN_MTL,RS-I2,RS-I2,EEM_J_EEM4_ONLY,0,0,0,1,skipped_eem4_multifamily_gate,,,,,,,,,,,,,,,,,,
CAN_MTL,RS-I2,RS-I2,EEM_J_ENVELOPE,1,0,0,0,simulated,129.2665,41.1574,7.4678,31.0846,9.327,29.4527,7.4491,84.3939,tier3,612.31,07-17 h14,32.5,495.59,01-02 h19,-16.7,8,7172,0_BEM_Setup/SimResults_neighbourhoods/option_9_qc1983nu_20260805_nonrc\CAN_MTL\RS-I2\RS-I2_EEM_J_ENVELOPE_20260805_104029\results
CAN_MTL,RS-I2,RS-I2,EEM_J_ENVELOPE_EEM4,1,0,0,1,simulated,113.417,42.4972,5.8029,31.1001,4.004,20.3824,6.3062,84.3939,tier3,459.95,07-19 h12,31.8,369.64,01-02 h19,-16.7,12,8272,0_BEM_Setup/SimResults_neighbourhoods/option_9_qc1983nu_20260805_nonrc\CAN_MTL\RS-I2\RS-I2_EEM_J_ENVELOPE_EEM4_20260805_104158\results
CAN_MTL,RS-I2,RS-I2,EEM_J_ENV_DHW,1,0,1,0,simulated,110.6856,43.0015,7.3517,10.7647,9.327,29.4527,7.4602,84.3939,tier3,589.61,07-17 h14,32.5,491.29,01-02 h19,-16.7,10,8965,0_BEM_Setup/SimResults_neighbourhoods/option_9_qc1983nu_20260805_nonrc\CAN_MTL\RS-I2\RS-I2_EEM_J_ENV_DHW_20260805_104110\results
CAN_MTL,RS-I2,RS-I2,EEM_J_ENV_DHW_EEM4,1,0,1,1,simulated,94.9177,44.3976,5.7088,10.7676,4.004,20.3824,6.3331,84.3939,tier3,432.75,07-19 h14,32.7,378.4,01-06 h19,-6.5,9,10076,0_BEM_Setup/SimResults_neighbourhoods/option_9_qc1983nu_20260805_nonrc\CAN_MTL\RS-I2\RS-I2_EEM_J_ENV_DHW_EEM4_20260805_104210\results
CAN_MTL,RS-I2,RS-I2,EEM_J_ENV_HVAC,1,1,0,0,simulated,101.2764,12.031,8.0004,31.117,9.327,29.4527,8.0605,84.3939,tier3,751.84,01-02 h19,-16.7,751.84,01-02 h19,-16.7,11,7581,0_BEM_Setup/SimResults_neighbourhoods/option_9_qc1983nu_20260805_nonrc\CAN_MTL\RS-I2\RS-I2_EEM_J_ENV_HVAC_20260805_104051\results
CAN_MTL,RS-I2,RS-I2,EEM_J_ENV_HVAC_DHW,1,1,1,0,simulated,82.5348,13.7557,7.8601,10.7703,9.327,29.4527,8.0813,84.3939,tier3,734.61,01-02 h19,-16.7,734.61,01-02 h19,-16.7,12,9369,0_BEM_Setup/SimResults_neighbourhoods/option_9_qc1983nu_20260805_nonrc\CAN_MTL\RS-I2\RS-I2_EEM_J_ENV_HVAC_DHW_20260805_104155\results
CAN_MTL,RS-I2,RS-I2,EEM_J_ENV_HVAC_DHW_EEM4,1,1,1,1,simulated,65.4062,13.8593,6.0268,10.7845,4.004,20.3824,7.0672,84.3939,tier3,580.35,01-03 h12,-8.8,580.35,01-03 h12,-8.8,15,10479,0_BEM_Setup/SimResults_neighbourhoods/option_9_qc1983nu_20260805_nonrc\CAN_MTL\RS-I2\RS-I2_EEM_J_ENV_HVAC_DHW_EEM4_20260805_104224\results
CAN_MTL,RS-I2,RS-I2,EEM_J_ENV_HVAC_EEM4,1,1,0,1,simulated,84.0748,12.0801,6.152,31.1448,4.004,20.3824,7.0295,84.3939,tier3,582.08,01-04 h19,-9.6,582.08,01-04 h19,-9.6,15,8686,0_BEM_Setup/SimResults_neighbourhoods/option_9_qc1983nu_20260805_nonrc\CAN_MTL\RS-I2\RS-I2_EEM_J_ENV_HVAC_EEM4_20260805_104203\results
CAN_MTL,RS-I2,RS-I2,EEM_J_HVAC_DHW,0,1,1,0,simulated,88.759,18.4488,7.8144,10.7922,9.4657,29.4527,9.4965,84.3939,tier3,901.74,01-02 h19,-16.7,901.74,01-02 h19,-16.7,7,9365,0_BEM_Setup/SimResults_neighbourhoods/option_9_qc1983nu_20260805_nonrc\CAN_MTL\RS-I2\RS-I2_EEM_J_HVAC_DHW_20260805_104145\results
CAN_MTL,RS-I2,RS-I2,EEM_J_HVAC_DHW_EEM4,0,1,1,1,skipped_eem4_multifamily_gate,,,,,,,,,,,,,,,,,,
CAN_MTL,RS-I2,RS-I2,EEM_J_HVAC_ONLY,0,1,0,0,simulated,107.4527,16.7466,7.9137,31.1388,9.4657,29.4527,9.4466,84.3939,tier3,905.69,01-02 h19,-16.7,905.69,01-02 h19,-16.7,5,7563,0_BEM_Setup/SimResults_neighbourhoods/option_9_qc1983nu_20260805_nonrc\CAN_MTL\RS-I2\RS-I2_EEM_J_HVAC_ONLY_20260805_104031\results
CAN_MTL,RS-I2,RS-I2,EEM_J_HVAC_ONLY_EEM4,0,1,0,1,skipped_eem4_multifamily_gate,,,,,,,,,,,,,,,,,,
CAN_MTL,RS-I3,RS-I3,EEM_J_DEFAULT,0,0,0,0,simulated,178.112,60.5805,9.3506,23.6627,10.2521,57.3324,11.891,6.1074,native,207.17,07-17 h14,32.5,133.33,01-02 h19,-16.7,21,785,0_BEM_Setup/SimResults_neighbourhoods/option_9_qc1983nu_20260805_nonrc\CAN_MTL\RS-I3\RS-I3_EEM_J_DEFAULT_20260805_104230\results
CAN_MTL,RS-I3,RS-I3,EEM_J_DHW_ONLY,0,0,1,0,simulated,164.394,63.6871,9.0349,7.0094,10.3623,57.3324,11.9013,137.6056,tier3,206.7,07-17 h14,32.5,150.84,01-13 h21,-24.0,26,894,0_BEM_Setup/SimResults_neighbourhoods/option_9_qc1983nu_20260805_nonrc\CAN_MTL\RS-I3\RS-I3_EEM_J_DHW_ONLY_20260805_104307\results
CAN_MTL,RS-I3,RS-I3,EEM_J_DHW_ONLY_EEM4,0,0,1,1,simulated,149.4974,73.0853,7.4146,7.0719,4.7893,41.5978,10.416,137.6056,tier3,179.65,07-17 h14,32.5,122.09,01-13 h21,-24.0,21,927,0_BEM_Setup/SimResults_neighbourhoods/option_9_qc1983nu_20260805_nonrc\CAN_MTL\RS-I3\RS-I3_EEM_J_DHW_ONLY_EEM4_20260805_104448\results
CAN_MTL,RS-I3,RS-I3,EEM_J_EEM4_ONLY,0,0,0,1,simulated,164.2017,71.2652,7.372,23.7025,4.7893,41.5978,10.3442,137.6056,tier3,172.84,07-17 h14,32.5,109.28,01-02 h19,-16.7,16,810,0_BEM_Setup/SimResults_neighbourhoods/option_9_qc1983nu_20260805_nonrc\CAN_MTL\RS-I3\RS-I3_EEM_J_EEM4_ONLY_20260805_104426\results
CAN_MTL,RS-I3,RS-I3,EEM_J_ENVELOPE,1,0,0,0,simulated,145.7967,32.7695,8.2702,23.3786,10.199,57.3324,8.5967,137.6056,tier3,182.98,07-17 h14,32.5,114.53,01-02 h19,-16.7,18,770,0_BEM_Setup/SimResults_neighbourhoods/option_9_qc1983nu_20260805_nonrc\CAN_MTL\RS-I3\RS-I3_EEM_J_ENVELOPE_20260805_104244\results
CAN_MTL,RS-I3,RS-I3,EEM_J_ENVELOPE_EEM4,1,0,0,1,simulated,129.2713,39.3308,6.4661,23.4223,4.701,41.5978,8.314,137.6056,tier3,150.04,07-17 h14,32.5,93.38,01-02 h19,-16.7,11,793,0_BEM_Setup/SimResults_neighbourhoods/option_9_qc1983nu_20260805_nonrc\CAN_MTL\RS-I3\RS-I3_EEM_J_ENVELOPE_EEM4_20260805_104427\results
CAN_MTL,RS-I3,RS-I3,EEM_J_ENV_DHW,1,0,1,0,simulated,131.1243,34.5513,8.2787,6.8555,10.199,57.3324,8.6572,137.6056,tier3,192.35,07-17 h14,32.5,133.28,01-02 h21,-16.0,27,889,0_BEM_Setup/SimResults_neighbourhoods/option_9_qc1983nu_20260805_nonrc\CAN_MTL\RS-I3\RS-I3_EEM_J_ENV_DHW_20260805_104334\results
CAN_MTL,RS-I3,RS-I3,EEM_J_ENV_DHW_EEM4,1,0,1,1,simulated,114.6458,41.1247,6.4825,6.9247,4.701,41.5978,8.3763,137.6056,tier3,159.0,07-17 h14,32.5,106.6,01-02 h21,-16.0,10,913,0_BEM_Setup/SimResults_neighbourhoods/option_9_qc1983nu_20260805_nonrc\CAN_MTL\RS-I3\RS-I3_EEM_J_ENV_DHW_EEM4_20260805_104500\results
CAN_MTL,RS-I3,RS-I3,EEM_J_ENV_HVAC,1,1,0,0,simulated,122.7425,9.0716,7.7524,23.4059,10.199,57.3324,9.8071,137.6056,tier3,182.66,07-17 h14,32.5,176.31,01-02 h10,-20.9,21,831,0_BEM_Setup/SimResults_neighbourhoods/option_9_qc1983nu_20260805_nonrc\CAN_MTL\RS-I3\RS-I3_EEM_J_ENV_HVAC_20260805_104331\results
CAN_MTL,RS-I3,RS-I3,EEM_J_ENV_HVAC_DHW,1,1,1,0,simulated,108.0835,10.8748,7.7638,6.8736,10.199,57.3324,9.8653,137.6056,tier3,192.18,07-17 h14,32.5,186.12,01-02 h10,-20.9,18,940,0_BEM_Setup/SimResults_neighbourhoods/option_9_qc1983nu_20260805_nonrc\CAN_MTL\RS-I3\RS-I3_EEM_J_ENV_HVAC_DHW_20260805_104349\results
CAN_MTL,RS-I3,RS-I3,EEM_J_ENV_HVAC_DHW_EEM4,1,1,1,1,simulated,86.6372,12.4204,6.0417,6.9128,4.701,41.5978,9.6033,137.6056,tier3,192.18,01-13 h21,-24.0,192.18,01-13 h21,-24.0,13,949,0_BEM_Setup/SimResults_neighbourhoods/option_9_qc1983nu_20260805_nonrc\CAN_MTL\RS-I3\RS-I3_EEM_J_ENV_HVAC_DHW_EEM4_20260805_104525\results
CAN_MTL,RS-I3,RS-I3,EEM_J_ENV_HVAC_EEM4,1,1,0,1,simulated,101.3172,10.6401,6.0257,23.4502,4.701,41.5978,9.543,137.6056,tier3,173.74,01-13 h21,-24.0,173.74,01-13 h21,-24.0,13,844,0_BEM_Setup/SimResults_neighbourhoods/option_9_qc1983nu_20260805_nonrc\CAN_MTL\RS-I3\RS-I3_EEM_J_ENV_HVAC_EEM4_20260805_104455\results
CAN_MTL,RS-I3,RS-I3,EEM_J_HVAC_DHW,0,1,1,0,simulated,119.8809,17.4784,8.515,7.0123,10.3623,57.3324,14.1965,137.6056,tier3,214.93,01-02 h12,-19.3,214.93,01-02 h12,-19.3,9,936,0_BEM_Setup/SimResults_neighbourhoods/option_9_qc1983nu_20260805_nonrc\CAN_MTL\RS-I3\RS-I3_EEM_J_HVAC_DHW_20260805_104338\results
CAN_MTL,RS-I3,RS-I3,EEM_J_HVAC_DHW_EEM4,0,1,1,1,simulated,97.574,19.1485,6.9798,7.0623,4.7893,41.5978,12.9605,137.6056,tier3,204.37,01-02 h08,-23.1,204.37,01-02 h08,-23.1,7,954,0_BEM_Setup/SimResults_neighbourhoods/option_9_qc1983nu_20260805_nonrc\CAN_MTL\RS-I3\RS-I3_EEM_J_HVAC_DHW_EEM4_20260805_104511\results
CAN_MTL,RS-I3,RS-I3,EEM_J_HVAC_ONLY,0,1,0,0,simulated,134.6845,15.6997,8.4905,23.6941,10.3623,57.3324,14.1212,137.6056,tier3,200.62,01-02 h16,-17.0,200.62,01-02 h16,-17.0,9,842,0_BEM_Setup/SimResults_neighbourhoods/option_9_qc1983nu_20260805_nonrc\CAN_MTL\RS-I3\RS-I3_EEM_J_HVAC_ONLY_20260805_104252\results
CAN_MTL,RS-I3,RS-I3,EEM_J_HVAC_ONLY_EEM4,0,1,0,1,simulated,112.3518,17.3616,6.9359,23.7289,4.7893,41.5978,12.8945,137.6056,tier3,202.28,01-02 h08,-23.1,202.28,01-02 h08,-23.1,8,852,0_BEM_Setup/SimResults_neighbourhoods/option_9_qc1983nu_20260805_nonrc\CAN_MTL\RS-I3\RS-I3_EEM_J_HVAC_ONLY_EEM4_20260805_104427\results
CAN_MTL,RS-I4,RS-I4,EEM_J_DEFAULT,0,0,0,0,simulated,137.9561,49.2159,9.0577,32.3759,8.984,25.4283,9.8259,6.1313,native,585.8,09-04 h06,18.2,460.52,12-25 h07,2.1,3,6338,0_BEM_Setup/SimResults_neighbourhoods/option_9_qc1983nu_20260805_nonrc\CAN_MTL\RS-I4\RS-I4_EEM_J_DEFAULT_20260805_104533\results
CAN_MTL,RS-I4,RS-I4,EEM_J_DHW_ONLY,0,0,1,0,simulated,119.0059,51.6388,8.0128,12.2674,9.0945,25.4283,9.4924,91.2526,tier3,477.39,07-17 h15,31.1,361.35,01-03 h11,-10.5,13,8059,0_BEM_Setup/SimResults_neighbourhoods/option_9_qc1983nu_20260805_nonrc\CAN_MTL\RS-I4\RS-I4_EEM_J_DHW_ONLY_20260805_104554\results
CAN_MTL,RS-I4,RS-I4,EEM_J_DHW_ONLY_EEM4,0,0,1,1,skipped_eem4_multifamily_gate,,,,,,,,,,,,,,,,,,
CAN_MTL,RS-I4,RS-I4,EEM_J_EEM4_ONLY,0,0,0,1,skipped_eem4_multifamily_gate,,,,,,,,,,,,,,,,,,
CAN_MTL,RS-I4,RS-I4,EEM_J_ENVELOPE,1,0,0,0,simulated,120.9116,34.898,8.1715,32.3505,8.9359,25.4283,8.0563,91.2526,tier3,463.8,07-17 h15,31.1,376.42,12-25 h07,2.1,4,6353,0_BEM_Setup/SimResults_neighbourhoods/option_9_qc1983nu_20260805_nonrc\CAN_MTL\RS-I4\RS-I4_EEM_J_ENVELOPE_20260805_104543\results
CAN_MTL,RS-I4,RS-I4,EEM_J_ENVELOPE_EEM4,1,0,0,1,simulated,107.3636,37.8833,6.3071,32.3632,3.7148,17.2846,6.7439,91.2526,tier3,377.69,07-19 h10,29.6,312.21,01-02 h07,-23.5,3,7420,0_BEM_Setup/SimResults_neighbourhoods/option_9_qc1983nu_20260805_nonrc\CAN_MTL\RS-I4\RS-I4_EEM_J_ENVELOPE_EEM4_20260805_104640\results
CAN_MTL,RS-I4,RS-I4,EEM_J_ENV_DHW,1,0,1,0,simulated,101.795,36.064,8.0127,12.215,8.9359,25.4283,8.0683,91.2526,tier3,432.66,07-17 h11,30.3,340.32,01-04 h19,-9.6,19,8057,0_BEM_Setup/SimResults_neighbourhoods/option_9_qc1983nu_20260805_nonrc\CAN_MTL\RS-I4\RS-I4_EEM_J_ENV_DHW_20260805_104620\results
CAN_MTL,RS-I4,RS-I4,EEM_J_ENV_DHW_EEM4,1,0,1,1,simulated,88.4167,39.1709,6.1812,12.2346,3.7148,17.2846,6.764,91.2526,tier3,349.79,07-17 h13,31.6,263.19,01-02 h09,-22.2,21,9152,0_BEM_Setup/SimResults_neighbourhoods/option_9_qc1983nu_20260805_nonrc\CAN_MTL\RS-I4\RS-I4_EEM_J_ENV_DHW_EEM4_20260805_104652\results
CAN_MTL,RS-I4,RS-I4,EEM_J_ENV_HVAC,1,1,0,0,simulated,96.2876,8.9252,8.991,32.3731,8.9359,25.4283,8.5888,91.2526,tier3,587.74,01-03 h10,-10.8,587.74,01-03 h10,-10.8,2,6760,0_BEM_Setup/SimResults_neighbourhoods/option_9_qc1983nu_20260805_nonrc\CAN_MTL\RS-I4\RS-I4_EEM_J_ENV_HVAC_20260805_104600\results
CAN_MTL,RS-I4,RS-I4,EEM_J_ENV_HVAC_DHW,1,1,1,0,simulated,77.023,9.9676,8.7983,12.2325,8.9359,25.4283,8.6152,91.2526,tier3,579.32,01-03 h11,-10.5,579.32,01-03 h11,-10.5,17,8462,0_BEM_Setup/SimResults_neighbourhoods/option_9_qc1983nu_20260805_nonrc\CAN_MTL\RS-I4\RS-I4_EEM_J_ENV_HVAC_DHW_20260805_104631\results
CAN_MTL,RS-I4,RS-I4,EEM_J_ENV_HVAC_DHW_EEM4,1,1,1,1,simulated,61.2786,10.7828,6.7085,12.2585,3.7148,17.2846,7.4903,91.2526,tier3,453.75,01-03 h11,-10.5,453.75,01-03 h11,-10.5,24,9558,0_BEM_Setup/SimResults_neighbourhoods/option_9_qc1983nu_20260805_nonrc\CAN_MTL\RS-I4\RS-I4_EEM_J_ENV_HVAC_DHW_EEM4_20260805_104653\results
CAN_MTL,RS-I4,RS-I4,EEM_J_ENV_HVAC_EEM4,1,1,0,1,simulated,80.4478,9.6874,6.8731,32.3972,3.7148,17.2846,7.4515,91.2526,tier3,467.34,01-03 h20,-3.5,467.34,01-03 h20,-3.5,1,7830,0_BEM_Setup/SimResults_neighbourhoods/option_9_qc1983nu_20260805_nonrc\CAN_MTL\RS-I4\RS-I4_EEM_J_ENV_HVAC_EEM4_20260805_104651\results
CAN_MTL,RS-I4,RS-I4,EEM_J_HVAC_DHW,0,1,1,0,simulated,83.1319,13.8286,8.7575,12.2734,9.0945,25.4283,10.7027,91.2526,tier3,647.97,01-03 h10,-10.8,647.97,01-03 h10,-10.8,18,8470,0_BEM_Setup/SimResults_neighbourhoods/option_9_qc1983nu_20260805_nonrc\CAN_MTL\RS-I4\RS-I4_EEM_J_HVAC_DHW_20260805_104621\results
CAN_MTL,RS-I4,RS-I4,EEM_J_HVAC_DHW_EEM4,0,1,1,1,skipped_eem4_multifamily_gate,,,,,,,,,,,,,,,,,,
CAN_MTL,RS-I4,RS-I4,EEM_J_HVAC_ONLY,0,1,0,0,simulated,102.2854,12.7452,8.9104,32.3999,9.0945,25.4283,10.6602,91.2526,tier3,658.26,01-03 h10,-10.8,658.26,01-03 h10,-10.8,2,6732,0_BEM_Setup/SimResults_neighbourhoods/option_9_qc1983nu_20260805_nonrc\CAN_MTL\RS-I4\RS-I4_EEM_J_HVAC_ONLY_20260805_104544\results
CAN_MTL,RS-I4,RS-I4,EEM_J_HVAC_ONLY_EEM4,0,1,0,1,skipped_eem4_multifamily_gate,,,,,,,,,,,,,,,,,,
CAN_MTL,RS-S,RS-S,EEM_J_DEFAULT,0,0,0,0,simulated,198.5148,57.9106,9.0841,36.6017,7.8182,73.2828,9.2523,0.0,native,175.81,07-04 h18,27.1,122.93,01-03 h19,-2.0,8,1257,0_BEM_Setup/SimResults_neighbourhoods/option_9_qc1983nu_20260805_nonrc\CAN_MTL\RS-S\RS-S_EEM_J_DEFAULT_20260805_103610\results
CAN_MTL,RS-S,RS-S,EEM_J_DHW_ONLY,0,0,1,0,simulated,176.0355,62.2942,8.7443,9.9391,7.8185,73.2828,9.3903,97.4494,tier3,176.0,07-14 h18,30.1,150.48,02-21 h20,-6.7,2,1507,0_BEM_Setup/SimResults_neighbourhoods/option_9_qc1983nu_20260805_nonrc\CAN_MTL\RS-S\RS-S_EEM_J_DHW_ONLY_20260805_103619\results
CAN_MTL,RS-S,RS-S,EEM_J_DHW_ONLY_EEM4,0,0,1,1,simulated,157.659,68.0812,6.9401,9.945,3.9703,55.0961,9.0624,97.4494,tier3,154.75,07-04 h18,27.1,135.41,02-01 h19,-10.9,7,1520,0_BEM_Setup/SimResults_neighbourhoods/option_9_qc1983nu_20260805_nonrc\CAN_MTL\RS-S\RS-S_EEM_J_DHW_ONLY_EEM4_20260805_103835\results
CAN_MTL,RS-S,RS-S,EEM_J_EEM4_ONLY,0,0,0,1,simulated,179.7163,63.5892,6.9258,36.6368,3.9703,55.0961,8.9345,97.4494,tier3,142.14,07-04 h18,27.1,106.85,01-03 h19,-2.0,5,1252,0_BEM_Setup/SimResults_neighbourhoods/option_9_qc1983nu_20260805_nonrc\CAN_MTL\RS-S\RS-S_EEM_J_EEM4_ONLY_20260805_103807\results
CAN_MTL,RS-S,RS-S,EEM_J_ENVELOPE,1,0,0,0,simulated,183.0262,43.2653,9.0648,36.2223,7.8072,73.2828,8.8157,97.4494,tier3,153.45,07-04 h18,27.1,118.13,01-16 h21,1.8,10,1205,0_BEM_Setup/SimResults_neighbourhoods/option_9_qc1983nu_20260805_nonrc\CAN_MTL\RS-S\RS-S_EEM_J_ENVELOPE_20260805_103613\results
CAN_MTL,RS-S,RS-S,EEM_J_ENVELOPE_EEM4,1,0,0,1,simulated,163.6132,48.2631,7.0907,36.2728,3.9643,55.0961,8.3604,97.4494,tier3,135.24,07-04 h18,27.1,102.48,12-25 h19,0.9,10,1215,0_BEM_Setup/SimResults_neighbourhoods/option_9_qc1983nu_20260805_nonrc\CAN_MTL\RS-S\RS-S_EEM_J_ENVELOPE_EEM4_20260805_103834\results
CAN_MTL,RS-S,RS-S,EEM_J_ENV_DHW,1,0,1,0,simulated,161.0055,47.5156,9.0779,9.7787,7.8072,73.2828,8.9746,97.4494,tier3,172.41,07-14 h18,30.1,139.31,01-17 h19,1.1,15,1483,0_BEM_Setup/SimResults_neighbourhoods/option_9_qc1983nu_20260805_nonrc\CAN_MTL\RS-S\RS-S_EEM_J_ENV_DHW_20260805_103742\results
CAN_MTL,RS-S,RS-S,EEM_J_ENV_DHW_EEM4,1,0,1,1,simulated,141.7448,52.7696,7.1032,9.7584,3.9643,55.0961,8.4872,97.4494,tier3,149.26,07-04 h18,27.1,124.28,02-01 h19,-10.9,10,1498,0_BEM_Setup/SimResults_neighbourhoods/option_9_qc1983nu_20260805_nonrc\CAN_MTL\RS-S\RS-S_EEM_J_ENV_DHW_EEM4_20260805_103938\results
CAN_MTL,RS-S,RS-S,EEM_J_ENV_HVAC,1,1,0,0,simulated,153.6991,13.6216,8.3476,36.2714,7.8072,73.2828,9.9203,97.4494,tier3,152.4,01-13 h19,-21.8,152.4,01-13 h19,-21.8,10,1290,0_BEM_Setup/SimResults_neighbourhoods/option_9_qc1983nu_20260805_nonrc\CAN_MTL\RS-S\RS-S_EEM_J_ENV_HVAC_20260805_103631\results
CAN_MTL,RS-S,RS-S,EEM_J_ENV_HVAC_DHW,1,1,1,0,simulated,131.6507,17.9064,8.3625,9.7593,7.8072,73.2828,10.0834,97.4494,tier3,189.43,01-14 h03,-27.2,189.43,01-14 h03,-27.2,14,1564,0_BEM_Setup/SimResults_neighbourhoods/option_9_qc1983nu_20260805_nonrc\CAN_MTL\RS-S\RS-S_EEM_J_ENV_HVAC_DHW_20260805_103755\results
CAN_MTL,RS-S,RS-S,EEM_J_ENV_HVAC_DHW_EEM4,1,1,1,1,simulated,109.2578,19.7567,6.4788,9.8206,3.9643,55.0961,9.6971,97.4494,tier3,191.36,01-14 h03,-27.2,191.36,01-14 h03,-27.2,31,1580,0_BEM_Setup/SimResults_neighbourhoods/option_9_qc1983nu_20260805_nonrc\CAN_MTL\RS-S\RS-S_EEM_J_ENV_HVAC_DHW_EEM4_20260805_103958\results
CAN_MTL,RS-S,RS-S,EEM_J_ENV_HVAC_EEM4,1,1,0,1,simulated,131.0934,15.2374,6.4661,36.3228,3.9643,55.0961,9.5635,97.4494,tier3,144.91,01-14 h08,-27.2,144.91,01-14 h08,-27.2,10,1301,0_BEM_Setup/SimResults_neighbourhoods/option_9_qc1983nu_20260805_nonrc\CAN_MTL\RS-S\RS-S_EEM_J_ENV_HVAC_EEM4_20260805_103845\results
CAN_MTL,RS-S,RS-S,EEM_J_HVAC_DHW,0,1,1,0,simulated,137.6698,23.5636,8.0236,9.9298,7.8185,73.2828,10.6086,97.4494,tier3,213.93,01-14 h03,-27.2,213.93,01-14 h03,-27.2,2,1574,0_BEM_Setup/SimResults_neighbourhoods/option_9_qc1983nu_20260805_nonrc\CAN_MTL\RS-S\RS-S_EEM_J_HVAC_DHW_20260805_103755\results
CAN_MTL,RS-S,RS-S,EEM_J_HVAC_DHW_EEM4,0,1,1,1,simulated,115.6396,25.4622,6.3217,9.9316,3.9703,55.0961,10.42,97.4494,tier3,214.06,01-14 h03,-27.2,214.06,01-14 h03,-27.2,5,1588,0_BEM_Setup/SimResults_neighbourhoods/option_9_qc1983nu_20260805_nonrc\CAN_MTL\RS-S\RS-S_EEM_J_HVAC_DHW_EEM4_20260805_103940\results
CAN_MTL,RS-S,RS-S,EEM_J_HVAC_ONLY,0,1,0,0,simulated,159.7108,19.0324,8.0072,36.6523,7.8185,73.2828,10.4756,97.4494,tier3,168.53,01-13 h19,-21.8,168.53,01-13 h19,-21.8,2,1305,0_BEM_Setup/SimResults_neighbourhoods/option_9_qc1983nu_20260805_nonrc\CAN_MTL\RS-S\RS-S_EEM_J_HVAC_ONLY_20260805_103615\results
CAN_MTL,RS-S,RS-S,EEM_J_HVAC_ONLY_EEM4,0,1,0,1,simulated,137.7171,20.9304,6.3071,36.6892,3.9703,55.0961,10.2872,97.4494,tier3,167.0,01-14 h08,-27.2,167.0,01-14 h08,-27.2,5,1316,0_BEM_Setup/SimResults_neighbourhoods/option_9_qc1983nu_20260805_nonrc\CAN_MTL\RS-S\RS-S_EEM_J_HVAC_ONLY_EEM4_20260805_103835\results
